DateTime,SPX_Position,SPX_Return,rf_daily
2007-01-04,1,0.001228286223606823,0.0001951422282697735
2007-01-05,1,-0.006084581335068506,0.0001955200691088343
2007-01-08,1,0.002220318341746408,0.0001966533767139289
2007-01-09,1,-0.00051667597633831,0.0001966533767139289
2007-01-10,1,0.001940351858424005,0.0001970310743006909
2007-01-11,1,0.006339874091180198,0.0001977863620929998
2007-01-12,1,0.004853165737492171,0.0001970310743006909
2007-01-16,1,0.000817795084526507,0.0001977863620929998
2007-01-17,1,-0.0008939376178849212,0.0001981639523118695
2007-01-18,1,-0.002970739969038294,0.0001981639523118695
2007-01-19,1,0.002895465339953995,0.000198919025429678
2007-01-22,1,-0.005277909002534109,0.0001985415067551344
2007-01-23,1,0.003541965097471733,0.000198919025429678
2007-01-24,1,0.00850147041047844,0.0001985415067551344
2007-01-25,1,-0.01126980231904184,0.000198919025429678
2007-01-26,1,-0.001207929400683816,0.0001985415067551344
2007-01-29,1,-0.001096948722968838,0.000198919025429678
2007-01-30,1,0.005772093311412041,0.0001985415067551344
2007-01-31,1,0.00659288384780643,0.0001981639523118695
2007-02-01,1,0.005353731800087358,0.0001985415067551344
2007-02-02,1,0.001694450213336696,0.000198919025429678
2007-02-05,1,-0.0009666073363553407,0.0001992965083419396
2007-02-06,1,0.0006980074309024253,0.000198919025429678
2007-02-07,1,0.001395041112741691,0.0001992965083419396
2007-02-08,1,-0.001179267123534444,0.0001996739554988025
2007-02-09,1,-0.007077213846013231,0.0001992965083419396
2007-02-12,1,-0.003261382199258311,0.000200428742574088
2007-02-13,1,0.007597490309922961,0.0002000513669073722
2007-02-14,1,0.007644080004882037,0.0001996739554988025
2007-02-15,1,0.00103759342744536,0.0002000513669073722
2007-02-16,1,-0.0008717811383565088,0.0002000513669073722
2007-02-20,1,0.002844315193901936,0.0002008060825058333
2007-02-21,1,-0.001404450806129831,0.000200428742574088
2007-02-22,1,-0.0008575564414925463,0.0002008060825058333
2007-02-23,1,-0.003563673944411039,0.000200428742574088
2007-02-26,1,-0.00125410619046773,0.0002008060825058333
2007-02-27,1,-0.0347254022259641,0.000198919025429678
2007-02-28,1,0.005560889616694098,0.0001996739554988025
2007-03-01,1,-0.002594434599379802,0.0001992965083419396
2007-03-02,1,-0.01140275198222773,0.0001981639523118695
2007-03-05,1,-0.009407677800630565,0.0001974087360914201
2007-03-06,1,0.01549358071940743,0.000198919025429678
2007-03-07,1,-0.002465270703449707,0.0001981639523118695
2007-03-08,1,0.007126622092502588,0.0001974087360914201
2007-03-09,1,0.0006776217548793984,0.0001974087360914201
2007-03-12,1,0.002680284178692593,0.0001970310743006909
2007-03-13,1,-0.02036828160908255,0.0001970310743006909
2007-03-14,1,0.006691166660730996,0.000195897874124773
2007-03-15,1,0.003683748343519255,0.0001955200691088343
2007-03-16,1,-0.003828308970065253,0.0001951422282697735
2007-03-19,1,0.01089448642981528,0.000195897874124773
2007-03-20,1,0.006333453947334089,0.000195897874124773
2007-03-21,1,0.01708088129692475,0.0001955200691088343
2007-03-22,1,-0.0003484223341437831,0.000195897874124773
2007-03-23,1,0.001094390010953017,0.0001966533767139289
2007-03-26,1,0.0009679026415916336,0.000195897874124773
2007-03-27,1,-0.006184358016304681,0.0001966533767139289
2007-03-28,1,-0.007965788423361486,0.000195897874124773
2007-03-29,1,0.003739723898849467,0.0001955200691088343
2007-03-30,1,-0.001173995564886843,0.0001951422282697735
2007-04-02,1,0.002597063408503297,0.0001951422282697735
2007-04-03,1,0.009280102663995704,0.0001955200691088343
2007-04-04,1,0.001112817463296167,0.0001962756433240287
2007-04-05,1,0.003049955649575553,0.0001951422282697735
2007-04-09,1,0.000588723596849805,0.0001943864390943073
2007-04-10,1,0.00261664347831303,0.0001947643516004849
2007-04-11,1,-0.006572828751212234,0.0001951422282697735
2007-04-12,1,0.006206296427919922,0.0001947643516004849
2007-04-13,1,0.003488000129507229,0.0001943864390943073
2007-04-16,1,0.01065490637634969,0.0001940084907445794
2007-04-17,1,0.002145311005249839,0.0001940084907445794
2007-04-18,1,0.0006931929382587576,0.0001936305065439736
2007-04-19,1,-0.001202050615449868,0.0001932524864862728
2007-04-20,1,0.009260704070809034,0.0001932524864862728
2007-04-23,1,-0.002303986210293818,0.0001928744305643715
2007-04-24,1,-0.000351143884173899,0.0001928744305643715
2007-04-25,1,0.01013908945432229,0.0001924963387716083
2007-04-26,1,-0.0007824182576990912,0.0001921182111008779
2007-04-27,1,-0.0001204977152002851,0.0001917400475455189
2007-04-30,1,-0.007830925989063764,0.0001902270343414614
2007-05-01,1,0.002651196208694362,0.0001898486912605968
2007-05-02,1,0.006472444863856452,0.0001902270343414614
2007-05-03,1,0.004325077887225914,0.0001898486912605968
2007-05-04,1,0.002149894792468965,0.0001898486912605968
2007-05-07,1,0.002563718178610896,0.0001894703122542474
2007-05-08,1,-0.001165970922700432,0.0001898486912605968
2007-05-09,1,0.003223400529275056,0.0001890918973153077
2007-05-10,1,-0.01395627733070381,0.0001887134464371165
2007-05-11,1,0.009641498096025103,0.0001887134464371165
2007-05-14,1,-0.001792974875087006,0.0001879564368354458
2007-05-15,1,-0.001303983618385685,0.0001871992833946123
2007-05-16,1,0.008626538777669168,0.00018416923014275
2007-05-17,1,-0.000918022530935314,0.000186441986059771
2007-05-18,1,0.006610477607007059,0.0001875778780984216
2007-05-21,1,0.00154324451547394,0.0001890918973153077
2007-05-22,1,-0.0006425680181219029,0.0001909836127538256
2007-05-23,1,-0.001207231600010239,0.0001902270343414614
2007-05-24,1,-0.009702564079535403,0.0001902270343414614
2007-05-25,1,0.00545268067865301,0.0001890918973153077
2007-05-29,1,0.001570203739109211,0.0001898486912605968
2007-05-30,1,0.007983608061428615,0.0001879564368354458
2007-05-31,1,0.0002548732239049389,0.0001834113566834272
2007-06-01,1,0.003737028603684411,0.0001856845447760769
2007-06-04,1,0.00184860639820017,0.000186441986059771
2007-06-05,1,-0.005347069382311886,0.0001871992833946123
2007-06-06,1,-0.0088637425924184,0.0001860632834149722
2007-06-07,1,-0.01756978086827099,0.0001860632834149722
2007-06-08,1,0.01137039388705063,0.0001849269594886849
2007-06-11,1,0.0009617165093243063,0.0001834113566834272
2007-06-12,1,-0.01068171859715916,0.0001830323658940092
2007-06-13,1,0.01518422233443539,0.0001807576638885866
2007-06-14,1,0.004816303381447895,0.0001803784206118042
2007-06-15,1,0.006526762620259641,0.000176963605925673
2007-06-18,1,-0.001213368893209887,0.0001796198257604242
2007-06-19,1,0.001730774474536734,0.0001803784206118042
2007-06-20,1,-0.01360108627220347,0.0001837903114307871
2007-06-21,1,0.006180412864005724,0.0001822742761612428
2007-06-22,1,-0.0128958169270027,0.0001834113566834272
2007-06-25,1,-0.003207903958185931,0.0001868206527173566
2007-06-26,1,-0.003238195960286849,0.0001868206527173566
2007-06-27,1,0.00900933829009598,0.0001849269594886849
2007-06-28,1,-0.000418235522596011,0.0001853057701362015
2007-06-29,1,-0.001567357202108544,0.0001868206527173566
2007-07-02,1,0.01069616415747277,0.0001917400475455189
2007-07-03,1,0.003580251287621961,0.0001917400475455189
2007-07-05,1,0.0003475898263927135,0.0001917400475455189
2007-07-06,1,0.003303996926395714,0.0001917400475455189
2007-07-09,1,0.0009213260458900141,0.0001924963387716083
2007-07-10,1,-0.01418544949902045,0.0001917400475455189
2007-07-11,1,0.005721409342551276,0.0001917400475455189
2007-07-12,1,0.01905497986526261,0.0001924963387716083
2007-07-13,1,0.003101407882381002,0.0001924963387716083
2007-07-16,1,-0.001919472121578059,0.0001928744305643715
2007-07-17,1,-9.68199262810776e-05,0.0001921182111008779
2007-07-18,1,-0.002065324087829556,0.0001921182111008779
2007-07-19,1,0.004469050565579558,0.0001928744305643715
2007-07-20,1,-0.01222086499459119,0.0001924963387716083
2007-07-23,1,0.004869285458577011,0.0001943864390943073
2007-07-24,1,-0.01980442554686213,0.0001943864390943073
2007-07-25,1,0.004665612144987286,0.0001932524864862728
2007-07-26,1,-0.02333849273648236,0.0001906053415035025
2007-07-27,1,-0.01599158435597214,0.0001879564368354458
2007-07-30,1,0.01025400699715329,0.0001921182111008779
2007-07-31,1,-0.01264664342882516,0.0001921182111008779
2007-08-01,1,0.007242669003718616,0.0001894703122542474
2007-08-02,1,0.004359290987711706,0.0001894703122542474
2007-08-03,1,-0.0265859895912709,0.0001879564368354458
2007-08-06,1,0.02415110598052994,0.0001890918973153077
2007-08-07,1,0.006159366016551981,0.0001913618480988699
2007-08-08,1,0.01407184203164902,0.0001917400475455189
2007-08-09,1,-0.02964963018358058,0.000186441986059771
2007-08-10,1,0.0003785373521696389,0.0001773431743243847
2007-08-13,1,-0.0004952881702970924,0.0001837903114307871
2007-08-14,1,-0.01815654274489797,0.0001799991412381186
2007-08-15,1,-0.0139078380889075,0.0001636558822910583
2007-08-16,1,0.003248786889889166,0.0001476277252221436
2007-08-17,1,0.02456646948860675,0.0001464803860140584
2007-08-20,1,-0.0002696464541576127,0.0001219247839796544
2007-08-21,1,0.001086054606228126,0.0001399725495365711
2007-08-22,1,0.01171288575174545,0.0001430363848669014
2007-08-23,1,-0.001072316451165012,0.0001514498050398938
2007-08-24,1,0.0115350393963678,0.0001647982873829168
2007-08-27,1,-0.008503590106740955,0.0001796198257604242
2007-08-28,1,-0.0234730621247905,0.0001708855892015304
2007-08-29,1,0.02192188048757604,0.0001548865451408421
2007-08-30,1,-0.004181009917170075,0.0001495392233976656
2007-08-31,1,0.01121674447849208,0.0001560314667898854
2007-09-04,1,0.01046822150297211,0.0001735458623464137
2007-09-05,1,-0.01150112418081639,0.0001693646353342348
2007-09-06,1,0.004251886244921677,0.0001667015683410877
2007-09-07,1,-0.01690845705210631,0.0001583203236481534
2007-09-10,1,-0.00127281317746275,0.000154123081238744
2007-09-11,1,0.0136323205401534,0.0001598454981310837
2007-09-12,1,4.761728577151736e-05,0.0001567945651683722
2007-09-13,1,0.008419562970447103,0.0001587016720010492
2007-09-14,1,0.0002021960564695391,0.0001560314667898854
2007-09-17,1,-0.005120414745452551,0.0001613700890652492
2007-09-18,1,0.02920800742879281,0.0001560314667898854
2007-09-19,1,0.006086407125825533,0.0001529776110411607
2007-09-20,1,-0.00672323571146749,0.0001476277252221436
2007-09-21,1,0.004609053497942384,0.0001457153096315889
2007-09-24,1,-0.005256444064394517,0.0001495392233976656
2007-09-25,1,-0.0003426298076351086,0.0001476277252221436
2007-09-26,1,0.005411303128236122,0.0001453327163460916
2007-09-27,1,0.003907094941590916,0.0001445674195510449
2007-09-28,1,-0.003023419966337038,0.0001487747341608614
2007-10-01,1,0.01328969317995732,0.0001525957144554724
2007-10-02,1,-0.0002650443229229582,0.000154123081238744
2007-10-03,1,-0.004551857289897487,0.000154123081238744
2007-10-04,1,0.002110951663853111,0.000154123081238744
2007-10-05,1,0.009560291622441541,0.0001556498627912628
2007-10-08,1,-0.003216513893619988,0.0001556498627912628
2007-10-09,1,0.008096245420632808,0.0001579389387953434
2007-10-10,1,-0.001712330236164017,0.0001579389387953434
2007-10-11,1,-0.005158458514124331,0.0001602267005549329
2007-10-12,1,0.004754224745040947,0.0001632750077988909
2007-10-15,1,-0.00838141086014621,0.0001670821154662328
2007-10-16,1,-0.006573168570868315,0.0001651790163088585
2007-10-17,1,0.001761396193702192,0.0001560314667898854
2007-10-18,1,-0.0007526629123545403,0.0001464803860140584
2007-10-19,1,-0.0256155214648317,0.0001503035659893293
2007-10-22,1,0.003798372119262705,0.0001556498627912628
2007-10-23,1,0.008802858704578975,0.0001548865451408421
2007-10-24,1,-0.002441422371131097,0.000149921413020726
2007-10-25,1,-0.0009763176926820272,0.0001533594710290132
2007-10-26,1,0.01378764167076119,0.000154123081238744
2007-10-29,1,0.003712645942828718,0.0001560314667898854
2007-10-30,1,-0.006463394115263088,0.000154123081238744
2007-10-31,1,0.01199199560903419,0.0001533594710290132
2007-11-01,1,-0.02642351350058803,0.0001483924345326848
2007-11-02,1,0.0008022082779668427,0.0001407387292562401
2007-11-05,1,-0.004954777827830159,0.0001445674195510449
2007-11-06,1,0.01204921883437371,0.0001464803860140584
2007-11-07,1,-0.02936979868078249,0.0001361394395134052
2007-11-08,1,-0.0005760125159258722,0.0001319187551955814
2007-11-09,1,-0.01428701972533453,0.000127693595368239
2007-11-12,1,-0.009988235501577902,0.000127693595368239
2007-11-13,1,0.02909295123235278,0.0001365229164898007
2007-11-14,1,-0.007069371343474518,0.0001330702943709294
2007-11-15,1,-0.0132124279000464,0.0001288463560800146
2007-11-16,1,0.005230310920731673,0.0001326864849549025
2007-11-19,1,-0.01746025396824336,0.0001326864849549025
2007-11-20,1,0.004486196985218349,0.0001269249029072217
2007-11-21,1,-0.01592688227985328,0.0001207700187790817
2007-11-23,1,0.01689048420755146,0.0001261560621235169
2007-11-26,1,-0.02323869063889195,0.0001223096313556216
2007-11-27,1,0.01493015321202917,0.0001234639505107715
2007-11-28,1,0.02855985353921264,0.0001192298110723744
2007-11-29,1,0.0004764749033838722,0.000116918382634168
2007-11-30,1,0.00777021757406593,0.0001230792146138526
2007-12-03,1,-0.0058873371976218,0.0001196149188178453
2007-12-04,1,-0.006540256581273329,0.0001199999893457537
2007-12-05,1,0.01519012989544666,0.0001199999893457537
2007-12-06,1,0.01503690608672148,0.0001207700187790817
2007-12-07,1,-0.001777921173320429,0.0001219247839796544
2007-12-10,1,0.007509953412148995,0.0001192298110723744
2007-12-11,1,-0.02527107411184282,0.0001149911674716009
2007-12-12,1,0.006050107439882435,0.0001126772781681051
2007-12-13,1,0.001224324394233145,0.0001122914992774948
2007-12-14,1,-0.01374626785493904,0.0001126772781681051
2007-12-17,1,-0.0150208981853982,0.0001199999893457537
2007-12-18,1,0.006279795215002881,0.0001188446661026799
2007-12-19,1,-0.001360830042563266,0.0001138343907851613
2007-12-20,1,0.004900203108869849,0.0001142200203299026
2007-12-21,1,0.01666983939793143,0.000117303713834449
2007-12-24,1,0.008077004803014542,0.0001299987833880412
2007-12-26,1,0.0008086358029317786,0.0001296146779850016
2007-12-27,1,-0.01428228981228963,0.0001238486492622926
2007-12-28,1,0.001503770092025514,0.0001242333108759652
2007-12-31,1,-0.006851588410961895,0.0001311508774854975
2008-01-02,1,-0.01443784316064589,0.000127309267674347
2008-01-03,0,0.0,0.0001265405010593135
2008-01-04,0,-0.0245515550856239,0.0001250025227172991
2008-01-07,0,0.003223258794717632,0.000127693595368239
2008-01-08,0,-0.01835226547400093,0.0001269249029072217
2008-01-09,0,0.01362408323671449,0.0001257715860927267
2008-01-10,0,0.007948131920452184,0.0001265405010593135
2008-01-11,0,-0.01359538777670788,0.0001207700187790817
2008-01-14,0,0.01087063729028337,0.0001246179353584509
2008-01-15,0,-0.02492501241173872,0.0001238486492622926
2008-01-16,0,-0.005612078839948742,0.0001226944415644304
2008-01-17,0,-0.02909259582902124,0.0001199999893457537
2008-01-18,0,-0.006045421784173999,0.0001119056830320986
2008-01-22,0,-0.01108515915134511,9.217935190308779e-05
2008-01-23,0,0.02144217900491263,8.6747152605815e-05
2008-01-24,0,0.01006273042641292,9.295477615278713e-05
2008-01-25,0,-0.01587193103167461,9.024013079850235e-05
2008-01-28,0,0.01754832433469877,9.179158318017855e-05
2008-01-29,0,0.006159774388638573,8.946417800981266e-05
2008-01-30,0,-0.004763994716110997,8.6747152605815e-05
2008-01-31,0,0.01677225367243618,7.702833764056116e-05
2008-02-01,0,0.01223749194418278,8.24737943578846e-05
2008-02-04,0,-0.01046286938445484,8.907614494035876e-05
2008-02-05,0,-0.03199543268429539,8.597051920578025e-05
2008-02-06,0,-0.007623640894248607,8.24737943578846e-05
2008-02-07,0,0.007885772846967898,8.519373439619393e-05
2008-02-08,0,-0.004203719751895152,8.75236346555841e-05
2008-02-11,0,0.005888999083800694,9.062805053217105e-05
2008-02-12,0,0.007265896838448915,9.062805053217105e-05
2008-02-13,0,0.01360406253074165,8.946417800981266e-05
2008-02-14,0,-0.01342147593289567,9.062805053217105e-05
2008-02-15,0,0.0008377480947501237,8.6747152605815e-05
2008-02-19,0,-0.0008962740066612573,8.946417800981266e-05
2008-02-20,0,0.008340870828184466,8.829996541415142e-05
2008-02-21,0,-0.01286736294274871,8.635885482832784e-05
2008-02-22,0,0.007880610357913653,8.635885482832784e-05
2008-02-25,0,0.01381267131193842,8.635885482832784e-05
2008-02-26,0,0.006917910698780005,8.402827315934225e-05
2008-02-27,0,-0.0009194445013966934,7.780671582890974e-05
2008-02-28,0,-0.008941874498678337,7.469229028500557e-05
2008-02-29,0,-0.02708970473583916,7.274453736161313e-05
2008-03-03,0,0.0005335524788219193,6.689555910033285e-05
2008-03-04,0,-0.003447628658457602,6.533438035116745e-05
2008-03-05,0,0.005238327621537531,6.025632059736274e-05
2008-03-06,0,-0.02201393598745005,5.478039315431893e-05
2008-03-07,0,-0.008410361554953227,5.71281408126012e-05
2008-03-10,0,-0.01546347918654778,5.321445913253342e-05
2008-03-11,0,0.03712984401876285,5.83014960653383e-05
2008-03-12,0,-0.00899557389406247,5.83014960653383e-05
2008-03-13,0,0.005126921336342294,5.321445913253342e-05
2008-03-14,0,-0.02078326255529173,4.655236478057212e-05
2008-03-17,0,-0.00895868378535658,4.380590832075981e-05
2008-03-18,0,0.04240953758720512,3.634168329846865e-05
2008-03-19,0,-0.02428719849575622,2.413310991267181e-05
2008-03-20,0,0.02394445924128275,2.492188974012599e-05
2008-03-24,0,0.0153214304274234,4.890496441523062e-05
2008-03-25,0,0.00230389763557759,5.086440351265153e-05
2008-03-26,0,-0.008765759863092915,5.086440351265153e-05
2008-03-27,0,-0.01146048113249842,5.125617572176999e-05
2008-03-28,0,-0.00795018629681199,5.243126126464048e-05
2008-03-31,0,0.005687246723262041,5.438896734411003e-05
2008-04-01,0,0.03589635162305482,5.517178051372973e-05
2008-04-02,0,-0.001934070202588178,5.556312942989194e-05
2008-04-03,0,0.001301638178863307,5.517178051372973e-05
2008-04-04,0,0.0007959963585102425,5.321445913253342e-05
2008-04-07,0,0.001561598518909024,5.71281408126012e-05
2008-04-08,0,-0.005100033369358936,5.556312942989194e-05
2008-04-09,0,-0.008092072375784243,5.164790941170061e-05
2008-04-10,0,0.004474051958627934,5.008074350687508e-05
2008-04-11,0,-0.02037418086700526,4.69445612010233e-05
2008-04-14,0,-0.003383784814513069,4.262827574930128e-05
2008-04-15,0,0.004599876286542015,4.341340280400452e-05
2008-04-16,0,0.02269126593960924,4.419837517355418e-05
2008-04-17,0,0.0006229145243916712,4.851296093222324e-05
2008-04-18,0,0.01813900260560186,5.321445913253342e-05
2008-04-21,0,-0.001553524830540942,5.282287944297082e-05
2008-04-22,0,-0.008810233726340155,5.008074350687508e-05
2008-04-23,0,0.00289991749248153,4.968885569511805e-05
2008-04-24,0,0.006442277675029473,4.968885569511805e-05
2008-04-25,0,0.006494736452591576,5.282287944297082e-05
2008-04-28,0,-0.001051601570328131,5.634571196244664e-05
2008-04-29,0,-0.00388869263155589,5.75192976255412e-05
2008-04-30,0,-0.003846302364808873,5.634571196244664e-05
2008-05-01,0,0.01714071304344311,5.71281408126012e-05
2008-05-02,0,0.003235598723049016,5.908354097372559e-05
2008-05-05,0,-0.004533583753450587,6.025632059736274e-05
2008-05-06,0,0.007651933303949532,6.416309471890536e-05
2008-05-07,0,-0.01811378964341548,6.572473239052634e-05
2008-05-08,0,0.003669551705818064,6.533438035116745e-05
2008-05-09,0,-0.006725447922867112,6.650532175767054e-05
2008-05-12,0,0.01102077854246875,6.962615083461188e-05
2008-05-13,0,-0.0003846713469075613,7.196516950935816e-05
2008-05-14,0,0.00400558427466069,7.157542840707798e-05
2008-05-15,0,0.01058446448937311,7.196516950935816e-05
2008-05-16,0,0.001250398198919589,7.23548724916867e-05
2008-05-19,0,0.0008980456160234684,7.157542840707798e-05
2008-05-20,0,-0.009273589104020541,7.31341641264649e-05
2008-05-21,0,-0.01605353267626297,7.31341641264649e-05
2008-05-22,0,0.002617378713519969,7.31341641264649e-05
2008-05-23,0,-0.01321040068671386,7.31341641264649e-05
2008-05-27,0,0.006846221470047986,7.430281586562337e-05
2008-05-28,0,0.00396289048336107,7.430281586562337e-05
2008-05-29,0,0.005334937252063021,7.469229028500557e-05
2008-05-30,0,0.001516166594467849,7.430281586562337e-05
2008-06-02,0,-0.01050426376141456,7.274453736161313e-05
2008-06-03,0,-0.005787827748960472,7.274453736161313e-05
2008-06-04,0,-0.0003266963555410562,7.23548724916867e-05
2008-06-05,0,0.01949615060137266,7.274453736161313e-05
2008-06-06,0,-0.03088920879521728,7.274453736161313e-05
2008-06-09,0,0.0007936884587538273,7.430281586562337e-05
2008-06-10,0,-0.002438071565889488,7.936301616751074e-05
2008-06-11,0,-0.01689434363076614,7.702833764056116e-05
2008-06-12,0,0.003279698773364981,7.85849419846496e-05
2008-06-13,0,0.01504626139338527,7.81958479070255e-05
2008-06-16,0,8.086979639698733e-05,8.130753713309069e-05
2008-06-17,0,-0.006771332979186417,7.81958479070255e-05
2008-06-18,0,-0.009711824147481174,7.586048516672328e-05
2008-06-19,0,0.003752324501293369,7.508172663661661e-05
2008-06-20,0,-0.01854285587797533,7.352375279379153e-05
2008-06-23,0,5.307283862676648e-05,7.352375279379153e-05
2008-06-24,0,-0.002814841378983357,7.196516950935816e-05
2008-06-25,0,0.005843407020038827,7.118564917729664e-05
2008-06-26,0,-0.02936522549632159,6.845612637285114e-05
2008-06-27,0,-0.0037174293266512,6.611504619025155e-05
2008-06-30,0,0.001267225012125062,7.469229028500557e-05
2008-07-01,0,0.003835964202881126,7.352375279379153e-05
2008-07-02,0,-0.01820362050746271,7.157542840707798e-05
2008-07-03,0,0.001093922301228956,7.23548724916867e-05
2008-07-07,0,-0.008385434805281089,7.352375279379153e-05
2008-07-08,0,0.01708034877731812,7.31341641264649e-05
2008-07-09,0,-0.02277617247212282,7.157542840707798e-05
2008-07-10,0,0.006989751385279686,6.572473239052634e-05
2008-07-11,0,-0.01108994347458703,6.377258964507249e-05
2008-07-14,0,-0.00902785943768214,5.986543241132125e-05
2008-07-15,0,-0.01090125711646106,5.478039315431893e-05
2008-07-16,0,0.02506354406104983,5.399750307555351e-05
2008-07-17,0,0.01201255951167957,5.634571196244664e-05
2008-07-18,0,0.0002857269877669655,5.83014960653383e-05
2008-07-21,0,-0.0005394340212936388,5.83014960653383e-05
2008-07-22,0,0.01349206349206344,6.10379819414586e-05
2008-07-23,0,0.004064167115309214,6.260084472953231e-05
2008-07-24,0,-0.02312442282243399,6.494399006440332e-05
2008-07-25,0,0.00416750805589583,6.884617270408455e-05
2008-07-28,0,-0.01859656410350941,6.806604185438658e-05
2008-07-29,0,0.02335600846482833,6.767591914114135e-05
2008-07-30,0,0.01667199129814123,6.689555910033285e-05
2008-07-31,0,-0.01314375963936887,6.611504619025155e-05
2008-08-01,0,-0.005578395005305214,6.533438035116745e-05
2008-08-04,0,-0.00896608636190177,6.884617270408455e-05
2008-08-05,0,0.02871874111234551,6.884617270408455e-05
2008-08-06,0,0.003354349438904336,6.455356152268443e-05
2008-08-07,0,-0.01793373836904799,6.533438035116745e-05
2008-08-08,0,0.02389283474318682,6.689555910033285e-05
2008-08-11,0,0.006942730477737413,7.352375279379153e-05
2008-08-12,0,-0.01205067042258057,7.31341641264649e-05
2008-08-13,0,-0.002915663013268177,7.274453736161313e-05
2008-08-14,0,0.005521801403690407,7.430281586562337e-05
2008-08-15,0,0.004075933919094554,7.274453736161313e-05
2008-08-18,0,-0.01509780952328976,7.157542840707798e-05
2008-08-19,0,-0.009314902555218607,7.079583181268667e-05
2008-08-20,0,0.006197331643397197,6.728575822556593e-05
2008-08-21,0,0.00249496409933414,6.767591914114135e-05
2008-08-22,0,0.01133267132138638,6.689555910033285e-05
2008-08-25,0,-0.01962543438309561,6.845612637285114e-05
2008-08-26,0,0.003686372447437636,6.728575822556593e-05
2008-08-27,0,0.007982653959550001,6.572473239052634e-05
2008-08-28,0,0.01484014405069867,6.845612637285114e-05
2008-08-29,0,-0.01372366525136015,6.767591914114135e-05
2008-09-02,0,-0.004092514347066145,6.767591914114135e-05
2008-09-03,0,-0.002035078566798298,6.689555910033285e-05
2008-09-04,0,-0.02992205759970923,6.650532175767054e-05
2008-09-05,0,0.004430764724152381,6.611504619025155e-05
2008-09-08,0,0.02051016192977806,6.728575822556593e-05
2008-09-09,0,-0.03413816796421554,6.533438035116745e-05
2008-09-10,0,0.006149422411268146,6.494399006440332e-05
2008-09-11,0,0.0138063774117021,6.338204629385835e-05
2008-09-12,0,0.002121534158087801,5.869253770729443e-05
2008-09-15,0,-0.04713589702129706,4.027196586142701e-05
2008-09-16,0,0.01752328772507106,3.319466335782728e-05
2008-09-17,0,-0.04714070706031326,1.190298363207276e-06
2008-09-18,0,0.04334177438606157,9.116545717002822e-06
2008-09-19,0,0.04025656305868375,3.90932881320083e-05
2008-09-22,0,-0.03823659998939921,5.047259277701777e-05
2008-09-23,0,-0.01563263356626732,3.162022073865955e-05
2008-09-24,0,-0.001977727730452461,1.939714872856158e-05
2008-09-25,0,0.01965650424559939,3.004515569715593e-05
2008-09-26,0,0.003382429116127073,3.437508715364856e-05
2008-09-29,0,-0.08806776221769641,3.712805003863728e-05
2008-09-30,0,0.0541746705821724,3.634168329846865e-05
2008-10-01,0,-0.004543988840816193,3.358817681675674e-05
2008-10-02,0,-0.04029079197981711,2.492188974012599e-05
2008-10-03,0,-0.01350652298562849,2.018686664317926e-05
2008-10-06,0,-0.03851784119120982,2.137115009137602e-05
2008-10-07,0,-0.05739484084336421,3.240751982014345e-05
2008-10-08,0,-0.01133270253725105,2.689315637249834e-05
2008-10-09,0,-0.07616709580816616,2.373866143035031e-05
2008-10-10,0,-0.0117592891770657,9.908303843175759e-06
2008-10-13,0,0.1158003695151375,9.908303843175759e-06
2008-10-14,0,-0.00532213679199478,1.346926955103633e-05
2008-10-15,0,-0.0903497780862258,8.720607641343747e-06
2008-10-16,0,0.04250745139975654,1.821227827725203e-05
2008-10-17,0,-0.006212826018106576,3.280111102821337e-05
2008-10-20,0,0.04768490479313692,4.890496441523062e-05
2008-10-21,0,-0.03079971165937456,4.341340280400452e-05
2008-10-22,0,-0.06101246975642627,4.145029499813546e-05
2008-10-23,0,0.01263404144221503,3.870031805486285e-05
2008-10-24,0,-0.03451120054381918,3.516184210039519e-05
2008-10-27,0,-0.03176435781413156,3.319466335782728e-05
2008-10-28,0,0.1078900587797353,3.043898033650017e-05
2008-10-29,0,-0.01107907709855516,2.452751934667319e-05
2008-10-30,0,0.02580395371095556,1.623671079520328e-05
2008-10-31,0,0.01536539816147986,1.821227827725203e-05
2008-11-03,0,-0.002529044858870955,1.939714872856158e-05
2008-11-04,0,0.04082584363592434,1.900223106310328e-05
2008-11-05,0,-0.05267708721725084,1.58414797191142e-05
2008-11-06,0,-0.05026398151360678,1.26782188460961e-05
2008-11-07,0,0.02885463841688485,1.228263458696865e-05
2008-11-10,0,-0.01265316317606502,1.149134821565312e-05
2008-11-11,0,-0.02204067545102073,1.149134821565312e-05
2008-11-12,0,-0.05189390264262972,7.136461739776223e-06
2008-11-13,0,0.06921270805966984,8.720607641343747e-06
2008-11-14,0,-0.0416991308104343,5.947938814809817e-06
2008-11-17,0,-0.02581041646471061,4.759061227099792e-06
2008-11-18,0,0.00983837216243022,4.759061227099792e-06
2008-11-19,0,-0.06115557585198217,2.77680986426887e-06
2008-11-20,0,-0.06712293077105447,1.190298363207276e-06
2008-11-21,0,0.06324760339835156,7.935717540874521e-07
2008-11-24,0,0.06472253086203117,5.155393176359269e-06
2008-11-25,0,0.006550776705881445,3.966279028766451e-06
2008-11-26,0,0.03532812081997916,1.98363308512306e-06
2008-11-28,0,0.009643111965147444,3.968056356828953e-07
2008-12-01,0,-0.0892952436107991,2.77680986426887e-06
2008-12-02,0,0.03994067054843109,2.380241213684187e-06
2008-12-03,0,0.02583616208439787,7.935717540874521e-07
2008-12-04,0,-0.02930842710506598,7.935717540874521e-07
2008-12-05,0,0.03649941753675101,7.935717540874521e-07
2008-12-08,0,0.0383873487297306,1.190298363207276e-06
2008-12-09,0,-0.02311754316222758,1.190298363207276e-06
2008-12-10,0,0.01189418741207482,0.0
2008-12-11,0,-0.0285240465920793,3.968056356828953e-07
2008-12-12,0,0.007028415417449585,7.935717540874521e-07
2008-12-15,0,-0.01268568014311033,1.190298363207276e-06
2008-12-16,0,0.05136026454446818,1.586985470813929e-06
2008-12-17,0,-0.009592862125632595,1.98363308512306e-06
2008-12-18,0,-0.02116268323892456,0.0
2008-12-19,0,0.002936896236101161,7.935717540874521e-07
2008-12-22,0,-0.01830202269522307,3.968056356828953e-07
2008-12-23,0,-0.009717462330154691,7.935717540874521e-07
2008-12-24,0,0.005781143038123382,0.0
2008-12-26,0,0.005356174910027267,1.190298363207276e-06
2008-12-29,0,-0.003872599599089699,2.380241213684187e-06
2008-12-30,0,0.02440711296656972,3.966279028766451e-06
2008-12-31,0,0.01415834135471683,4.362689847159373e-06
2009-01-02,0,0.03160806841181141,3.173339045314805e-06
2009-01-05,0,-0.004668357633531128,5.551685702931408e-06
2009-01-06,0,0.0078171328961949,5.551685702931408e-06
2009-01-07,0,-0.03000961530613078,4.362689847159373e-06
2009-01-08,0,0.003397072709150351,3.569828763927418e-06
2009-01-09,0,-0.02130302979882748,2.77680986426887e-06
2009-01-12,0,-0.02256412239141281,4.759061227099792e-06
2009-01-13,0,0.001758058792257655,4.362689847159373e-06
2009-01-14,0,-0.03345987410426654,4.759061227099792e-06
2009-01-15,0,0.001329181747024233,4.362689847159373e-06
2009-01-16,0,0.007561576974726814,4.759061227099792e-06
2009-01-20,0,-0.05281610204671527,5.155393176359269e-06
2009-01-21,0,0.04349124562903017,4.362689847159373e-06
2009-01-22,0,-0.01516232312487453,3.966279028766451e-06
2009-01-23,0,0.005377658256231044,4.362689847159373e-06
2009-01-26,0,0.005553212391849582,5.551685702931408e-06
2009-01-27,0,0.0109255825195933,5.155393176359269e-06
2009-01-28,0,0.03355760738960489,7.532557270595319e-06
2009-01-29,0,-0.03312017219917118,9.116545717002822e-06
2009-01-30,0,-0.02278913485552658,9.512444448356305e-06
2009-02-02,0,-0.0005327680035899229,1.0699904655187e-05
2009-02-03,0,0.01583398827965876,1.26782188460961e-05
2009-02-04,0,-0.007489510230927809,1.188701104593015e-05
2009-02-05,0,0.01636566266155914,1.149134821565312e-05
2009-02-06,0,0.02689602252957513,1.109564608792191e-05
2009-02-09,0,0.001485193528390161,1.26782188460961e-05
2009-02-10,0,-0.04912120013376109,1.228263458696865e-05
2009-02-11,0,0.007954951041488467,1.188701104593015e-05
2009-02-12,0,0.001739165955831901,1.149134821565312e-05
2009-02-13,0,-0.00999769580757559,1.149134821565312e-05
2009-02-17,0,-0.0455590473632177,1.26782188460961e-05
2009-02-18,0,-0.000950365594538094,1.228263458696865e-05
2009-02-19,0,-0.01202402358417931,1.188701104593015e-05
2009-02-20,0,-0.01141296456796903,1.0699904655187e-05
2009-02-23,0,-0.03469900802116344,1.149134821565312e-05
2009-02-24,0,0.04010331464253336,1.26782188460961e-05
2009-02-25,0,-0.01065782403995985,1.188701104593015e-05
2009-02-26,0,-0.01577984957375933,1.0699904655187e-05
2009-02-27,0,-0.02356440342662092,1.030412390967683e-05
2009-03-02,0,-0.04662016661802437,1.109564608792191e-05
2009-03-03,0,-0.006406766626880556,1.0699904655187e-05
2009-03-04,0,0.02375307342984989,1.030412390967683e-05
2009-03-05,0,-0.04253230958224652,7.92861342602258e-06
2009-03-06,0,0.001216053189785571,8.32463021360752e-06
2009-03-09,0,-0.01002366990107084,9.116545717002822e-06
2009-03-10,0,0.06366302222212594,9.512444448356305e-06
2009-03-11,0,0.002445816877900686,9.116545717002822e-06
2009-03-12,0,0.04072863130673077,8.720607641343747e-06
2009-03-13,0,0.007739027671590959,7.92861342602258e-06
2009-03-16,0,-0.003515925170114675,9.512444448356305e-06
2009-03-17,0,0.03213994083745653,9.512444448356305e-06
2009-03-18,0,0.02085794038271138,8.32463021360752e-06
2009-03-19,0,-0.01297916268076771,7.92861342602258e-06
2009-03-20,0,-0.01976940007446848,8.720607641343747e-06
2009-03-23,0,0.07075754864749229,8.720607641343747e-06
2009-03-24,0,-0.02041509276947884,8.32463021360752e-06
2009-03-25,0,0.009626370531222062,7.532557270595319e-06
2009-03-26,0,0.02332036707485252,5.947938814809817e-06
2009-03-27,0,-0.02031551906412465,5.551685702931408e-06
2009-03-30,0,-0.03481870365409789,7.136461739776223e-06
2009-03-31,0,0.01312961466313123,8.32463021360752e-06
2009-04-01,0,0.01655660953977356,8.720607641343747e-06
2009-04-02,0,0.02872711360411651,8.720607641343747e-06
2009-04-03,0,0.00973177097925304,8.32463021360752e-06
2009-04-06,1,-0.008332367396142404,7.92861342602258e-06
2009-04-07,0,-0.02385454246862917,7.92861342602258e-06
2009-04-08,0,0.01178344123033948,7.136461739776223e-06
2009-04-09,0,0.0380532568665477,7.136461739776223e-06
2009-04-13,1,0.002533369426941823,7.136461739776223e-06
2009-04-14,1,-0.02006449158715151,6.740326825349641e-06
2009-04-15,1,0.01254901670658803,5.947938814809817e-06
2009-04-16,1,0.01553880040409306,5.155393176359269e-06
2009-04-17,1,0.004969360746134077,5.551685702931408e-06
2009-04-20,1,-0.04278974468970964,5.551685702931408e-06
2009-04-21,0,0.02125205988790935,5.947938814809817e-06
2009-04-22,1,-0.007681664273476052,5.551685702931408e-06
2009-04-23,0,0.009922346320087705,3.966279028766451e-06
2009-04-24,1,0.0167973493352167,3.966279028766451e-06
2009-04-27,1,-0.0100665768903615,5.155393176359269e-06
2009-04-28,1,-0.002740535497347762,5.155393176359269e-06
2009-04-29,1,0.02161004032491465,4.362689847159373e-06
2009-04-30,1,-0.0009500676204463598,5.551685702931408e-06
2009-05-01,1,0.005396388659423046,6.344152519766055e-06
2009-05-04,1,0.03386813980494785,7.532557270595319e-06
2009-05-05,1,-0.003791722673641806,7.532557270595319e-06
2009-05-06,1,0.01740433914180306,7.532557270595319e-06
2009-05-07,1,-0.01320241238638009,7.136461739776223e-06
2009-05-08,1,0.02406899510435356,7.532557270595319e-06
2009-05-11,1,-0.02151242496964101,7.532557270595319e-06
2009-05-12,1,-0.0009788555914792552,7.532557270595319e-06
2009-05-13,1,-0.02689491201893024,6.740326825349641e-06
2009-05-14,1,0.01035164335117478,6.344152519766055e-06
2009-05-15,1,-0.01141008247711417,6.740326825349641e-06
2009-05-18,1,0.03038920005148937,7.532557270595319e-06
2009-05-19,1,-0.001736835971552275,7.136461739776223e-06
2009-05-20,1,-0.005131461524926495,7.136461739776223e-06
2009-05-21,1,-0.01675756151751073,7.532557270595319e-06
2009-05-22,1,-0.00149721056843366,7.136461739776223e-06
2009-05-26,1,0.02630216131887675,7.136461739776223e-06
2009-05-27,1,-0.01897116343198157,6.740326825349641e-06
2009-05-28,1,0.01541891873882362,5.947938814809817e-06
2009-05-29,1,0.01357475748111914,5.551685702931408e-06
2009-06-01,1,0.0258175904547322,5.155393176359269e-06
2009-06-02,1,0.001983301119848457,5.551685702931408e-06
2009-06-03,1,-0.01373920930935701,5.551685702931408e-06
2009-06-04,1,0.01148365683747543,5.551685702931408e-06
2009-06-05,1,-0.002514690344346815,7.92861342602258e-06
2009-06-08,1,-0.001010554499986549,7.532557270595319e-06
2009-06-09,1,0.003503181608735195,7.532557270595319e-06
2009-06-10,1,-0.003480330939390153,7.136461739776223e-06
2009-06-11,1,0.006111899148334876,7.532557270595319e-06
2009-06-12,1,0.001396995738927265,7.532557270595319e-06
2009-06-15,1,-0.02376856168004227,6.740326825349641e-06
2009-06-16,1,-0.01272030525772438,6.740326825349641e-06
2009-06-17,1,-0.001381568221481388,6.740326825349641e-06
2009-06-18,1,0.008410990281999098,7.136461739776223e-06
2009-06-19,1,0.003114197291689047,7.532557270595319e-06
2009-06-22,1,-0.03060039625182664,7.92861342602258e-06
2009-06-23,1,0.002306724905131396,7.92861342602258e-06
2009-06-24,1,0.006524440861084724,7.532557270595319e-06
2009-06-25,1,0.02144427739013088,7.136461739776223e-06
2009-06-26,1,-0.001477827284822375,7.92861342602258e-06
2009-06-29,1,0.009065138571521025,7.92861342602258e-06
2009-06-30,1,-0.008530756458643096,7.532557270595319e-06
2009-07-01,1,0.004361930267673175,6.740326825349641e-06
2009-07-02,1,-0.02914454602537742,6.740326825349641e-06
2009-07-06,1,0.002565748016350566,7.532557270595319e-06
2009-07-07,1,-0.01968348538244902,7.532557270595319e-06
2009-07-08,0,-0.001668537608706111,7.136461739776223e-06
2009-07-09,0,0.003547222617954038,7.532557270595319e-06
2009-07-10,0,-0.00402182877421664,7.136461739776223e-06
2009-07-13,0,0.02493372173445296,7.136461739776223e-06
2009-07-14,1,0.005316063622877065,7.136461739776223e-06
2009-07-15,1,0.02962991811422233,7.136461739776223e-06
2009-07-16,1,0.008641760970416357,7.532557270595319e-06
2009-07-17,1,-0.0003826618994615671,6.740326825349641e-06
2009-07-20,1,0.01143154888894049,7.532557270595319e-06
2009-07-21,1,0.003627277227424175,7.532557270595319e-06
2009-07-22,1,-0.0005342765996504406,7.532557270595319e-06
2009-07-23,1,0.02328966483858252,7.532557270595319e-06
2009-07-24,1,0.003042161453180592,7.136461739776223e-06
2009-07-27,1,0.00298182595126617,7.532557270595319e-06
2009-07-28,1,-0.002606444417198372,7.532557270595319e-06
2009-07-29,1,-0.004562963930304753,7.532557270595319e-06
2009-07-30,1,0.01189558047020256,7.136461739776223e-06
2009-07-31,1,0.0007397825880415265,7.136461739776223e-06
2009-08-03,1,0.01534210790467916,7.532557270595319e-06
2009-08-04,1,0.003012097699592653,7.136461739776223e-06
2009-08-05,1,-0.002913591845875252,7.136461739776223e-06
2009-08-06,1,-0.005624654717235167,6.740326825349641e-06
2009-08-07,1,0.01343920562967105,7.532557270595319e-06
2009-08-10,1,-0.003344949873469116,7.532557270595319e-06
2009-08-11,1,-0.01266011350321239,7.136461739776223e-06
2009-08-12,1,0.01152513929102628,6.740326825349641e-06
2009-08-13,1,0.006880010068455178,6.740326825349641e-06
2009-08-14,1,-0.008531349698250201,7.136461739776223e-06
2009-08-17,1,-0.02426081898553245,7.136461739776223e-06
2009-08-18,1,0.01014565506778764,7.136461739776223e-06
2009-08-19,1,0.006860912404894393,6.740326825349641e-06
2009-08-20,1,0.01094873141316155,6.740326825349641e-06
2009-08-21,1,0.01862276011451147,6.740326825349641e-06
2009-08-24,1,-0.0005457969176273503,6.740326825349641e-06
2009-08-25,1,0.002369466577809565,6.740326825349641e-06
2009-08-26,1,0.0001167267676924766,5.947938814809817e-06
2009-08-27,1,0.002781762211750527,5.947938814809817e-06
2009-08-28,1,-0.001988328383330962,5.947938814809817e-06
2009-08-31,1,-0.008076407685613796,5.947938814809817e-06
2009-09-01,1,-0.02212382394806167,5.551685702931408e-06
2009-09-02,1,-0.003296439120451411,5.551685702931408e-06
2009-09-03,1,0.008534797923473336,5.947938814809817e-06
2009-09-04,1,0.01311753349925038,5.551685702931408e-06
2009-09-08,1,0.008844933115343512,5.551685702931408e-06
2009-09-09,1,0.007782385584753415,5.551685702931408e-06
2009-09-10,1,0.01042222977456264,5.551685702931408e-06
2009-09-11,1,-0.001350426341205524,5.551685702931408e-06
2009-09-14,1,0.006339115087676372,5.551685702931408e-06
2009-09-15,1,0.003135341423813998,5.155393176359269e-06
2009-09-16,1,0.01532352755288291,3.966279028766451e-06
2009-09-17,1,-0.003059638741504833,3.966279028766451e-06
2009-09-18,1,0.002637339270669115,3.173339045314805e-06
2009-09-21,1,-0.003407296154699258,4.362689847159373e-06
2009-09-22,1,0.006574868761175523,4.362689847159373e-06
2009-09-23,1,-0.01006852800175506,4.362689847159373e-06
2009-09-24,1,-0.009511029501026114,3.966279028766451e-06
2009-09-25,1,-0.006090736629573601,3.966279028766451e-06
2009-09-28,1,0.01780958606922489,4.362689847159373e-06
2009-09-29,1,-0.002229576436747926,5.155393176359269e-06
2009-09-30,1,-0.003328301020760205,5.551685702931408e-06
2009-10-01,1,-0.02575962235664719,3.966279028766451e-06
2009-10-02,1,-0.004505524841905251,3.966279028766451e-06
2009-10-05,1,0.01487500178602907,3.173339045314805e-06
2009-10-06,1,0.01370548632431379,3.173339045314805e-06
2009-10-07,1,0.002711606332490568,3.569828763927418e-06
2009-10-08,1,0.007469907470195603,2.380241213684187e-06
2009-10-09,1,0.005640659492242017,2.77680986426887e-06
2009-10-12,1,0.00438636964853667,2.77680986426887e-06
2009-10-13,1,-0.002787612004698681,2.77680986426887e-06
2009-10-14,1,0.0175458950913443,2.77680986426887e-06
2009-10-15,1,0.004157468710554335,2.77680986426887e-06
2009-10-16,1,-0.008098056110305452,2.77680986426887e-06
2009-10-19,1,0.009405321384581278,3.173339045314805e-06
2009-10-20,1,-0.00623910463761812,3.173339045314805e-06
2009-10-21,1,-0.008853806079326731,2.77680986426887e-06
2009-10-22,1,0.01064361892525612,2.380241213684187e-06
2009-10-23,1,-0.01217854917375716,2.77680986426887e-06
2009-10-26,1,-0.01171732558367033,3.173339045314805e-06
2009-10-27,1,-0.003317791043805807,3.173339045314805e-06
2009-10-28,1,-0.01954093776527654,2.77680986426887e-06
2009-10-29,1,0.02251995469034007,2.380241213684187e-06
2009-10-30,1,-0.028064687843108,1.98363308512306e-06
2009-11-02,1,0.006456406503505319,2.380241213684187e-06
2009-11-03,1,0.002426002306142871,2.380241213684187e-06
2009-11-04,1,0.001042620392645466,1.98363308512306e-06
2009-11-05,1,0.01923555172748403,1.586985470813929e-06
2009-11-06,1,0.002503252236567555,2.380241213684187e-06
2009-11-09,1,0.02223876006797521,2.77680986426887e-06
2009-11-10,1,-6.399009393187605e-05,2.77680986426887e-06
2009-11-11,1,0.005031975874749239,2.77680986426887e-06
2009-11-12,1,-0.01025936899168955,2.77680986426887e-06
2009-11-13,1,0.005739294259246241,2.380241213684187e-06
2009-11-16,1,0.01446763419719233,2.77680986426887e-06
2009-11-17,1,0.0009194063067197167,2.380241213684187e-06
2009-11-18,1,-0.0004682411251591967,1.586985470813929e-06
2009-11-19,1,-0.01342586390205736,7.935717540874521e-07
2009-11-20,1,-0.00321492323752004,7.935717540874521e-07
2009-11-23,1,0.01361577570147854,1.98363308512306e-06
2009-11-24,1,-0.0005333072620055113,1.98363308512306e-06
2009-11-25,1,0.004504120073066664,1.98363308512306e-06
2009-11-27,1,-0.01723347520262308,1.190298363207276e-06
2009-11-30,1,0.003792993692546931,2.380241213684187e-06
2009-12-01,1,0.01207522649962933,2.380241213684187e-06
2009-12-02,1,0.0003426987066292853,1.98363308512306e-06
2009-12-03,1,-0.008402100871871432,2.380241213684187e-06
2009-12-04,1,0.005509433669107056,2.380241213684187e-06
2009-12-07,1,-0.002468381450804302,1.586985470813929e-06
2009-12-08,1,-0.01025158268184911,1.190298363207276e-06
2009-12-09,1,0.003672372090776976,1.190298363207276e-06
2009-12-10,1,0.005839705004064832,7.935717540874521e-07
2009-12-11,1,0.003683094011583732,1.190298363207276e-06
2009-12-14,1,0.006959401066515936,1.586985470813929e-06
2009-12-15,1,-0.005546967284988491,1.98363308512306e-06
2009-12-16,1,0.001128230068146552,1.586985470813929e-06
2009-12-17,1,-0.01181061416712426,1.586985470813929e-06
2009-12-18,1,0.005829880031232193,1.98363308512306e-06
2009-12-21,1,0.01050375831789285,3.173339045314805e-06
2009-12-22,1,0.003563547892036834,3.173339045314805e-06
2009-12-23,1,0.002298658560818456,2.77680986426887e-06
2009-12-24,1,0.005256172933983283,1.98363308512306e-06
2009-12-28,1,0.001154080721065265,4.362689847159373e-06
2009-12-29,1,-0.00140105169798499,3.966279028766451e-06
2009-12-30,1,0.000195429571105965,1.98363308512306e-06
2009-12-31,1,-0.0100495977679208,2.380241213684187e-06
2010-01-04,1,0.01604341766668638,3.173339045314805e-06
2010-01-05,0,0.003115675625823267,2.77680986426887e-06
2010-01-06,0,0.0005455206301105964,2.380241213684187e-06
2010-01-07,0,0.004001201874176186,1.98363308512306e-06
2010-01-08,0,0.002881727291428771,1.98363308512306e-06
2010-01-11,0,0.001746755431637492,1.586985470813929e-06
2010-01-12,0,-0.009381166148364262,1.98363308512306e-06
2010-01-13,0,0.008325925658531519,2.380241213684187e-06
2010-01-14,0,0.002426425438374125,1.98363308512306e-06
2010-01-15,0,-0.01082313015986935,2.380241213684187e-06
2010-01-19,0,0.01249962659936354,2.380241213684187e-06
2010-01-20,0,-0.01059782966297074,1.98363308512306e-06
2010-01-21,0,-0.01894490338978838,2.380241213684187e-06
2010-01-22,0,-0.02214098876430048,2.380241213684187e-06
2010-01-25,0,0.004598098012701168,2.380241213684187e-06
2010-01-26,0,-0.004203199573681426,2.77680986426887e-06
2010-01-27,0,0.004880152210945399,3.173339045314805e-06
2010-01-28,0,-0.01181774095956722,3.173339045314805e-06
2010-01-29,0,-0.009829173828038829,3.173339045314805e-06
2010-02-01,0,0.01426610889467139,3.966279028766451e-06
2010-02-02,0,0.01297294837718455,3.966279028766451e-06
2010-02-03,0,-0.005474311429338186,3.966279028766451e-06
2010-02-04,0,-0.03114067788803987,3.569828763927418e-06
2010-02-05,0,0.002897118921961317,3.966279028766451e-06
2010-02-08,0,-0.00886329049344714,4.759061227099792e-06
2010-02-09,0,0.01304013231657741,4.759061227099792e-06
2010-02-10,0,-0.00223257352018924,4.362689847159373e-06
2010-02-11,0,0.009680437561949473,4.362689847159373e-06
2010-02-12,0,-0.002744592819371894,3.966279028766451e-06
2010-02-16,0,0.0180007486455489,3.966279028766451e-06
2010-02-17,0,0.004237959455579476,3.966279028766451e-06
2010-02-18,0,0.006584742448973557,3.966279028766451e-06
2010-02-19,0,0.002186622042296804,4.362689847159373e-06
2010-02-22,0,-0.001045857833989805,4.362689847159373e-06
2010-02-23,0,-0.012102809596931,4.759061227099792e-06
2010-02-24,0,0.009720459424221506,4.759061227099792e-06
2010-02-25,0,-0.002081040179913507,5.155393176359269e-06
2010-02-26,0,0.001405379177898514,5.155393176359269e-06
2010-03-01,0,0.01015850827289455,5.155393176359269e-06
2010-03-02,0,0.002330442271990751,5.551685702931408e-06
2010-03-03,0,0.0004292016020615019,5.551685702931408e-06
2010-03-04,0,0.00373611803348517,5.551685702931408e-06
2010-03-05,0,0.01400748094706494,5.947938814809817e-06
2010-03-08,0,-0.0001755960133915657,6.344152519766055e-06
2010-03-09,0,0.001712737085529215,6.344152519766055e-06
2010-03-10,0,0.004524559954941276,5.947938814809817e-06
2010-03-11,0,0.004041519314613939,6.344152519766055e-06
2010-03-12,0,-0.0002173459470393713,5.947938814809817e-06
2010-03-15,0,0.000452194832708086,6.740326825349641e-06
2010-03-16,0,0.007779116301385613,6.344152519766055e-06
2010-03-17,0,0.005821675803744153,5.947938814809817e-06
2010-03-18,0,-0.0003258460273367625,6.344152519766055e-06
2010-03-19,0,-0.005086446449440674,6.344152519766055e-06
2010-03-22,0,0.005095296193888377,5.947938814809817e-06
2010-03-23,0,0.007170966908319754,5.551685702931408e-06
2010-03-24,0,-0.005493304207041638,5.551685702931408e-06
2010-03-25,0,-0.001704167338318907,5.551685702931408e-06
2010-03-26,0,0.000737722599547741,5.551685702931408e-06
2010-03-29,0,0.005683234964352746,5.947938814809817e-06
2010-03-30,0,4.265937281555665e-05,6.344152519766055e-06
2010-03-31,0,-0.003272874748684207,6.344152519766055e-06
2010-04-01,0,0.007413801148249854,6.344152519766055e-06
2010-04-05,0,0.007927990844466937,7.136461739776223e-06
2010-04-06,0,0.001684295710679518,6.740326825349641e-06
2010-04-07,0,-0.005876707172041695,6.740326825349641e-06
2010-04-08,0,0.003374341747336196,6.740326825349641e-06
2010-04-09,0,0.006683906562972464,6.344152519766055e-06
2010-04-12,0,0.001766609476282932,6.344152519766055e-06
2010-04-13,0,0.0006854008197059169,6.344152519766055e-06
2010-04-14,0,0.01115006685166642,6.344152519766055e-06
2010-04-15,0,0.0008425387276917995,6.344152519766055e-06
2010-04-16,0,-0.01612653474445547,6.344152519766055e-06
2010-04-19,0,0.004521331252766991,6.344152519766055e-06
2010-04-20,0,0.008058340784849127,6.344152519766055e-06
2010-04-21,0,-0.001018996905391867,5.947938814809817e-06
2010-04-22,0,0.0022638793569425,6.344152519766055e-06
2010-04-23,0,0.007123520099379999,6.344152519766055e-06
2010-04-26,0,-0.004296448099761374,6.344152519766055e-06
2010-04-27,0,-0.02338194525714987,6.344152519766055e-06
2010-04-28,0,0.006462752419522877,6.344152519766055e-06
2010-04-29,0,0.01294322802084258,6.740326825349641e-06
2010-04-30,0,-0.01664768010979634,6.344152519766055e-06
2010-05-03,0,0.0131205867818549,6.740326825349641e-06
2010-05-04,0,-0.02383846584506644,6.344152519766055e-06
2010-05-05,0,-0.006586554728659322,5.947938814809817e-06
2010-05-06,0,-0.0323534964113511,4.362689847159373e-06
2010-05-07,0,-0.01530826499801718,5.155393176359269e-06
2010-05-10,0,0.04397412445198445,6.344152519766055e-06
2010-05-11,0,-0.003397292018489928,6.344152519766055e-06
2010-05-12,0,0.01373952391534083,6.344152519766055e-06
2010-05-13,0,-0.01214514496858321,6.344152519766055e-06
2010-05-14,0,-0.01880001451209168,6.344152519766055e-06
2010-05-17,0,0.001109368515538556,6.344152519766055e-06
2010-05-18,0,-0.01419590603718435,6.740326825349641e-06
2010-05-19,0,-0.005130263873571406,6.740326825349641e-06
2010-05-20,0,-0.0389759034166115,6.740326825349641e-06
2010-05-21,0,0.01502438068614542,6.740326825349641e-06
2010-05-24,0,-0.01290801400078778,6.740326825349641e-06
2010-05-25,0,0.0003539373857139871,6.740326825349641e-06
2010-05-26,0,-0.005660994533812413,6.740326825349641e-06
2010-05-27,0,0.032876173067238,6.740326825349641e-06
2010-05-28,0,-0.01237468831159017,6.344152519766055e-06
2010-06-01,0,-0.01716532127985115,6.344152519766055e-06
2010-06-02,0,0.02584270713339065,6.344152519766055e-06
2010-06-03,0,0.004051376711241783,5.551685702931408e-06
2010-06-04,0,-0.03441142577196554,5.551685702931408e-06
2010-06-07,0,-0.01353207320412864,4.759061227099792e-06
2010-06-08,0,0.01097606749211266,4.759061227099792e-06
2010-06-09,0,-0.005941674758709992,3.966279028766451e-06
2010-06-10,0,0.02950679284920343,3.966279028766451e-06
2010-06-11,0,0.004379678623644745,3.173339045314805e-06
2010-06-14,0,-0.001804663564662023,2.77680986426887e-06
2010-06-15,0,0.02349419112104134,3.569828763927418e-06
2010-06-16,0,-0.000555934765067323,3.966279028766451e-06
2010-06-17,0,0.001283008164050248,3.569828763927418e-06
2010-06-18,0,0.001317130794303623,4.362689847159373e-06
2010-06-21,0,-0.003856841152281021,4.759061227099792e-06
2010-06-22,0,-0.01607069112722481,5.155393176359269e-06
2010-06-23,0,-0.002985473844226649,5.155393176359269e-06
2010-06-24,0,-0.01680350261882635,5.155393176359269e-06
2010-06-25,0,0.002859362131449217,5.155393176359269e-06
2010-06-28,0,-0.002033938349028874,6.740326825349641e-06
2010-06-29,0,-0.03101701864060991,5.947938814809817e-06
2010-06-30,0,-0.0101129704925228,7.136461739776223e-06
2010-07-01,0,-0.003240451675924572,6.740326825349641e-06
2010-07-02,0,-0.004662369010297596,6.740326825349641e-06
2010-07-06,0,0.005359034415225228,6.740326825349641e-06
2010-07-07,0,0.03133081639370272,6.344152519766055e-06
2010-07-08,0,0.00941267817151159,5.947938814809817e-06
2010-07-09,0,0.007203887818266752,6.344152519766055e-06
2010-07-12,0,0.0007329020475055348,6.344152519766055e-06
2010-07-13,0,0.01537887909183033,5.947938814809817e-06
2010-07-14,1,-0.0001551316306374062,5.947938814809817e-06
2010-07-15,1,0.001196103318092057,5.947938814809817e-06
2010-07-16,1,-0.02881947335912949,5.947938814809817e-06
2010-07-19,0,0.005981890060832606,6.740326825349641e-06
2010-07-20,0,0.01141655119603269,6.344152519766055e-06
2010-07-21,0,-0.01281981660835918,6.344152519766055e-06
2010-07-22,0,0.02251337325003044,6.344152519766055e-06
2010-07-23,1,0.008220020548378004,6.344152519766055e-06
2010-07-26,1,0.01120016614651731,6.344152519766055e-06
2010-07-27,1,-0.001049357346629476,5.947938814809817e-06
2010-07-28,1,-0.006921964711350426,5.947938814809817e-06
2010-07-29,1,-0.004158621107492988,5.947938814809817e-06
2010-07-30,1,6.349921218906651e-05,5.947938814809817e-06
2010-08-02,1,0.022022522061804,6.344152519766055e-06
2010-08-03,1,-0.004796355216742043,6.344152519766055e-06
2010-08-04,1,0.006051112519185553,6.344152519766055e-06
2010-08-05,1,-0.001268524584838171,5.947938814809817e-06
2010-08-06,1,-0.003704038628435158,5.947938814809817e-06
2010-08-09,1,0.005483064382282743,5.947938814809817e-06
2010-08-10,1,-0.005967405488298549,5.947938814809817e-06
2010-08-11,1,-0.02817876495417326,5.947938814809817e-06
2010-08-12,0,-0.005378748849572235,6.344152519766055e-06
2010-08-13,0,-0.004023574358395621,5.947938814809817e-06
2010-08-16,0,0.0001204585432588168,6.344152519766055e-06
2010-08-17,0,0.01219221601304055,6.740326825349641e-06
2010-08-18,0,0.001482778716813016,6.344152519766055e-06
2010-08-19,0,-0.01693539218946905,6.344152519766055e-06
2010-08-20,0,-0.003663028605260354,5.947938814809817e-06
2010-08-23,0,-0.004040306703827268,6.344152519766055e-06
2010-08-24,0,-0.01451243296259797,6.344152519766055e-06
2010-08-25,0,0.003289342745359525,6.344152519766055e-06
2010-08-26,0,-0.007684786454732917,6.344152519766055e-06
2010-08-27,0,0.01658676839931195,5.947938814809817e-06
2010-08-30,0,-0.01471920868888299,5.551685702931408e-06
2010-08-31,0,0.0003907944287480092,5.551685702931408e-06
2010-09-01,0,0.02950462133399578,5.155393176359269e-06
2010-09-02,0,0.009080835857702807,5.551685702931408e-06
2010-09-03,1,0.0132190023873191,5.551685702931408e-06
2010-09-07,1,-0.01147118978849415,5.551685702931408e-06
2010-09-08,0,0.006438699367076417,5.551685702931408e-06
2010-09-09,1,0.004832290095593716,5.551685702931408e-06
2010-09-10,1,0.004863332840635559,5.551685702931408e-06
2010-09-13,1,0.01113061605376053,5.947938814809817e-06
2010-09-14,1,-0.0007131195389196154,5.947938814809817e-06
2010-09-15,1,0.003541138872159122,5.947938814809817e-06
2010-09-16,1,-0.0003643436665659028,6.344152519766055e-06
2010-09-17,1,0.0008268557718442704,6.344152519766055e-06
2010-09-20,1,0.01520979720595794,6.740326825349641e-06
2010-09-21,1,-0.002564020390809607,6.740326825349641e-06
2010-09-22,1,-0.004825492514895946,6.344152519766055e-06
2010-09-23,1,-0.00833134058442786,6.344152519766055e-06
2010-09-24,1,0.02119439277225732,5.947938814809817e-06
2010-09-27,1,-0.005667432349209967,6.344152519766055e-06
2010-09-28,1,0.004850385958536707,6.344152519766055e-06
2010-09-29,1,-0.002587758847678368,6.344152519766055e-06
2010-09-30,1,-0.003083722237648967,6.344152519766055e-06
2010-10-01,1,0.004416438203773465,6.344152519766055e-06
2010-10-04,1,-0.008034932488803492,5.155393176359269e-06
2010-10-05,1,0.02086134059079603,4.759061227099792e-06
2010-10-06,1,-0.0006720045633211713,5.155393176359269e-06
2010-10-07,1,-0.001646518580319167,5.155393176359269e-06
2010-10-08,1,0.006122278173483986,4.759061227099792e-06
2010-10-11,1,0.0001458369063549458,4.759061227099792e-06
2010-10-12,1,0.003818756605307616,5.155393176359269e-06
2010-10-13,1,0.007121020299379888,5.155393176359269e-06
2010-10-14,1,-0.003641386199039975,5.551685702931408e-06
2010-10-15,1,0.002027485447987365,5.551685702931408e-06
2010-10-18,1,0.007243744595420987,5.947938814809817e-06
2010-10-19,1,-0.01587725024997089,5.551685702931408e-06
2010-10-20,1,0.01052407519882892,5.551685702931408e-06
2010-10-21,1,0.001773908470219077,5.155393176359269e-06
2010-10-22,1,0.002389258524164495,5.155393176359269e-06
2010-10-25,1,0.002146971596890701,5.551685702931408e-06
2010-10-26,1,1.688528477283846e-05,5.551685702931408e-06
2010-10-27,1,-0.002690583513672018,5.551685702931408e-06
2010-10-28,1,0.001124849405830464,5.155393176359269e-06
2010-10-29,1,-0.0004392872986367369,4.759061227099792e-06
2010-11-01,1,0.000946533397514937,5.155393176359269e-06
2010-11-02,1,0.007759284493458862,5.155393176359269e-06
2010-11-03,1,0.003678053944041526,5.155393176359269e-06
2010-11-04,1,0.01928286287479275,5.155393176359269e-06
2010-11-05,1,0.003922752987026934,5.155393176359269e-06
2010-11-08,1,-0.002120957407284019,5.155393176359269e-06
2010-11-09,1,-0.008052299681943986,5.155393176359269e-06
2010-11-10,1,0.004376080778473845,5.155393176359269e-06
2010-11-11,1,-0.004242126544221403,5.155393176359269e-06
2010-11-12,1,-0.01180849223241986,5.155393176359269e-06
2010-11-15,1,-0.001217435632671626,5.551685702931408e-06
2010-11-16,1,-0.01620541363363637,5.947938814809817e-06
2010-11-17,0,0.0002121628793485542,5.551685702931408e-06
2010-11-18,0,0.01535731349395975,5.947938814809817e-06
2010-11-19,1,0.002540373205550228,5.551685702931408e-06
2010-11-22,1,-0.00157536669017766,5.947938814809817e-06
2010-11-23,1,-0.01428403279218082,5.947938814809817e-06
2010-11-24,0,0.01492296749354405,6.344152519766055e-06
2010-11-26,1,-0.007468562068021711,6.344152519766055e-06
2010-11-29,0,-0.001378858764733093,7.136461739776223e-06
2010-11-30,0,-0.006070216944686235,6.740326825349641e-06
2010-12-01,0,0.02161695515261663,6.344152519766055e-06
2010-12-02,1,0.01281856251818714,6.344152519766055e-06
2010-12-03,1,0.002603236567549239,5.551685702931408e-06
2010-12-06,1,-0.001298238661417428,5.947938814809817e-06
2010-12-07,1,0.0005150801927260584,5.551685702931408e-06
2010-12-08,1,0.003701760406026544,5.947938814809817e-06
2010-12-09,1,0.003842748062774293,5.551685702931408e-06
2010-12-10,1,0.006001641860553075,5.155393176359269e-06
2010-12-13,1,4.832031784762769e-05,5.947938814809817e-06
2010-12-14,1,0.000910956353607828,5.947938814809817e-06
2010-12-15,1,-0.005122452280258316,5.551685702931408e-06
2010-12-16,1,0.006185094896691723,5.155393176359269e-06
2010-12-17,1,0.0008368043854836138,4.362689847159373e-06
2010-12-20,1,0.002548353006164517,5.551685702931408e-06
2010-12-21,1,0.006030102155631267,5.551685702931408e-06
2010-12-22,1,0.003379555489305464,5.551685702931408e-06
2010-12-23,1,-0.001644328385866922,5.551685702931408e-06
2010-12-27,1,0.0006126972471360848,6.740326825349641e-06
2010-12-28,1,0.0007713239125555216,5.947938814809817e-06
2010-12-29,1,0.001009145355535646,5.155393176359269e-06
2010-12-30,1,-0.001508219188967042,4.759061227099792e-06
2010-12-31,1,-0.000190789450060791,4.759061227099792e-06
2011-01-03,1,0.0113148280135853,5.947938814809817e-06
2011-01-04,1,-0.001313061831574314,5.551685702931408e-06
2011-01-05,1,0.005007170261664085,5.551685702931408e-06
2011-01-06,1,-0.002122957701494621,5.947938814809817e-06
2011-01-07,1,-0.001844782063018857,5.551685702931408e-06
2011-01-10,1,-0.001376327172630698,5.947938814809817e-06
2011-01-11,1,0.003725127362669722,5.947938814809817e-06
2011-01-12,1,0.00900758006769764,5.947938814809817e-06
2011-01-13,1,-0.001710746243041017,5.947938814809817e-06
2011-01-14,1,0.007384542591010179,5.947938814809817e-06
2011-01-18,1,0.00137641065101346,6.344152519766055e-06
2011-01-19,1,-0.01011565488437749,6.344152519766055e-06
2011-01-20,1,-0.001294959219592218,6.344152519766055e-06
2011-01-21,1,0.002413545527270466,6.344152519766055e-06
2011-01-24,1,0.005836280341965372,6.344152519766055e-06
2011-01-25,1,0.0002634624737620772,6.344152519766055e-06
2011-01-26,1,0.004220907189675493,6.344152519766055e-06
2011-01-27,1,0.002244305753167364,5.947938814809817e-06
2011-01-28,1,-0.01785252669777282,5.947938814809817e-06
2011-01-31,1,0.007662558220207671,5.947938814809817e-06
2011-02-01,1,0.01669359840810802,5.947938814809817e-06
2011-02-02,1,-0.002722517468389807,6.344152519766055e-06
2011-02-03,1,0.002354199075245367,5.551685702931408e-06
2011-02-04,1,0.002884262567260709,5.947938814809817e-06
2011-02-07,1,0.006240171597035937,6.344152519766055e-06
2011-02-08,1,0.004184752099316569,5.947938814809817e-06
2011-02-09,1,-0.00278576561138788,5.551685702931408e-06
2011-02-10,1,0.0007494929370694958,4.759061227099792e-06
2011-02-11,1,0.005507371620329993,4.759061227099792e-06
2011-02-14,1,0.002384924061824778,5.155393176359269e-06
2011-02-15,1,-0.003234911055292389,5.155393176359269e-06
2011-02-16,1,0.006257435156609814,4.759061227099792e-06
2011-02-17,1,0.00307569114214723,3.569828763927418e-06
2011-02-18,1,0.001924722627297593,3.966279028766451e-06
2011-02-22,1,-0.02052856505826517,4.759061227099792e-06
2011-02-23,1,-0.006111960522950932,4.759061227099792e-06
2011-02-24,1,-0.0009943772402075668,5.155393176359269e-06
2011-02-25,1,0.01055051646463134,5.155393176359269e-06
2011-02-28,1,0.00556108569957825,5.947938814809817e-06
2011-03-01,1,-0.01573967775467555,5.551685702931408e-06
2011-03-02,1,0.001615200923612337,5.155393176359269e-06
2011-03-03,1,0.01721900148711519,5.155393176359269e-06
2011-03-04,1,-0.007378037450292974,4.759061227099792e-06
2011-03-07,1,-0.008341232507744434,4.362689847159373e-06
2011-03-08,1,0.008922733898683255,4.362689847159373e-06
2011-03-09,1,-0.001361703432351202,3.966279028766451e-06
2011-03-10,1,-0.01887095181218068,3.173339045314805e-06
2011-03-11,1,0.007080513662184318,3.173339045314805e-06
2011-03-14,1,-0.006049325659529203,3.569828763927418e-06
2011-03-15,1,-0.01120034817237281,3.966279028766451e-06
2011-03-16,0,-0.0194949490428562,3.966279028766451e-06
2011-03-17,0,0.01339822875285779,3.173339045314805e-06
2011-03-18,0,0.004310201897316901,2.77680986426887e-06
2011-03-21,0,0.01498584636666123,3.966279028766451e-06
2011-03-22,1,-0.003550567117658332,3.966279028766451e-06
2011-03-23,1,0.00291397966743423,3.569828763927418e-06
2011-03-24,1,0.009340748456552417,3.569828763927418e-06
2011-03-25,1,0.003161136890788674,3.569828763927418e-06
2011-03-28,1,-0.002747836267090409,4.362689847159373e-06
2011-03-29,1,0.007060045042073693,3.966279028766451e-06
2011-03-30,1,0.006684706201916635,3.966279028766451e-06
2011-03-31,1,-0.001829501523098465,3.569828763927418e-06
2011-04-01,1,0.004962987972138233,2.77680986426887e-06
2011-04-04,1,0.0003452097520288966,2.380241213684187e-06
2011-04-05,1,-0.0001800552456391324,2.77680986426887e-06
2011-04-06,1,0.002183677516659044,2.380241213684187e-06
2011-04-07,1,-0.00152000631766902,1.586985470813929e-06
2011-04-08,1,-0.004004443747108843,1.586985470813929e-06
2011-04-11,1,-0.002793379526006556,1.98363308512306e-06
2011-04-12,1,-0.00777669922956481,1.98363308512306e-06
2011-04-13,1,0.0001902355828040658,2.380241213684187e-06
2011-04-14,1,8.367659155217311e-05,2.77680986426887e-06
2011-04-15,1,0.003925413156908863,2.77680986426887e-06
2011-04-18,1,-0.0110178516539774,2.77680986426887e-06
2011-04-19,0,0.00573117089721964,2.380241213684187e-06
2011-04-20,1,0.01351494743365556,2.380241213684187e-06
2011-04-21,1,0.00527678193011405,2.380241213684187e-06
2011-04-25,1,-0.001592669903120569,2.77680986426887e-06
2011-04-26,1,0.008979584523029382,2.77680986426887e-06
2011-04-27,1,0.00624984709951204,2.380241213684187e-06
2011-04-28,1,0.003555424049937805,1.586985470813929e-06
2011-04-29,1,0.002300662213150506,1.586985470813929e-06
2011-05-02,1,-0.001752711313433797,1.98363308512306e-06
2011-05-03,1,-0.003379303628318731,1.190298363207276e-06
2011-05-04,1,-0.006855308680101313,1.190298363207276e-06
2011-05-05,1,-0.009069835815005645,7.935717540874521e-07
2011-05-06,1,0.003819920364914076,7.935717540874521e-07
2011-05-09,1,0.004544163641626575,1.190298363207276e-06
2011-05-10,1,0.008074036650198568,1.190298363207276e-06
2011-05-11,1,-0.01111149587757709,1.190298363207276e-06
2011-05-12,1,0.004895437361785993,7.935717540874521e-07
2011-05-13,1,-0.008067330060323896,1.190298363207276e-06
2011-05-16,1,-0.006204391417766519,1.586985470813929e-06
2011-05-17,1,-0.0003685605881837972,1.586985470813929e-06
2011-05-18,1,0.008803799465858964,1.98363308512306e-06
2011-05-19,1,0.002177940864352967,1.98363308512306e-06
2011-05-20,1,-0.007688267521873904,1.98363308512306e-06
2011-05-23,1,-0.01192558460112392,2.380241213684187e-06
2011-05-24,0,-0.0008273801774391076,2.380241213684187e-06
2011-05-25,0,0.003183168712578732,2.380241213684187e-06
2011-05-26,0,0.003953115798873919,1.98363308512306e-06
2011-05-27,0,0.004080919686204387,1.98363308512306e-06
2011-05-31,1,0.01059272469727923,2.380241213684187e-06
2011-06-01,1,-0.02278464425831217,1.98363308512306e-06
2011-06-02,0,-0.001224835390109646,1.586985470813929e-06
2011-06-03,0,-0.00973380946341984,1.586985470813929e-06
2011-06-06,0,-0.0107602063335247,1.98363308512306e-06
2011-06-07,0,-0.0009564073932936124,1.98363308512306e-06
2011-06-08,0,-0.004186874918536865,1.586985470813929e-06
2011-06-09,0,0.007377489898070522,1.98363308512306e-06
2011-06-10,0,-0.01397984447730805,1.98363308512306e-06
2011-06-13,0,0.0006687560771998502,1.98363308512306e-06
2011-06-14,0,0.01261177957488702,1.98363308512306e-06
2011-06-15,0,-0.01743184580508306,1.98363308512306e-06
2011-06-16,0,0.001754335023969267,1.98363308512306e-06
2011-06-17,0,0.003045016966139569,1.586985470813929e-06
2011-06-20,0,0.005395190996116517,1.190298363207276e-06
2011-06-21,0,0.0134234756847218,1.190298363207276e-06
2011-06-22,0,-0.006468448774604174,7.935717540874521e-07
2011-06-23,0,-0.00282798654925831,3.968056356828953e-07
2011-06-24,0,-0.01172578794555901,7.935717540874521e-07
2011-06-27,0,0.009184457300266402,7.935717540874521e-07
2011-06-28,0,0.0129443548749304,1.190298363207276e-06
2011-06-29,0,0.008282747245164979,7.935717540874521e-07
2011-06-30,0,0.01011922818616795,1.190298363207276e-06
2011-07-01,1,0.01440970217909077,7.935717540874521e-07
2011-07-05,1,-0.001336179061844467,7.935717540874521e-07
2011-07-06,1,0.001001559045222589,3.968056356828953e-07
2011-07-07,1,0.01045384649741266,1.190298363207276e-06
2011-07-08,1,-0.006961116506509657,1.190298363207276e-06
2011-07-11,1,-0.01809053260189253,1.190298363207276e-06
2011-07-12,0,-0.004433512667191941,1.190298363207276e-06
2011-07-13,0,0.003105840267646709,3.968056356828953e-07
2011-07-14,0,-0.006716127692300788,3.968056356828953e-07
2011-07-15,0,0.005554424471774233,7.935717540874521e-07
2011-07-18,0,-0.00812988977091933,7.935717540874521e-07
2011-07-19,0,0.01630870818887753,1.190298363207276e-06
2011-07-20,1,-0.0006708332980638332,7.935717540874521e-07
2011-07-21,1,0.01354619220329578,1.98363308512306e-06
2011-07-22,1,0.0009078513609139804,1.98363308512306e-06
2011-07-25,1,-0.005643013271250163,1.98363308512306e-06
2011-07-26,1,-0.004104971538103741,2.77680986426887e-06
2011-07-27,1,-0.02030866851943258,3.173339045314805e-06
2011-07-28,0,-0.003233966583967463,2.77680986426887e-06
2011-07-29,0,-0.006450532698506484,3.966279028766451e-06
2011-08-01,0,-0.004132299323336697,3.966279028766451e-06
2011-08-02,0,-0.02555666470510343,2.380241213684187e-06
2011-08-03,0,0.005015682586245074,7.935717540874521e-07
2011-08-04,0,-0.04782044620161063,7.935717540874521e-07
2011-08-05,0,-0.0005749176607442452,3.968056356828953e-07
2011-08-08,0,-0.06663446415643792,1.98363308512306e-06
2011-08-09,0,0.0474068481332115,1.190298363207276e-06
2011-08-10,0,-0.04415240397919251,7.935717540874521e-07
2011-08-11,0,0.04629002144148786,1.190298363207276e-06
2011-08-12,0,0.005261669283187276,7.935717540874521e-07
2011-08-15,0,0.02178462208853182,7.935717540874521e-07
2011-08-16,0,-0.00973854541245922,1.190298363207276e-06
2011-08-17,0,0.0009473866272855513,3.968056356828953e-07
2011-08-18,0,-0.04459371431300008,3.968056356828953e-07
2011-08-19,0,-0.01500898150243879,7.935717540874521e-07
2011-08-22,0,0.0002580411601178501,3.968056356828953e-07
2011-08-23,0,0.03428487759458698,3.968056356828953e-07
2011-08-24,0,0.01311997274513854,7.935717540874521e-07
2011-08-25,0,-0.01556552007023226,3.968056356828953e-07
2011-08-26,0,0.01512161015253666,3.968056356828953e-07
2011-08-29,0,0.02828000156840882,7.935717540874521e-07
2011-08-30,1,0.002347024984930668,3.968056356828953e-07
2011-08-31,1,0.004921982065451802,7.935717540874521e-07
2011-09-01,1,-0.01187143263889934,7.935717540874521e-07
2011-09-02,0,-0.02528193830322012,7.935717540874521e-07
2011-09-06,0,-0.007436289416773878,7.935717540874521e-07
2011-09-07,0,0.02864646352902711,7.935717540874521e-07
2011-09-08,0,-0.01061217963570038,7.935717540874521e-07
2011-09-09,0,-0.02670549227871022,3.968056356828953e-07
2011-09-12,0,0.006965716710316983,3.968056356828953e-07
2011-09-13,0,0.009120062814846674,3.968056356828953e-07
2011-09-14,0,0.0134798048032343,3.968056356828953e-07
2011-09-15,0,0.01718707365942906,3.968056356828953e-07
2011-09-16,1,0.005706697072770162,3.968056356828953e-07
2011-09-19,1,-0.009802587026080833,3.968056356828953e-07
2011-09-20,1,-0.001661005453722386,3.968056356828953e-07
2011-09-21,1,-0.02939044252863199,3.968056356828953e-07
2011-09-22,0,-0.03188312151643558,0.0
2011-09-23,0,0.006082009597383253,3.968056356828953e-07
2011-09-26,0,0.02333614583171051,7.935717540874521e-07
2011-09-27,0,0.01068838233185487,3.968056356828953e-07
2011-09-28,0,-0.02069113494191765,7.935717540874521e-07
2011-09-29,0,0.008114229792425043,7.935717540874521e-07
2011-09-30,0,-0.02497412948899524,7.935717540874521e-07
2011-10-03,0,-0.02845102811181766,7.935717540874521e-07
2011-10-04,0,0.02248844294856611,3.968056356828953e-07
2011-10-05,0,0.017865633700205,0.0
2011-10-06,0,0.0183036641259493,3.968056356828953e-07
2011-10-07,1,-0.008163308930517088,3.968056356828953e-07
2011-10-10,1,0.03412498489254934,3.968056356828953e-07
2011-10-11,1,0.0005440035535431154,7.935717540874521e-07
2011-10-12,1,0.009794704112697561,7.935717540874521e-07
2011-10-13,1,-0.002973672247100434,7.935717540874521e-07
2011-10-14,1,0.01738025794738407,7.935717540874521e-07
2011-10-17,1,-0.01936988318798405,1.586985470813929e-06
2011-10-18,1,0.02041871644517457,1.586985470813929e-06
2011-10-19,1,-0.01264913736003248,1.190298363207276e-06
2011-10-20,1,0.004554178714739177,1.190298363207276e-06
2011-10-21,1,0.01880876515031638,7.935717540874521e-07
2011-10-24,1,0.01287295893902685,7.935717540874521e-07
2011-10-25,1,-0.02004472508361621,3.968056356828953e-07
2011-10-26,1,0.01053655315682422,7.935717540874521e-07
2011-10-27,1,0.03429143785854438,7.935717540874521e-07
2011-10-28,1,0.0003892292585989665,3.968056356828953e-07
2011-10-31,1,-0.0247375030836029,3.968056356828953e-07
2011-11-01,1,-0.02794224700142223,3.968056356828953e-07
2011-11-02,1,0.01610466776551411,3.968056356828953e-07
2011-11-03,1,0.01878180753005876,3.968056356828953e-07
2011-11-04,1,-0.006280017279460259,3.968056356828953e-07
2011-11-07,1,0.006295743615618576,3.968056356828953e-07
2011-11-08,1,0.01173563886499851,3.968056356828953e-07
2011-11-09,1,-0.03669514291397158,3.968056356828953e-07
2011-11-10,1,0.008624176874532763,3.968056356828953e-07
2011-11-11,1,0.01948053994132537,3.968056356828953e-07
2011-11-14,1,-0.009550141648313248,3.968056356828953e-07
2011-11-15,1,0.004817163683512371,3.968056356828953e-07
2011-11-16,1,-0.01661620073020287,3.968056356828953e-07
2011-11-17,1,-0.01679995207626972,7.935717540874521e-07
2011-11-18,0,-0.0003946785843806921,3.968056356828953e-07
2011-11-21,0,-0.01864849544690206,7.935717540874521e-07
2011-11-22,0,-0.004140841830647446,7.935717540874521e-07
2011-11-23,0,-0.02209521492281885,7.935717540874521e-07
2011-11-25,0,-0.002685506857767139,7.935717540874521e-07
2011-11-28,0,0.02924042531336224,1.190298363207276e-06
2011-11-29,0,0.002213653490450218,7.935717540874521e-07
2011-11-30,0,0.0433153072475978,3.968056356828953e-07
2011-12-01,1,-0.001908645792462083,3.968056356828953e-07
2011-12-02,1,-0.0002409863314557503,7.935717540874521e-07
2011-12-05,1,0.0102870145437004,3.968056356828953e-07
2011-12-06,1,0.001105748796440542,3.968056356828953e-07
2011-12-07,1,0.002018354924337773,7.935717540874521e-07
2011-12-08,1,-0.02114181011508554,3.968056356828953e-07
2011-12-09,1,0.01688335256005447,3.968056356828953e-07
2011-12-12,1,-0.01491405410893598,3.968056356828953e-07
2011-12-13,1,-0.00868600976072853,3.968056356828953e-07
2011-12-14,1,-0.01134836742295264,3.968056356828953e-07
2011-12-15,0,0.003243100365671436,0.0
2011-12-16,1,0.003216149849630145,0.0
2011-12-19,1,-0.01173282569956025,3.968056356828953e-07
2011-12-20,0,0.02982542329642568,3.968056356828953e-07
2011-12-21,1,0.001949505985506583,3.968056356828953e-07
2011-12-22,1,0.008265549753183832,3.968056356828953e-07
2011-12-23,1,0.00903505267518967,3.968056356828953e-07
2011-12-27,1,7.9107947907886e-05,7.935717540874521e-07
2011-12-28,1,-0.0124780022540123,3.968056356828953e-07
2011-12-29,1,0.01070708742195348,7.935717540874521e-07
2011-12-30,1,-0.004291336527922684,7.935717540874521e-07
2012-01-03,1,0.01547398488040308,7.935717540874521e-07
2012-01-04,1,0.000187923999940276,7.935717540874521e-07
2012-01-05,1,0.002943716919978634,7.935717540874521e-07
2012-01-06,1,-0.002536961462655807,7.935717540874521e-07
2012-01-09,1,0.002261597925833581,3.968056356828953e-07
2012-01-10,1,0.008885769748331773,7.935717540874521e-07
2012-01-11,1,0.0003095972599740371,7.935717540874521e-07
2012-01-12,1,0.002336608362904613,1.190298363207276e-06
2012-01-13,1,-0.004947922948427608,1.190298363207276e-06
2012-01-17,1,0.003552954600872571,1.190298363207276e-06
2012-01-18,1,0.01110792909246294,1.190298363207276e-06
2012-01-19,1,0.004938656879440728,1.98363308512306e-06
2012-01-20,1,0.0006694597815231074,1.98363308512306e-06
2012-01-23,1,0.0004713429692457805,1.586985470813929e-06
2012-01-24,1,-0.001025817314542543,1.586985470813929e-06
2012-01-25,1,0.008679141952455005,1.586985470813929e-06
2012-01-26,1,-0.005753890884024893,1.98363308512306e-06
2012-01-27,1,-0.001592877567026751,2.380241213684187e-06
2012-01-30,1,-0.002522123175722202,1.98363308512306e-06
2012-01-31,1,-0.0004569466961216184,2.380241213684187e-06
2012-02-01,1,0.00889960556262026,2.380241213684187e-06
2012-02-02,1,0.001095147066755064,3.173339045314805e-06
2012-02-03,1,0.01460535689684228,3.173339045314805e-06
2012-02-06,1,-0.0004238741534876578,3.173339045314805e-06
2012-02-07,1,0.002023381805327018,3.173339045314805e-06
2012-02-08,1,0.002160210833967557,3.569828763927418e-06
2012-02-09,1,0.00147411056028135,3.569828763927418e-06
2012-02-10,1,-0.006886302644093512,3.569828763927418e-06
2012-02-13,1,0.006800039312996775,4.362689847159373e-06
2012-02-14,1,-0.0009395233752043097,4.759061227099792e-06
2012-02-15,1,-0.005383205872824925,4.362689847159373e-06
2012-02-16,1,0.01102570580548079,3.966279028766451e-06
2012-02-17,1,0.002348930307277231,3.569828763927418e-06
2012-02-21,1,0.000719922777789872,3.173339045314805e-06
2012-02-22,1,-0.00334010680312502,3.569828763927418e-06
2012-02-23,1,0.004272002277297959,3.569828763927418e-06
2012-02-24,1,0.00167223780836756,3.966279028766451e-06
2012-02-27,1,0.001354559139488565,4.759061227099792e-06
2012-02-28,1,0.003356333407925183,3.966279028766451e-06
2012-02-29,1,-0.004736987673316873,3.173339045314805e-06
2012-03-01,1,0.006158039788691339,3.173339045314805e-06
2012-03-02,1,-0.003245756135652589,2.77680986426887e-06
2012-03-05,1,-0.003869693865663826,3.173339045314805e-06
2012-03-06,1,-0.01537016072253228,3.173339045314805e-06
2012-03-07,1,0.006900622046460692,3.173339045314805e-06
2012-03-08,1,0.009817931917033285,3.173339045314805e-06
2012-03-09,1,0.003631250092162031,3.569828763927418e-06
2012-03-12,1,0.0001604606592220392,3.569828763927418e-06
2012-03-13,1,0.01813154933030914,3.173339045314805e-06
2012-03-14,1,-0.001196261996068038,3.569828763927418e-06
2012-03-15,1,0.005967198922915529,3.173339045314805e-06
2012-03-16,1,0.001119398536078009,3.569828763927418e-06
2012-03-19,1,0.003973846386161162,3.966279028766451e-06
2012-03-20,1,-0.003000518154814724,3.966279028766451e-06
2012-03-21,1,-0.001871197027623395,3.569828763927418e-06
2012-03-22,1,-0.007206541671833433,3.173339045314805e-06
2012-03-23,1,0.003108858515779467,3.173339045314805e-06
2012-03-26,1,0.01388582475071298,3.569828763927418e-06
2012-03-27,1,-0.002816775177631903,3.569828763927418e-06
2012-03-28,1,-0.00494150905632218,3.569828763927418e-06
2012-03-29,1,-0.001607929836799582,2.77680986426887e-06
2012-03-30,1,0.003698436019823115,2.77680986426887e-06
2012-04-02,1,0.007504645877610239,3.173339045314805e-06
2012-04-03,1,-0.003988635996083123,3.173339045314805e-06
2012-04-04,1,-0.01020252437100777,3.173339045314805e-06
2012-04-05,1,-0.0006290422223537151,3.173339045314805e-06
2012-04-09,1,-0.01135843827389205,3.569828763927418e-06
2012-04-10,1,-0.01708145433773578,3.569828763927418e-06
2012-04-11,0,0.007448895819775592,3.569828763927418e-06
2012-04-12,1,0.01377938781028809,3.569828763927418e-06
2012-04-13,1,-0.0124750010402942,3.569828763927418e-06
2012-04-16,1,-0.000503600390907577,3.173339045314805e-06
2012-04-17,1,0.01548667380244662,3.173339045314805e-06
2012-04-18,1,-0.004055288780130395,2.77680986426887e-06
2012-04-19,1,-0.005934396967957167,2.77680986426887e-06
2012-04-20,1,0.001169265680053488,3.173339045314805e-06
2012-04-23,1,-0.008407570124922548,3.173339045314805e-06
2012-04-24,0,0.003679773444691614,3.569828763927418e-06
2012-04-25,1,0.01364459215789626,3.569828763927418e-06
2012-04-26,1,0.006680165568110796,3.569828763927418e-06
2012-04-27,1,0.002414323726029455,3.569828763927418e-06
2012-04-30,1,-0.003883501901694064,3.966279028766451e-06
2012-05-01,1,0.005658384242170245,3.569828763927418e-06
2012-05-02,1,-0.00249668366463085,3.173339045314805e-06
2012-05-03,1,-0.007658871330822659,3.569828763927418e-06
2012-05-04,1,-0.01614720895851862,2.77680986426887e-06
2012-05-07,0,0.0003505810220649774,3.966279028766451e-06
2012-05-08,0,-0.004278673417829282,3.569828763927418e-06
2012-05-09,0,-0.006702266480503649,3.569828763927418e-06
2012-05-10,0,0.002517410777004958,3.966279028766451e-06
2012-05-11,0,-0.003387341305176483,3.966279028766451e-06
2012-05-14,0,-0.01111286391927968,3.966279028766451e-06
2012-05-15,0,-0.005745837446504476,3.569828763927418e-06
2012-05-16,0,-0.004403818556988126,3.966279028766451e-06
2012-05-17,0,-0.01505137586173955,3.966279028766451e-06
2012-05-18,0,-0.007387777046316435,3.173339045314805e-06
2012-05-21,0,0.01603590123766763,3.569828763927418e-06
2012-05-22,0,0.0004863370186600768,3.569828763927418e-06
2012-05-23,0,0.001693703212352737,3.569828763927418e-06
2012-05-24,0,0.001380031526918124,3.966279028766451e-06
2012-05-25,0,-0.002165632329979794,3.569828763927418e-06
2012-05-29,0,0.01107897759277621,3.569828763927418e-06
2012-05-30,0,-0.01433489217086104,2.77680986426887e-06
2012-05-31,0,-0.002276665516900644,2.77680986426887e-06
2012-06-01,0,-0.02464258474973025,2.77680986426887e-06
2012-06-04,0,0.0001095541956108725,3.173339045314805e-06
2012-06-05,0,0.005726850663809069,3.173339045314805e-06
2012-06-06,0,0.02304940092011831,3.569828763927418e-06
2012-06-07,0,-0.0001064644924206881,3.569828763927418e-06
2012-06-08,0,0.008114163624478365,3.569828763927418e-06
2012-06-11,0,-0.0126201137828692,3.569828763927418e-06
2012-06-12,0,0.01165073714730958,3.966279028766451e-06
2012-06-13,0,-0.007023250955988214,3.966279028766451e-06
2012-06-14,0,0.01081465278224636,4.362689847159373e-06
2012-06-15,0,0.01033781542905898,3.569828763927418e-06
2012-06-18,1,0.001444746601191538,3.966279028766451e-06
2012-06-19,1,0.009815695418065262,3.569828763927418e-06
2012-06-20,1,-0.001686357012206874,3.569828763927418e-06
2012-06-21,1,-0.02226167703901349,3.569828763927418e-06
2012-06-22,0,0.007174604262178752,3.569828763927418e-06
2012-06-25,0,-0.01595485349770542,3.966279028766451e-06
2012-06-26,0,0.004772721486371312,3.966279028766451e-06
2012-06-27,0,0.008984905521485897,3.569828763927418e-06
2012-06-28,0,-0.002109799583246419,3.569828763927418e-06
2012-06-29,0,0.02492023877666671,3.569828763927418e-06
2012-07-02,1,0.002459311315762047,3.966279028766451e-06
2012-07-03,1,0.006232110863167994,3.569828763927418e-06
2012-07-05,1,-0.004687023030973791,3.173339045314805e-06
2012-07-06,1,-0.009432649467139509,3.173339045314805e-06
2012-07-09,1,-0.001638831816676123,3.569828763927418e-06
2012-07-10,1,-0.008125926498228409,3.569828763927418e-06
2012-07-11,1,-1.492357763288599e-05,3.966279028766451e-06
2012-07-12,1,-0.004987097282612596,3.966279028766451e-06
2012-07-13,1,0.01649736234989274,3.966279028766451e-06
2012-07-16,1,-0.002314313728559392,3.966279028766451e-06
2012-07-17,1,0.007409672577889159,3.966279028766451e-06
2012-07-18,1,0.006680490923747451,3.569828763927418e-06
2012-07-19,1,0.002717099891568653,3.569828763927418e-06
2012-07-20,1,-0.01006165991360664,3.569828763927418e-06
2012-07-23,1,-0.008909056069693944,3.966279028766451e-06
2012-07-24,1,-0.009040932945028057,3.966279028766451e-06
2012-07-25,1,-0.0003138614573019449,3.966279028766451e-06
2012-07-26,1,0.01654097469934945,4.362689847159373e-06
2012-07-27,1,0.01908056557933535,4.362689847159373e-06
2012-07-30,1,-0.0004833595887074882,4.362689847159373e-06
2012-07-31,1,-0.004316828360846237,4.362689847159373e-06
2012-08-01,1,-0.002899979813067777,3.966279028766451e-06
2012-08-02,1,-0.007503669467535667,3.569828763927418e-06
2012-08-03,1,0.01904028588598905,3.569828763927418e-06
2012-08-06,1,0.00232926926658128,3.966279028766451e-06
2012-08-07,1,0.005106758007595191,4.362689847159373e-06
2012-08-08,1,0.0006208264404639063,4.362689847159373e-06
2012-08-09,1,0.0004136855394443195,4.362689847159373e-06
2012-08-10,1,0.002188441817939424,3.966279028766451e-06
2012-08-13,1,-0.001251900795762539,4.362689847159373e-06
2012-08-14,1,-0.0001281464005677968,4.362689847159373e-06
2012-08-15,1,0.001139640526754082,3.569828763927418e-06
2012-08-16,1,0.007100510313353237,3.569828763927418e-06
2012-08-17,1,0.00187213399819175,3.569828763927418e-06
2012-08-20,1,-2.117482946362159e-05,4.362689847159373e-06
2012-08-21,1,-0.003497536135912971,4.362689847159373e-06
2012-08-22,1,0.0002264032488048517,4.362689847159373e-06
2012-08-23,1,-0.00807224264658224,4.362689847159373e-06
2012-08-24,1,0.006454730908207251,3.966279028766451e-06
2012-08-27,1,-0.0004890148137834949,4.362689847159373e-06
2012-08-28,1,-0.0008081822874276279,3.966279028766451e-06
2012-08-29,1,0.0008443492265819419,4.759061227099792e-06
2012-08-30,1,-0.00780580496271055,3.966279028766451e-06
2012-08-31,1,0.005073295570515945,3.569828763927418e-06
2012-09-04,1,-0.00116595906359851,3.966279028766451e-06
2012-09-05,1,-0.001067661296965228,4.362689847159373e-06
2012-09-06,1,0.02043554046367002,4.362689847159373e-06
2012-09-07,1,0.004049974057969585,4.362689847159373e-06
2012-09-10,1,-0.006147829935223004,3.966279028766451e-06
2012-09-11,1,0.003134955829504849,3.966279028766451e-06
2012-09-12,1,0.002092692232889659,3.966279028766451e-06
2012-09-13,1,0.01630974737217783,3.966279028766451e-06
2012-09-14,1,0.003958951318527193,4.362689847159373e-06
2012-09-17,1,-0.003124690820504483,4.362689847159373e-06
2012-09-18,1,-0.001279775520072524,3.966279028766451e-06
2012-09-19,1,0.001185553958515051,4.362689847159373e-06
2012-09-20,1,-0.0005407337436069692,4.362689847159373e-06
2012-09-21,1,-7.531901909751948e-05,4.362689847159373e-06
2012-09-24,1,-0.002232653981519617,4.362689847159373e-06
2012-09-25,1,-0.01050185578478136,4.362689847159373e-06
2012-09-26,1,-0.00573673494358995,4.362689847159373e-06
2012-09-27,1,0.009648981834660786,3.569828763927418e-06
2012-09-28,1,-0.004477753072888002,3.966279028766451e-06
2012-10-01,1,0.002651506710448448,3.569828763927418e-06
2012-10-02,1,0.0008722869484341089,3.569828763927418e-06
2012-10-03,1,0.003624409638163684,3.569828763927418e-06
2012-10-04,1,0.007174435557619097,3.966279028766451e-06
2012-10-05,1,-0.0003215893631263178,4.362689847159373e-06
2012-10-08,1,-0.003456735533161392,4.362689847159373e-06
2012-10-09,1,-0.009890941812351617,3.966279028766451e-06
2012-10-10,1,-0.006188030354815854,3.966279028766451e-06
2012-10-11,1,0.0001953895230311087,3.966279028766451e-06
2012-10-12,1,-0.002966137252855661,4.362689847159373e-06
2012-10-15,1,0.008077922524027725,4.362689847159373e-06
2012-10-16,1,0.01026993327849146,3.569828763927418e-06
2012-10-17,1,0.004117058019307285,4.362689847159373e-06
2012-10-18,1,-0.002443729097514558,3.966279028766451e-06
2012-10-19,1,-0.0165713045551924,3.966279028766451e-06
2012-10-22,1,0.0004395822665304028,3.966279028766451e-06
2012-10-23,1,-0.01444390628760639,4.362689847159373e-06
2012-10-24,1,-0.003085382876604092,4.362689847159373e-06
2012-10-25,1,0.002995542646406335,4.362689847159373e-06
2012-10-26,1,-0.0007289817322603254,4.759061227099792e-06
2012-10-31,1,0.0001558796992588984,4.362689847159373e-06
2012-11-01,1,0.01092647523450641,3.569828763927418e-06
2012-11-02,1,-0.009379454163326861,3.569828763927418e-06
2012-11-05,1,0.002163809008205897,4.362689847159373e-06
2012-11-06,1,0.00785318488218234,3.966279028766451e-06
2012-11-07,1,-0.02370500003803,3.966279028766451e-06
2012-11-08,0,-0.01220484261628385,3.966279028766451e-06
2012-11-09,0,0.001698692425988968,3.569828763927418e-06
2012-11-12,0,0.0001304878893522154,3.569828763927418e-06
2012-11-13,0,-0.003985420522191307,4.362689847159373e-06
2012-11-14,0,-0.01385203571888471,3.966279028766451e-06
2012-11-15,0,-0.001593544913831124,3.173339045314805e-06
2012-11-16,0,0.004839949635947693,2.380241213684187e-06
2012-11-19,0,0.01986205376109895,3.569828763927418e-06
2012-11-20,0,0.0006633863793050754,3.173339045314805e-06
2012-11-21,0,0.002320181125065268,3.966279028766451e-06
2012-11-23,0,0.0130263148426395,3.966279028766451e-06
2012-11-26,1,-0.002029581877026398,3.966279028766451e-06
2012-11-27,1,-0.005226587298556074,3.966279028766451e-06
2012-11-28,1,0.007856028682432514,3.966279028766451e-06
2012-11-29,1,0.004269642628790482,3.569828763927418e-06
2012-11-30,1,0.000162507536987766,3.173339045314805e-06
2012-12-03,1,-0.004745224843287876,3.966279028766451e-06
2012-12-04,1,-0.001709812393515642,3.966279028766451e-06
2012-12-05,1,0.001584862223349637,3.966279028766451e-06
2012-12-06,1,0.003306590608326498,3.966279028766451e-06
2012-12-07,1,0.002920919596276939,3.569828763927418e-06
2012-12-10,1,0.0003385605486663223,3.569828763927418e-06
2012-12-11,1,0.006548882078472706,3.173339045314805e-06
2012-12-12,1,0.0004482397633898128,2.77680986426887e-06
2012-12-13,1,-0.006321425165448868,2.380241213684187e-06
2012-12-14,1,-0.004135401260425442,1.586985470813929e-06
2012-12-17,1,0.01187059085338715,1.98363308512306e-06
2012-12-18,1,0.01148665642159985,2.380241213684187e-06
2012-12-19,1,-0.007589201039747917,1.98363308512306e-06
2012-12-20,1,0.00548810949285139,2.380241213684187e-06
2012-12-21,1,-0.009378687628036841,2.380241213684187e-06
2012-12-24,1,-0.002440296594620528,2.380241213684187e-06
2012-12-26,1,-0.00478746019469678,3.569828763927418e-06
2012-12-27,1,-0.001218442012279497,3.173339045314805e-06
2012-12-28,1,-0.01104994157307237,3.968056356828953e-07
2012-12-31,1,0.016941941334216,1.98363308512306e-06
2013-01-02,1,0.02540342032095566,3.173339045314805e-06
2013-01-03,1,-0.002085617494612335,3.173339045314805e-06
2013-01-04,1,0.004865096315322726,2.77680986426887e-06
2013-01-07,1,-0.003123116153882832,2.77680986426887e-06
2013-01-08,1,-0.003242371304872593,2.77680986426887e-06
2013-01-09,1,0.002655865938542723,2.380241213684187e-06
2013-01-10,1,0.007597415119266593,2.380241213684187e-06
2013-01-11,1,-4.751398615254754e-05,2.77680986426887e-06
2013-01-14,1,-0.0009306715612541483,3.173339045314805e-06
2013-01-15,1,0.001128669764158152,3.569828763927418e-06
2013-01-16,1,0.0001969919103148587,3.173339045314805e-06
2013-01-17,1,0.005642922184041277,2.77680986426887e-06
2013-01-18,1,0.003403270397119629,3.173339045314805e-06
2013-01-22,1,0.004428106846314561,3.173339045314805e-06
2013-01-23,1,0.001507477027169024,3.173339045314805e-06
2013-01-24,1,6.614683421002354e-06,3.173339045314805e-06
2013-01-25,1,0.005445481690718568,3.173339045314805e-06
2013-01-28,1,-0.00184962161255986,2.77680986426887e-06
2013-01-29,1,0.005105995170663791,2.77680986426887e-06
2013-01-30,1,-0.003899621323283586,2.77680986426887e-06
2013-01-31,1,-0.002563301077303626,2.77680986426887e-06
2013-02-01,1,0.01005270556968885,2.380241213684187e-06
2013-02-04,1,-0.01153874482096418,2.77680986426887e-06
2013-02-05,1,0.01041651024055135,2.77680986426887e-06
2013-02-06,1,0.0005491705981222061,2.77680986426887e-06
2013-02-07,1,-0.001805399358229098,2.77680986426887e-06
2013-02-08,1,0.005657940611518475,2.77680986426887e-06
2013-02-11,1,-0.000606117484177715,3.569828763927418e-06
2013-02-12,1,0.001595272232703948,3.569828763927418e-06
2013-02-13,1,0.000592263093356804,3.966279028766451e-06
2013-02-14,1,0.0006906716689638603,4.362689847159373e-06
2013-02-15,1,-0.001045081317756935,3.966279028766451e-06
2013-02-19,1,0.007336475471722448,4.759061227099792e-06
2013-02-20,1,-0.0124041379552301,4.759061227099792e-06
2013-02-21,1,-0.006303057332801676,5.155393176359269e-06
2013-02-22,1,0.00877246792183084,5.155393176359269e-06
2013-02-25,1,-0.01830958065915234,4.759061227099792e-06
2013-02-26,0,0.006109463971145423,5.551685702931408e-06
2013-02-27,1,0.01272599407710984,4.362689847159373e-06
2013-02-28,1,-0.0008640799292048973,4.362689847159373e-06
2013-03-01,1,0.002323855425647947,4.362689847159373e-06
2013-03-04,1,0.00461072337316093,4.362689847159373e-06
2013-03-05,1,0.00956601649469957,3.173339045314805e-06
2013-03-06,1,0.001084512714484509,3.966279028766451e-06
2013-03-07,1,0.001816491442581558,3.966279028766451e-06
2013-03-08,1,0.004481139122655353,3.966279028766451e-06
2013-03-11,1,0.003249085739679192,3.966279028766451e-06
2013-03-12,1,-0.002403252949314871,3.966279028766451e-06
2013-03-13,1,0.00131405176760091,3.569828763927418e-06
2013-03-14,1,0.005602990523162488,3.966279028766451e-06
2013-03-15,1,-0.001618462624492611,3.569828763927418e-06
2013-03-18,1,-0.005510332450180178,2.77680986426887e-06
2013-03-19,1,-0.00242253065187148,2.77680986426887e-06
2013-03-20,1,0.006697492376420033,2.77680986426887e-06
2013-03-21,1,-0.008282433828555424,2.77680986426887e-06
2013-03-22,1,0.007174256352702413,2.77680986426887e-06
2013-03-25,1,-0.003340038919423693,3.173339045314805e-06
2013-03-26,1,0.007785110802517758,2.77680986426887e-06
2013-03-27,1,-0.0005883499068410902,3.569828763927418e-06
2013-03-28,1,0.004056669494418408,2.77680986426887e-06
2013-04-01,1,-0.004473580460659154,3.173339045314805e-06
2013-04-02,1,0.005172264111710678,2.77680986426887e-06
2013-04-03,1,-0.01054612870163985,2.380241213684187e-06
2013-04-04,1,0.004048451943253761,2.77680986426887e-06
2013-04-05,1,-0.00429489561132812,2.77680986426887e-06
2013-04-08,1,0.006302737952936122,2.77680986426887e-06
2013-04-09,1,0.003544332149468366,2.380241213684187e-06
2013-04-10,1,0.01218913260513421,2.77680986426887e-06
2013-04-11,1,0.003552250519810007,2.77680986426887e-06
2013-04-12,1,-0.002836767069231527,2.380241213684187e-06
2013-04-15,1,-0.022966290584433,2.380241213684187e-06
2013-04-16,1,0.01430722329039558,2.380241213684187e-06
2013-04-17,1,-0.0143276813942792,2.380241213684187e-06
2013-04-18,1,-0.006701003439812503,1.98363308512306e-06
2013-04-19,1,0.008847902373522398,1.98363308512306e-06
2013-04-22,1,0.004661629963028435,1.98363308512306e-06
2013-04-23,1,0.01041921875000007,1.98363308512306e-06
2013-04-24,1,6.340190171760796e-06,2.380241213684187e-06
2013-04-25,1,0.004034732269384333,1.98363308512306e-06
2013-04-26,1,-0.001842113024773551,1.98363308512306e-06
2013-04-29,1,0.007186011722218444,1.98363308512306e-06
2013-04-30,1,0.002484899676771457,1.98363308512306e-06
2013-05-01,1,-0.009307883608932421,2.380241213684187e-06
2013-05-02,1,0.009407983261395803,1.98363308512306e-06
2013-05-03,1,0.01053466689518068,1.98363308512306e-06
2013-05-06,1,0.001907778626906165,1.586985470813929e-06
2013-05-07,1,0.005230269513137653,1.586985470813929e-06
2013-05-08,1,0.004139081299929126,1.586985470813929e-06
2013-05-09,1,-0.003687103906423905,1.586985470813929e-06
2013-05-10,1,0.004321655306021688,1.586985470813929e-06
2013-05-13,1,4.288936859220271e-05,1.98363308512306e-06
2013-05-14,1,0.01014215347997149,1.98363308512306e-06
2013-05-15,1,0.005114136269715575,1.586985470813929e-06
2013-05-16,1,-0.005009741163373271,1.190298363207276e-06
2013-05-17,1,0.0103000965190283,1.586985470813929e-06
2013-05-20,1,-0.000707617924973758,1.98363308512306e-06
2013-05-21,1,0.001722386289245703,1.586985470813929e-06
2013-05-22,1,-0.008273657594813577,1.586985470813929e-06
2013-05-23,1,-0.002923832356719447,1.98363308512306e-06
2013-05-24,1,-0.0005513654411682944,1.586985470813929e-06
2013-05-28,1,0.006340981548630609,1.98363308512306e-06
2013-05-29,1,-0.007047981897774891,1.98363308512306e-06
2013-05-30,1,0.003670344391935476,1.586985470813929e-06
2013-05-31,1,-0.01430724152797425,1.586985470813929e-06
2013-06-03,1,0.005935988427895111,1.98363308512306e-06
2013-06-04,1,-0.005510807488524838,1.586985470813929e-06
2013-06-05,1,-0.01377973274250399,1.98363308512306e-06
2013-06-06,1,0.008490293972531093,1.98363308512306e-06
2013-06-07,1,0.01283154122942376,1.586985470813929e-06
2013-06-10,1,-0.0003468134499438058,1.98363308512306e-06
2013-06-11,1,-0.01015336716724036,1.98363308512306e-06
2013-06-12,1,-0.008369555515669203,1.98363308512306e-06
2013-06-13,0,0.01478429137719606,1.98363308512306e-06
2013-06-14,1,-0.005885016114435926,1.98363308512306e-06
2013-06-17,1,0.007567364431436019,1.98363308512306e-06
2013-06-18,1,0.007791157767295331,1.98363308512306e-06
2013-06-19,1,-0.01385147448629209,1.98363308512306e-06
2013-06-20,1,-0.02501035094286341,1.98363308512306e-06
2013-06-21,1,0.00266977657655576,1.98363308512306e-06
2013-06-24,1,-0.01214501562913639,2.380241213684187e-06
2013-06-25,1,0.00949727212122431,2.380241213684187e-06
2013-06-26,1,0.009590486444071455,2.380241213684187e-06
2013-06-27,1,0.006199831185025984,2.380241213684187e-06
2013-06-28,1,-0.004289562412875814,1.586985470813929e-06
2013-07-01,1,0.005403747467634501,1.586985470813929e-06
2013-07-02,1,-0.0005449081736373929,1.190298363207276e-06
2013-07-03,1,0.0008240472350893313,1.98363308512306e-06
2013-07-05,1,0.01020173214234021,1.586985470813929e-06
2013-07-08,1,0.005251546496476633,1.98363308512306e-06
2013-07-09,1,0.007229670722828319,1.586985470813929e-06
2013-07-10,1,0.0001815924505419453,1.586985470813929e-06
2013-07-11,1,0.01355424990635767,1.586985470813929e-06
2013-07-12,1,0.003086483632862347,1.586985470813929e-06
2013-07-15,1,0.001374879432867404,1.586985470813929e-06
2013-07-16,1,-0.003708760911961373,1.190298363207276e-06
2013-07-17,1,0.00277404721640595,1.190298363207276e-06
2013-07-18,1,0.005032964742594626,1.190298363207276e-06
2013-07-19,1,0.001610050321117162,1.190298363207276e-06
2013-07-22,1,0.002033026343782662,1.586985470813929e-06
2013-07-23,1,-0.001851936913048524,7.935717540874521e-07
2013-07-24,1,-0.003811221518893126,1.190298363207276e-06
2013-07-25,1,0.002556472201586724,7.935717540874521e-07
2013-07-26,1,0.0008282942843140795,1.190298363207276e-06
2013-07-29,1,-0.003736037754950683,1.190298363207276e-06
2013-07-30,1,0.0003738169374778444,1.586985470813929e-06
2013-07-31,1,-0.0001364092114157778,1.586985470813929e-06
2013-08-01,1,0.01254056989753449,1.586985470813929e-06
2013-08-02,1,0.001640458169710701,1.586985470813929e-06
2013-08-05,1,-0.001479834840549477,1.98363308512306e-06
2013-08-06,1,-0.005723033522392118,1.586985470813929e-06
2013-08-07,1,-0.003805864929911196,1.98363308512306e-06
2013-08-08,1,0.003885449938943353,1.98363308512306e-06
2013-08-09,1,-0.003569960525699134,1.98363308512306e-06
2013-08-12,1,-0.001152920736139817,2.380241213684187e-06
2013-08-13,1,0.002776056134700555,2.380241213684187e-06
2013-08-14,1,-0.005176618120080079,1.98363308512306e-06
2013-08-15,1,-0.01428160138019852,1.98363308512306e-06
2013-08-16,1,-0.003304595389128528,1.98363308512306e-06
2013-08-19,1,-0.005900302398331059,2.380241213684187e-06
2013-08-20,1,0.00382119531990921,1.586985470813929e-06
2013-08-21,1,-0.005779602928505767,1.586985470813929e-06
2013-08-22,1,0.008619376484360286,1.190298363207276e-06
2013-08-23,1,0.003947010921615535,1.190298363207276e-06
2013-08-26,1,-0.00403965777164117,1.586985470813929e-06
2013-08-27,1,-0.01587419474104024,1.98363308512306e-06
2013-08-28,1,0.002747645185721348,1.190298363207276e-06
2013-08-29,1,0.001963401602796067,7.935717540874521e-07
2013-08-30,1,-0.003174318356880312,1.190298363207276e-06
2013-09-03,1,0.004164221602432239,7.935717540874521e-07
2013-09-04,1,0.008116953209842626,7.935717540874521e-07
2013-09-05,1,0.001209862833721154,7.935717540874521e-07
2013-09-06,1,5.44311411025955e-05,7.935717540874521e-07
2013-09-09,1,0.009992880823750827,7.935717540874521e-07
2013-09-10,1,0.007345789391592916,7.935717540874521e-07
2013-09-11,1,0.003052283373562004,7.935717540874521e-07
2013-09-12,1,-0.003380415314981122,3.968056356828953e-07
2013-09-13,1,0.002714679741101733,3.968056356828953e-07
2013-09-16,1,0.005693153044247889,7.935717540874521e-07
2013-09-17,1,0.004217739327673886,3.968056356828953e-07
2013-09-18,1,0.01217767289630345,3.968056356828953e-07
2013-09-19,1,-0.001842953819684912,3.968056356828953e-07
2013-09-20,1,-0.007216886263626821,3.968056356828953e-07
2013-09-23,1,-0.00471958652681248,7.935717540874521e-07
2013-09-24,1,-0.002597143070893537,7.935717540874521e-07
2013-09-25,1,-0.002739465950486797,7.935717540874521e-07
2013-09-26,1,0.003485425867653102,0.0
2013-09-27,1,-0.004073801130465404,7.935717540874521e-07
2013-09-30,1,-0.006029230779887707,7.935717540874521e-07
2013-10-01,1,0.007998543475556064,7.935717540874521e-07
2013-10-02,1,-0.0006666695473817041,7.935717540874521e-07
2013-10-03,1,-0.008979414583967338,1.190298363207276e-06
2013-10-04,1,0.007053224345153319,1.190298363207276e-06
2013-10-07,1,-0.008506361953748653,1.190298363207276e-06
2013-10-08,1,-0.012332078852068,1.98363308512306e-06
2013-10-09,1,0.0005739063518739318,1.98363308512306e-06
2013-10-10,1,0.02183049604365905,1.98363308512306e-06
2013-10-11,1,0.006286271807078414,3.173339045314805e-06
2013-10-14,1,0.00407472033555889,3.173339045314805e-06
2013-10-15,1,-0.007063723409320599,5.551685702931408e-06
2013-10-16,1,0.01382753239493484,3.966279028766451e-06
2013-10-17,1,0.006743953139704217,1.98363308512306e-06
2013-10-18,1,0.006548755402623119,1.586985470813929e-06
2013-10-21,1,9.173641713267067e-05,1.586985470813929e-06
2013-10-22,1,0.005737513079635992,1.586985470813929e-06
2013-10-23,1,-0.004724557241463034,1.586985470813929e-06
2013-10-24,1,0.003258134764679621,1.190298363207276e-06
2013-10-25,1,0.004394843515521218,1.586985470813929e-06
2013-10-28,1,0.00132969978709796,1.586985470813929e-06
2013-10-29,1,0.005584195028751182,1.586985470813929e-06
2013-10-30,1,-0.004875923596155185,1.586985470813929e-06
2013-10-31,1,-0.003839381224110539,1.586985470813929e-06
2013-11-01,1,0.002903421198790168,1.586985470813929e-06
2013-11-04,1,0.003570558689741876,1.98363308512306e-06
2013-11-05,1,-0.002805587810106869,1.98363308512306e-06
2013-11-06,1,0.004265540341705787,1.98363308512306e-06
2013-11-07,1,-0.01318277197219464,1.98363308512306e-06
2013-11-08,1,0.01342755951674368,2.380241213684187e-06
2013-11-11,1,0.0007229312538987731,2.380241213684187e-06
2013-11-12,1,-0.002370391619945567,3.173339045314805e-06
2013-11-13,1,0.008095344244797742,3.173339045314805e-06
2013-11-14,1,0.004837258763854102,3.173339045314805e-06
2013-11-15,1,0.004222034052096646,3.173339045314805e-06
2013-11-18,1,-0.003698197185726282,3.569828763927418e-06
2013-11-19,1,-0.002042965576816713,3.173339045314805e-06
2013-11-20,1,-0.003635611100220926,3.173339045314805e-06
2013-11-21,1,0.00812856425584818,2.77680986426887e-06
2013-11-22,1,0.004961457973002403,2.77680986426887e-06
2013-11-25,1,-0.001263342097862163,3.173339045314805e-06
2013-11-26,1,0.0001498044550707345,2.77680986426887e-06
2013-11-27,1,0.002485081386076837,2.77680986426887e-06
2013-11-29,1,-0.0007856896412440362,2.380241213684187e-06
2013-12-02,1,-0.002719020284731144,1.98363308512306e-06
2013-12-03,1,-0.003192847977150137,2.380241213684187e-06
2013-12-04,1,-0.001303493183571591,2.380241213684187e-06
2013-12-05,1,-0.004339572538419101,2.380241213684187e-06
2013-12-06,1,0.01123787062077541,2.380241213684187e-06
2013-12-09,1,0.00181710017726755,2.77680986426887e-06
2013-12-10,1,-0.003179659038540561,2.77680986426887e-06
2013-12-11,1,-0.0113168745877229,2.77680986426887e-06
2013-12-12,1,-0.003770561891119351,2.77680986426887e-06
2013-12-13,1,-0.0001014101441497717,2.77680986426887e-06
2013-12-16,1,0.006320039831068991,2.77680986426887e-06
2013-12-17,1,-0.003100987910356179,2.77680986426887e-06
2013-12-18,1,0.0166479642976205,2.77680986426887e-06
2013-12-19,1,-0.0005799292044104121,2.380241213684187e-06
2013-12-20,1,0.004818728349231138,2.77680986426887e-06
2013-12-23,1,0.005318120149893302,2.77680986426887e-06
2013-12-24,1,0.002915746849359691,2.77680986426887e-06
2013-12-26,1,0.004745529147707206,2.77680986426887e-06
2013-12-27,1,-0.0003365843533805757,2.77680986426887e-06
2013-12-30,1,-0.0001792538941152166,2.77680986426887e-06
2013-12-31,1,0.003959675229718407,2.77680986426887e-06
2014-01-02,1,-0.008861912729460242,2.77680986426887e-06
2014-01-03,1,-0.0003329650749818169,2.77680986426887e-06
2014-01-06,1,-0.002511767473641235,1.98363308512306e-06
2014-01-07,1,0.006081764662643652,1.586985470813929e-06
2014-01-08,1,-0.0002122089839384778,1.98363308512306e-06
2014-01-09,1,0.000348309189077689,1.586985470813929e-06
2014-01-10,1,0.002306686808393854,1.98363308512306e-06
2014-01-13,1,-0.01257621650739005,1.190298363207276e-06
2014-01-14,1,0.01081797176734733,1.586985470813929e-06
2014-01-15,1,0.005166188100786506,1.586985470813929e-06
2014-01-16,1,-0.001347120304156291,1.586985470813929e-06
2014-01-17,1,-0.003895174370902255,1.98363308512306e-06
2014-01-21,1,0.002773751994173734,1.586985470813929e-06
2014-01-22,1,0.0005748652214814243,1.586985470813929e-06
2014-01-23,1,-0.008889576739850469,1.586985470813929e-06
2014-01-24,1,-0.02087544856898549,1.586985470813929e-06
2014-01-27,1,-0.004876293940238585,1.98363308512306e-06
2014-01-28,1,0.00614065260021901,1.98363308512306e-06
2014-01-29,1,-0.01020923226115755,1.586985470813929e-06
2014-01-30,1,0.01126704474384144,7.935717540874521e-07
2014-01-31,1,-0.006465299642046896,7.935717540874521e-07
2014-02-03,1,-0.02283191982018407,1.98363308512306e-06
2014-02-04,1,0.007641088938743046,2.380241213684187e-06
2014-02-05,1,-0.002028222779439037,2.77680986426887e-06
2014-02-06,1,0.01243979292564479,2.77680986426887e-06
2014-02-07,1,0.01330188679894628,3.173339045314805e-06
2014-02-10,1,0.001569234765563587,2.77680986426887e-06
2014-02-11,1,0.01106211360886933,1.98363308512306e-06
2014-02-12,1,-0.0002692623900948377,1.98363308512306e-06
2014-02-13,1,0.005810025082904291,1.190298363207276e-06
2014-02-14,1,0.004809216724759535,7.935717540874521e-07
2014-02-18,1,0.001158473905656043,1.98363308512306e-06
2014-02-19,1,-0.006524484290135191,2.380241213684187e-06
2014-02-20,1,0.006031458262132583,1.98363308512306e-06
2014-02-21,1,-0.001918723565134117,1.98363308512306e-06
2014-02-24,1,0.006186513465792798,1.98363308512306e-06
2014-02-25,1,-0.001347681737009165,1.98363308512306e-06
2014-02-26,1,2.169997756573672e-05,1.98363308512306e-06
2014-02-27,1,0.004948082937896059,1.586985470813929e-06
2014-02-28,1,0.002782688792301258,1.98363308512306e-06
2014-03-03,1,-0.007378510346287226,1.98363308512306e-06
2014-03-04,1,0.01526770113133291,1.98363308512306e-06
2014-03-05,1,-5.335132643213836e-05,2.380241213684187e-06
2014-03-06,1,0.001718408271082383,1.98363308512306e-06
2014-03-07,1,0.0005380892952486782,2.380241213684187e-06
2014-03-10,1,-0.0004632463094994543,1.98363308512306e-06
2014-03-11,1,-0.005082138985368356,1.98363308512306e-06
2014-03-12,1,0.0003051708783714524,1.98363308512306e-06
2014-03-13,1,-0.01170109513055639,1.98363308512306e-06
2014-03-14,1,-0.002821777697470385,1.98363308512306e-06
2014-03-17,1,0.00961363462924103,2.380241213684187e-06
2014-03-18,1,0.007219618933727467,1.98363308512306e-06
2014-03-19,1,-0.006131649335692324,2.380241213684187e-06
2014-03-20,1,0.006040504799839086,2.380241213684187e-06
2014-03-21,1,-0.002932671409733745,2.380241213684187e-06
2014-03-24,1,-0.004864709743258144,2.380241213684187e-06
2014-03-25,1,0.00440393981446574,1.98363308512306e-06
2014-03-26,1,-0.007000319763734941,1.98363308512306e-06
2014-03-27,1,-0.001900083894673887,1.586985470813929e-06
2014-03-28,1,0.004640221884561369,1.586985470813929e-06
2014-03-31,1,0.007924102207026218,1.98363308512306e-06
2014-04-01,1,0.007039348596697526,1.586985470813929e-06
2014-04-02,1,0.002853326841976145,7.935717540874521e-07
2014-04-03,1,-0.0011264502910312,7.935717540874521e-07
2014-04-04,1,-0.01253728800545806,1.190298363207276e-06
2014-04-07,1,-0.01075011239417267,1.190298363207276e-06
2014-04-08,1,0.003750553770375697,1.190298363207276e-06
2014-04-09,1,0.01091821270434057,1.586985470813929e-06
2014-04-10,1,-0.02088479555091283,1.586985470813929e-06
2014-04-11,1,-0.009486773662544579,1.586985470813929e-06
2014-04-14,1,0.008217286225508547,1.586985470813929e-06
2014-04-15,1,0.006757307791485978,1.586985470813929e-06
2014-04-16,1,0.01048849055868928,1.586985470813929e-06
2014-04-17,1,0.001363852909705976,1.190298363207276e-06
2014-04-21,1,0.003775123551313042,1.586985470813929e-06
2014-04-22,1,0.004092139025126285,1.190298363207276e-06
2014-04-23,1,-0.00221331386321999,7.935717540874521e-07
2014-04-24,1,0.001716960567121228,3.968056356828953e-07
2014-04-25,1,-0.008096390978489132,1.190298363207276e-06
2014-04-28,1,0.003236035858039665,1.190298363207276e-06
2014-04-29,1,0.004760757069291355,7.935717540874521e-07
2014-04-30,1,0.002992016977140466,1.190298363207276e-06
2014-05-01,1,-0.0001432614814258493,1.190298363207276e-06
2014-05-02,1,-0.001348445059709547,7.935717540874521e-07
2014-05-05,1,0.001871216126306141,1.190298363207276e-06
2014-05-06,1,-0.008988392160571457,1.190298363207276e-06
2014-05-07,1,0.005616468420812426,1.190298363207276e-06
2014-05-08,1,-0.001373624945211205,1.190298363207276e-06
2014-05-09,1,0.001519476431129041,1.190298363207276e-06
2014-05-12,1,0.00967273760393117,1.190298363207276e-06
2014-05-13,1,0.000421757703063852,1.190298363207276e-06
2014-05-14,1,-0.004701005088166399,1.190298363207276e-06
2014-05-15,1,-0.009361807033335667,1.190298363207276e-06
2014-05-16,1,0.003746965206779196,1.190298363207276e-06
2014-05-19,1,0.003844786490710739,1.190298363207276e-06
2014-05-20,1,-0.00649839809746755,1.190298363207276e-06
2014-05-21,1,0.008116098951240325,1.586985470813929e-06
2014-05-22,1,0.002362229873621668,1.190298363207276e-06
2014-05-23,1,0.004248391856225497,1.586985470813929e-06
2014-05-27,1,0.005987805879090979,1.586985470813929e-06
2014-05-28,1,-0.001114071710872522,1.586985470813929e-06
2014-05-29,1,0.005367110265454889,1.586985470813929e-06
2014-05-30,1,0.001843677931164134,1.586985470813929e-06
2014-06-02,1,0.0007278261010283948,1.586985470813929e-06
2014-06-03,1,-0.0003792165487565002,1.586985470813929e-06
2014-06-04,1,0.001891663548679201,1.586985470813929e-06
2014-06-05,1,0.006525279593556865,1.586985470813929e-06
2014-06-06,1,0.004627758701298612,1.586985470813929e-06
2014-06-09,1,0.0009387712266117898,1.586985470813929e-06
2014-06-10,1,-0.0002459836229459222,1.586985470813929e-06
2014-06-11,1,-0.003537041032554145,1.586985470813929e-06
2014-06-12,1,-0.007088893503765514,1.586985470813929e-06
2014-06-13,1,0.00313456169546944,1.586985470813929e-06
2014-06-16,1,0.0008367051734301523,1.586985470813929e-06
2014-06-17,1,0.002172569060394203,1.586985470813929e-06
2014-06-18,1,0.007718881307192449,1.190298363207276e-06
2014-06-19,1,0.001277478576659385,7.935717540874521e-07
2014-06-20,1,0.001730058322732653,7.935717540874521e-07
2014-06-23,1,-0.000132464078758554,1.190298363207276e-06
2014-06-24,1,-0.006435310620591661,1.190298363207276e-06
2014-06-25,1,0.004897511217437867,1.190298363207276e-06
2014-06-26,1,-0.00117888399729138,1.586985470813929e-06
2014-06-27,1,0.001910868625069062,1.190298363207276e-06
2014-06-30,1,-0.0003722566922789161,1.586985470813929e-06
2014-07-01,1,0.0066777704405796,7.935717540874521e-07
2014-07-02,1,0.0006588129971374368,7.935717540874521e-07
2014-07-03,1,0.00547950811589959,3.968056356828953e-07
2014-07-07,1,-0.00392352185010969,1.586985470813929e-06
2014-07-08,1,-0.007048802014750888,1.190298363207276e-06
2014-07-09,1,0.004644267890169473,1.190298363207276e-06
2014-07-10,1,-0.004131071874054704,7.935717540874521e-07
2014-07-11,1,0.001470922745240744,7.935717540874521e-07
2014-07-14,1,0.004843552990250855,1.190298363207276e-06
2014-07-15,1,-0.001932095663463307,7.935717540874521e-07
2014-07-16,1,0.004201084929208454,7.935717540874521e-07
2014-07-17,1,-0.01183402645755172,7.935717540874521e-07
2014-07-18,1,0.01026493556884089,7.935717540874521e-07
2014-07-21,1,-0.002320250471782193,1.190298363207276e-06
2014-07-22,1,0.005016150134305786,1.190298363207276e-06
2014-07-23,1,0.001754438005651782,1.190298363207276e-06
2014-07-24,1,0.0004881559218916642,1.190298363207276e-06
2014-07-25,1,-0.004849150767687771,1.190298363207276e-06
2014-07-28,1,0.0002881549022033525,1.586985470813929e-06
2014-07-29,1,-0.004527786939807599,7.935717540874521e-07
2014-07-30,1,6.091277451769628e-05,1.586985470813929e-06
2014-07-31,1,-0.01999924034066203,1.190298363207276e-06
2014-08-01,1,-0.002859121137017251,1.190298363207276e-06
2014-08-04,1,0.007189032358413394,1.586985470813929e-06
2014-08-05,1,-0.009685469956760784,1.190298363207276e-06
2014-08-06,1,1.563854864095049e-05,1.190298363207276e-06
2014-08-07,1,-0.005556620005612189,1.190298363207276e-06
2014-08-08,1,0.01153140243647122,1.190298363207276e-06
2014-08-11,1,0.002759425250346226,1.586985470813929e-06
2014-08-12,1,-0.001636641613174228,1.190298363207276e-06
2014-08-13,1,0.006707160027472625,1.586985470813929e-06
2014-08-14,1,0.004345814053963393,1.586985470813929e-06
2014-08-15,1,-6.13729241766281e-05,1.190298363207276e-06
2014-08-18,1,0.008531672245722488,1.190298363207276e-06
2014-08-19,1,0.005000651911711174,1.190298363207276e-06
2014-08-20,1,0.002477812999687412,1.586985470813929e-06
2014-08-21,1,0.002949889667182903,7.935717540874521e-07
2014-08-22,1,-0.001992587076123042,1.190298363207276e-06
2014-08-25,1,0.004787778824361766,1.586985470813929e-06
2014-08-26,1,0.001051080894003631,1.190298363207276e-06
2014-08-27,1,4.998729260785595e-05,1.586985470813929e-06
2014-08-28,1,-0.001689901051469156,1.190298363207276e-06
2014-08-29,1,0.003320414733635202,1.190298363207276e-06
2014-09-02,1,-0.00054406616000513,1.190298363207276e-06
2014-09-03,1,-0.0007791410646480479,1.190298363207276e-06
2014-09-04,1,-0.001534420775529122,1.190298363207276e-06
2014-09-05,1,0.00503588536555033,1.190298363207276e-06
2014-09-08,1,-0.003073114142502442,7.935717540874521e-07
2014-09-09,1,-0.006545009043329442,7.935717540874521e-07
2014-09-10,1,0.003646074416948641,7.935717540874521e-07
2014-09-11,1,0.0008819054148185845,7.935717540874521e-07
2014-09-12,1,-0.005962558462297207,7.935717540874521e-07
2014-09-15,1,-0.0007101514711099766,7.935717540874521e-07
2014-09-16,1,0.007484376300642248,7.935717540874521e-07
2014-09-17,1,0.00129564370109625,7.935717540874521e-07
2014-09-18,1,0.004891180086237235,7.935717540874521e-07
2014-09-19,1,-0.0004772695810254524,7.935717540874521e-07
2014-09-22,1,-0.008013323296818697,3.968056356828953e-07
2014-09-23,1,-0.005776501564770165,3.968056356828953e-07
2014-09-24,1,0.00783249148610099,7.935717540874521e-07
2014-09-25,1,-0.01616877235863445,3.968056356828953e-07
2014-09-26,1,0.008575824615237648,3.968056356828953e-07
2014-09-29,1,-0.002546802239196455,7.935717540874521e-07
2014-09-30,1,-0.002785928622506484,7.935717540874521e-07
2014-10-01,1,-0.01324856099523408,7.935717540874521e-07
2014-10-02,1,5.143341476721019e-06,3.968056356828953e-07
2014-10-03,1,0.0111655096821337,3.968056356828953e-07
2014-10-06,1,-0.001565159859133081,7.935717540874521e-07
2014-10-07,1,-0.01512605303058734,7.935717540874521e-07
2014-10-08,1,0.01746165029652724,3.968056356828953e-07
2014-10-09,1,-0.02066141501469376,3.968056356828953e-07
2014-10-10,1,-0.01145101233890145,3.968056356828953e-07
2014-10-13,1,-0.0164679295578094,3.968056356828953e-07
2014-10-14,1,0.001578864777472377,7.935717540874521e-07
2014-10-15,1,-0.008100314924121665,7.935717540874521e-07
2014-10-16,1,0.0001449777086941495,1.190298363207276e-06
2014-10-17,1,0.0128841073859105,7.935717540874521e-07
2014-10-20,1,0.00914265720638352,7.935717540874521e-07
2014-10-21,1,0.01957448718236399,7.935717540874521e-07
2014-10-22,1,-0.007299330200416954,7.935717540874521e-07
2014-10-23,1,0.01230337713868179,3.968056356828953e-07
2014-10-24,1,0.007053449392805833,3.968056356828953e-07
2014-10-27,1,-0.00150156839521054,7.935717540874521e-07
2014-10-28,1,0.01193907306016762,7.935717540874521e-07
2014-10-29,1,-0.001385355498529361,1.190298363207276e-06
2014-10-30,1,0.006230124240393264,3.968056356828953e-07
2014-10-31,1,0.01173139354154973,3.968056356828953e-07
2014-11-03,1,-0.0001189218446362439,7.935717540874521e-07
2014-11-04,1,-0.002829841680832668,1.190298363207276e-06
2014-11-05,1,0.005700497411806671,1.190298363207276e-06
2014-11-06,1,0.003775513004850017,1.190298363207276e-06
2014-11-07,1,0.0003495862178051201,1.190298363207276e-06
2014-11-10,1,0.00312018469388331,7.935717540874521e-07
2014-11-11,1,0.0006966942090358419,7.935717540874521e-07
2014-11-12,1,-0.0007011166816757175,7.935717540874521e-07
2014-11-13,1,0.0005298447465658107,7.935717540874521e-07
2014-11-14,1,0.0002402702088102338,7.935717540874521e-07
2014-11-17,1,0.0007353590216279127,1.190298363207276e-06
2014-11-18,1,0.005133983312177515,7.935717540874521e-07
2014-11-19,1,-0.001501159007554986,3.968056356828953e-07
2014-11-20,1,0.00196709621349167,7.935717540874521e-07
2014-11-21,1,0.005236877359639402,3.968056356828953e-07
2014-11-24,1,0.002864023314453679,7.935717540874521e-07
2014-11-25,1,-0.001150029676853181,7.935717540874521e-07
2014-11-26,1,0.002805981889918652,7.935717540874521e-07
2014-11-28,1,-0.002542427180532325,7.935717540874521e-07
2014-12-01,1,-0.006829362527492333,1.190298363207276e-06
2014-12-02,1,0.006384461097458161,1.190298363207276e-06
2014-12-03,1,0.003764742741791727,3.968056356828953e-07
2014-12-04,1,-0.001161896207077406,7.935717540874521e-07
2014-12-05,1,0.001665216534709302,7.935717540874521e-07
2014-12-08,1,-0.007256565211683386,1.190298363207276e-06
2014-12-09,1,-0.0002378235413311724,1.586985470813929e-06
2014-12-10,1,-0.01635096881921483,1.190298363207276e-06
2014-12-11,1,0.004535689211905058,1.190298363207276e-06
2014-12-12,1,-0.01621358733596578,7.935717540874521e-07
2014-12-15,1,-0.006342586611898571,1.586985470813929e-06
2014-12-16,1,-0.008489022887163356,1.190298363207276e-06
2014-12-17,1,0.02035241573284718,1.190298363207276e-06
2014-12-18,1,0.02401520473971597,1.586985470813929e-06
2014-12-19,1,0.004570048934014581,1.586985470813929e-06
2014-12-22,1,0.003810463907886641,1.98363308512306e-06
2014-12-23,1,0.00174636174636178,1.190298363207276e-06
2014-12-24,1,-0.0001392965384107159,3.968056356828953e-07
2014-12-26,1,0.003309574570383944,3.968056356828953e-07
2014-12-29,1,0.0008617745425745227,1.190298363207276e-06
2014-12-30,1,-0.004888604719738177,1.190298363207276e-06
2014-12-31,1,-0.01031085841593016,1.586985470813929e-06
2015-01-02,1,-0.0003399636723855348,7.935717540874521e-07
2015-01-05,1,-0.01827810514511352,1.190298363207276e-06
2015-01-06,1,-0.008893471722947077,1.190298363207276e-06
2015-01-07,1,0.01162984267174294,1.190298363207276e-06
2015-01-08,1,0.01788828062951642,1.190298363207276e-06
2015-01-09,1,-0.008403811034715436,7.935717540874521e-07
2015-01-12,1,-0.008093685160912578,1.190298363207276e-06
2015-01-13,1,-0.002578555236295577,1.190298363207276e-06
2015-01-14,1,-0.005813067327385291,1.586985470813929e-06
2015-01-15,1,-0.009247875921838178,1.190298363207276e-06
2015-01-16,1,0.0134241993958204,1.190298363207276e-06
2015-01-20,1,0.001549952369838792,1.190298363207276e-06
2015-01-21,1,0.004731623968765586,1.190298363207276e-06
2015-01-22,1,0.01526972191658027,1.190298363207276e-06
2015-01-23,1,-0.005491522439307173,7.935717540874521e-07
2015-01-26,1,0.002568460857030219,1.190298363207276e-06
2015-01-27,1,-0.01338786241041101,7.935717540874521e-07
2015-01-28,1,-0.01349560936634808,7.935717540874521e-07
2015-01-29,1,0.009534685287099665,1.190298363207276e-06
2015-01-30,1,-0.01299196525200985,7.935717540874521e-07
2015-02-02,1,0.01296246371067,7.935717540874521e-07
2015-02-03,1,0.01443949529329935,7.935717540874521e-07
2015-02-04,1,-0.004156046208831476,3.968056356828953e-07
2015-02-05,1,0.01029140668677742,7.935717540874521e-07
2015-02-06,1,-0.003418172314141876,7.935717540874521e-07
2015-02-09,1,-0.004247194360987749,3.968056356828953e-07
2015-02-10,1,0.01067556101923239,3.968056356828953e-07
2015-02-11,1,-2.903358867545336e-05,3.968056356828953e-07
2015-02-12,1,0.009644506431775834,7.935717540874521e-07
2015-02-13,1,0.004074738491730789,3.968056356828953e-07
2015-02-17,1,0.001597574462372853,7.935717540874521e-07
2015-02-18,1,-0.0003143092177338991,7.935717540874521e-07
2015-02-19,1,-0.001062057333189648,7.935717540874521e-07
2015-02-20,1,0.006126533626735764,7.935717540874521e-07
2015-02-23,1,-0.0003033391953459752,7.935717540874521e-07
2015-02-24,1,0.002758770892866691,7.935717540874521e-07
2015-02-25,1,-0.0007657236475081541,7.935717540874521e-07
2015-02-26,1,-0.001476028227480719,1.190298363207276e-06
2015-02-27,1,-0.002956304548757838,7.935717540874521e-07
2015-03-02,1,0.006124919257840311,7.935717540874521e-07
2015-03-03,1,-0.0045385421527393,7.935717540874521e-07
2015-03-04,1,-0.00438850348301556,3.968056356828953e-07
2015-03-05,1,0.001196079984838727,7.935717540874521e-07
2015-03-06,1,-0.0141739465898818,3.968056356828953e-07
2015-03-09,1,0.003944421191197645,7.935717540874521e-07
2015-03-10,1,-0.01696133008584222,7.935717540874521e-07
2015-03-11,1,-0.001917679574870546,1.190298363207276e-06
2015-03-12,1,0.01260143956620841,1.190298363207276e-06
2015-03-13,1,-0.006074710968194674,1.190298363207276e-06
2015-03-16,1,0.01353367117178705,1.98363308512306e-06
2015-03-17,1,-0.003320173700583018,1.98363308512306e-06
2015-03-18,1,0.01215842140256918,1.190298363207276e-06
2015-03-19,1,-0.004872579408787825,1.190298363207276e-06
2015-03-20,1,0.00901275466979845,3.968056356828953e-07
2015-03-23,1,-0.00174573104253517,1.190298363207276e-06
2015-03-24,1,-0.006139421956948832,7.935717540874521e-07
2015-03-25,1,-0.01455890565234286,1.586985470813929e-06
2015-03-26,1,-0.002377499996742527,1.190298363207276e-06
2015-03-27,1,0.002368561349514797,1.586985470813929e-06
2015-03-30,1,0.01223664518739653,1.586985470813929e-06
2015-03-31,1,-0.008795775050879251,1.190298363207276e-06
2015-04-01,1,-0.003965371271123064,1.190298363207276e-06
2015-04-02,1,0.0035296669586522,7.935717540874521e-07
2015-04-06,1,0.006608815123735789,1.190298363207276e-06
2015-04-07,1,-0.002061904057862884,7.935717540874521e-07
2015-04-08,1,0.002682533127767339,1.190298363207276e-06
2015-04-09,1,0.004457481018385057,1.190298363207276e-06
2015-04-10,1,0.005202865037342352,7.935717540874521e-07
2015-04-13,1,-0.00458128059365126,1.190298363207276e-06
2015-04-14,1,0.001629758874327703,7.935717540874521e-07
2015-04-15,1,0.005148195696902835,7.935717540874521e-07
2015-04-16,1,-0.0007784436134247175,7.935717540874521e-07
2015-04-17,1,-0.01131124551860641,3.968056356828953e-07
2015-04-20,1,0.009235131672624686,1.190298363207276e-06
2015-04-21,1,-0.001480605325576256,1.190298363207276e-06
2015-04-22,1,0.005087480356207541,1.190298363207276e-06
2015-04-23,1,0.002357715893671175,1.190298363207276e-06
2015-04-24,1,0.002252800575326619,1.190298363207276e-06
2015-04-27,1,-0.004141314249916261,7.935717540874521e-07
2015-04-28,1,0.002769231695356478,7.935717540874521e-07
2015-04-29,1,-0.003740335580798004,3.968056356828953e-07
2015-04-30,1,-0.01012890661483923,3.968056356828953e-07
2015-05-01,1,0.01092300165916504,3.968056356828953e-07
2015-05-04,1,0.002940748690645867,7.935717540874521e-07
2015-05-05,1,-0.01183738367761233,3.968056356828953e-07
2015-05-06,1,-0.004455724813014705,7.935717540874521e-07
2015-05-07,1,0.003773813438832097,3.968056356828953e-07
2015-05-08,1,0.01345790117636492,3.968056356828953e-07
2015-05-11,1,-0.005089560528435566,7.935717540874521e-07
2015-05-12,1,-0.002949637684856787,1.190298363207276e-06
2015-05-13,1,-0.0003049547824864884,7.935717540874521e-07
2015-05-14,1,0.01077928662557315,3.968056356828953e-07
2015-05-15,1,0.0007684139066803652,7.935717540874521e-07
2015-05-18,1,0.003047948049283322,7.935717540874521e-07
2015-05-19,1,-0.0006433745436266181,7.935717540874521e-07
2015-05-20,1,-0.0009305162517933008,7.935717540874521e-07
2015-05-21,1,0.002337874485413893,7.935717540874521e-07
2015-05-22,1,-0.002233886303356414,7.935717540874521e-07
2015-05-26,1,-0.01028198019783788,7.935717540874521e-07
2015-05-27,1,0.009162641262365545,3.968056356828953e-07
2015-05-28,1,-0.001266760897673413,3.968056356828953e-07
2015-05-29,1,-0.006318469173072216,3.968056356828953e-07
2015-06-01,1,0.002059461282371222,7.935717540874521e-07
2015-06-02,1,-0.001008596189948086,3.968056356828953e-07
2015-06-03,1,0.002118871111207898,7.935717540874521e-07
2015-06-04,1,-0.008623167576889856,7.935717540874521e-07
2015-06-05,1,-0.001436182933524544,1.190298363207276e-06
2015-06-08,1,-0.006474509789282434,7.935717540874521e-07
2015-06-09,1,0.000418353004221883,7.935717540874521e-07
2015-06-10,1,0.01204242482712448,7.935717540874521e-07
2015-06-11,1,0.001738626417867151,3.968056356828953e-07
2015-06-12,1,-0.006994299881765143,7.935717540874521e-07
2015-06-15,1,-0.004622572493653387,7.935717540874521e-07
2015-06-16,1,0.0056898566086796,3.968056356828953e-07
2015-06-17,1,0.001979641302692015,3.968056356828953e-07
2015-06-18,1,0.009902710578908236,3.968056356828953e-07
2015-06-19,1,-0.00530350174982186,3.968056356828953e-07
2015-06-22,1,0.006094866554531064,3.968056356828953e-07
2015-06-23,1,0.0006358685039113965,3.968056356828953e-07
2015-06-24,1,-0.00735329696164333,3.968056356828953e-07
2015-06-25,1,-0.002973574300685566,3.968056356828953e-07
2015-06-26,1,-0.0003900796440671206,3.968056356828953e-07
2015-06-29,1,-0.02086619391956246,7.935717540874521e-07
2015-06-30,1,0.002658489886146143,3.968056356828953e-07
2015-07-01,1,0.006936040108400654,3.968056356828953e-07
2015-07-02,1,-0.0003080227407983305,3.968056356828953e-07
2015-07-06,1,-0.003861756863082544,7.935717540874521e-07
2015-07-07,1,0.00608097510857486,7.935717540874521e-07
2015-07-08,1,-0.01665274905400682,7.935717540874521e-07
2015-07-09,1,0.002262202572608896,1.190298363207276e-06
2015-07-10,1,0.01233848510015156,3.968056356828953e-07
2015-07-13,1,0.01106604923960441,7.935717540874521e-07
2015-07-14,1,0.004453159211633695,3.968056356828953e-07
2015-07-15,1,-0.000734986066058041,7.935717540874521e-07
2015-07-16,1,0.008014680412562258,7.935717540874521e-07
2015-07-17,1,0.001106182994042637,1.190298363207276e-06
2015-07-20,1,0.00077123387202227,1.586985470813929e-06
2015-07-21,1,-0.00426168936160698,1.190298363207276e-06
2015-07-22,1,-0.002387709895206203,1.586985470813929e-06
2015-07-23,1,-0.005676040278268291,1.190298363207276e-06
2015-07-24,1,-0.01070332804283558,1.586985470813929e-06
2015-07-27,1,-0.005775015185050969,1.98363308512306e-06
2015-07-28,1,0.01238615462673343,1.98363308512306e-06
2015-07-29,1,0.007318795346650031,2.380241213684187e-06
2015-07-30,1,2.836730636679441e-05,2.77680986426887e-06
2015-07-31,1,-0.002271519985995063,3.173339045314805e-06
2015-08-03,1,-0.002756886733696673,3.173339045314805e-06
2015-08-04,1,-0.002249704779339723,3.173339045314805e-06
2015-08-05,1,0.003114678748749489,3.173339045314805e-06
2015-08-06,1,-0.00775298528243118,1.586985470813929e-06
2015-08-07,1,-0.002874882444434013,2.380241213684187e-06
2015-08-10,1,0.01280816646644478,4.759061227099792e-06
2015-08-11,1,-0.00955710249815489,3.966279028766451e-06
2015-08-12,1,0.0009500546545004873,3.966279028766451e-06
2015-08-13,1,-0.0012752120935422,3.966279028766451e-06
2015-08-14,1,0.003911964108786803,3.569828763927418e-06
2015-08-17,1,0.00521142418513576,3.966279028766451e-06
2015-08-18,1,-0.002625530186397551,2.77680986426887e-06
2015-08-19,1,-0.008254876246131082,1.98363308512306e-06
2015-08-20,1,-0.02110017007347775,7.935717540874521e-07
2015-08-21,1,-0.0318509657186371,1.190298363207276e-06
2015-08-24,1,-0.0394136928664659,2.380241213684187e-06
2015-08-25,1,-0.01352199497897266,2.77680986426887e-06
2015-08-26,1,0.03903385877450227,2.380241213684187e-06
2015-08-27,1,0.02429774862112555,2.380241213684187e-06
2015-08-28,1,0.0006087363616984476,2.380241213684187e-06
2015-08-31,1,-0.008391670369217175,3.173339045314805e-06
2015-09-01,1,-0.0295764466409868,1.190298363207276e-06
2015-09-02,1,0.01829297500443072,1.190298363207276e-06
2015-09-03,1,0.001164793545104459,7.935717540874521e-07
2015-09-04,1,-0.015329595723932,7.935717540874521e-07
2015-09-08,1,0.02508305358648055,2.380241213684187e-06
2015-09-09,1,-0.01389756050907309,1.190298363207276e-06
2015-09-10,1,0.005277955033794246,7.935717540874521e-07
2015-09-11,1,0.004487043210972708,1.586985470813929e-06
2015-09-14,1,-0.004089655710746709,2.77680986426887e-06
2015-09-15,1,0.01283131142251759,2.77680986426887e-06
2015-09-16,1,0.008705414349694074,2.380241213684187e-06
2015-09-17,1,-0.002561059320011938,3.968056356828953e-07
2015-09-18,1,-0.01616416574427992,0.0
2015-09-21,1,0.004565783605198437,3.968056356828953e-07
2015-09-22,1,-0.01231842927428561,0.0
2015-09-23,1,-0.002048642890328245,3.968056356828953e-07
2015-09-24,1,-0.003362984329369434,3.968056356828953e-07
2015-09-25,1,-0.0004657932858297409,0.0
2015-09-28,1,-0.02566609046895985,3.968056356828953e-07
2015-09-29,1,0.001232853252513877,3.968056356828953e-07
2015-09-30,1,0.01907555590686183,0.0
2015-10-01,1,0.001973884228037237,0.0
2015-10-02,1,0.01431528928454195,0.0
2015-10-05,1,0.01828984080050855,3.968056356828953e-07
2015-10-06,1,-0.003588236183088567,0.0
2015-10-07,1,0.008035633639867923,0.0
2015-10-08,1,0.008818435459823082,0.0
2015-10-09,1,0.000725111326717931,3.968056356828953e-07
2015-10-12,1,0.001275477207380193,3.968056356828953e-07
2015-10-13,1,-0.006825423947869114,3.968056356828953e-07
2015-10-14,1,-0.004716274198213855,0.0
2015-10-15,1,0.01485277361913995,3.968056356828953e-07
2015-10-16,1,0.004570474275370051,3.968056356828953e-07
2015-10-19,1,0.0002705455347171704,7.935717540874521e-07
2015-10-20,1,-0.001421090349353116,7.935717540874521e-07
2015-10-21,1,-0.005825414995899281,3.968056356828953e-07
2015-10-22,1,0.01662757156411132,0.0
2015-10-23,1,0.01103034453932339,3.968056356828953e-07
2015-10-26,1,-0.00191310068667383,7.935717540874521e-07
2015-10-27,1,-0.002554118539720318,1.190298363207276e-06
2015-10-28,1,0.01184003327863703,1.586985470813929e-06
2015-10-29,1,-0.0004497742019048401,2.77680986426887e-06
2015-10-30,1,-0.004809877003672414,3.173339045314805e-06
2015-11-02,1,0.0118738170065511,3.173339045314805e-06
2015-11-03,1,0.002728067346863705,2.380241213684187e-06
2015-11-04,1,-0.003545367230984642,1.98363308512306e-06
2015-11-05,1,-0.001132148392381849,1.98363308512306e-06
2015-11-06,1,-0.0003476213457177524,3.173339045314805e-06
2015-11-09,1,-0.009822729385718598,5.551685702931408e-06
2015-11-10,1,0.001510594954300393,5.155393176359269e-06
2015-11-11,1,-0.003228085812548187,5.155393176359269e-06
2015-11-12,1,-0.01399037556475902,5.551685702931408e-06
2015-11-13,1,-0.01120736470669936,5.551685702931408e-06
2015-11-16,1,0.01490326526494345,5.947938814809817e-06
2015-11-17,1,-0.001339379248135431,5.551685702931408e-06
2015-11-18,1,0.01616245179852549,4.759061227099792e-06
2015-11-19,1,-0.00112310916925773,4.362689847159373e-06
2015-11-20,1,0.003810195689989637,4.759061227099792e-06
2015-11-23,1,-0.001234860772866053,5.551685702931408e-06
2015-11-24,1,0.001221995974340029,6.344152519766055e-06
2015-11-25,1,-0.0001291322766768799,7.532557270595319e-06
2015-11-27,1,0.0005936176807606053,7.136461739776223e-06
2015-11-30,1,-0.004640997274763192,8.720607641343747e-06
2015-12-01,1,0.01068057336863748,8.32463021360752e-06
2015-12-02,1,-0.01099569317256621,8.32463021360752e-06
2015-12-03,1,-0.01437352666626202,8.32463021360752e-06
2015-12-04,1,0.0205256690573854,9.116545717002822e-06
2015-12-07,1,-0.006989502964787397,1.149134821565312e-05
2015-12-08,1,-0.006489901652377839,1.0699904655187e-05
2015-12-09,1,-0.00773898501797976,1.030412390967683e-05
2015-12-10,1,0.002251387153160866,9.512444448356305e-06
2015-12-11,1,-0.01942276729748271,9.116545717002822e-06
2015-12-14,1,0.00475556001743338,1.030412390967683e-05
2015-12-15,1,0.01061856108273207,9.908303843175759e-06
2015-12-16,1,0.0145149694303004,1.0699904655187e-05
2015-12-17,1,-0.01504052090994346,9.116545717002822e-06
2015-12-18,1,-0.01779722000676409,7.532557270595319e-06
2015-12-21,1,0.007778402536028572,9.512444448356305e-06
2015-12-22,1,0.00881673605314326,8.32463021360752e-06
2015-12-23,1,0.01241806830075265,7.92861342602258e-06
2015-12-24,1,-0.001598636221499028,7.92861342602258e-06
2015-12-28,1,-0.00217855994238203,9.116545717002822e-06
2015-12-29,1,0.01062976290876483,9.116545717002822e-06
2015-12-30,1,-0.007217228595965963,8.32463021360752e-06
2015-12-31,1,-0.00941191309542666,6.344152519766055e-06
2016-01-04,1,-0.01530373108959415,8.720607641343747e-06
2016-01-05,1,0.002012225954227231,7.92861342602258e-06
2016-01-06,1,-0.01311539670264694,8.32463021360752e-06
2016-01-07,1,-0.02370044301441188,7.92861342602258e-06
2016-01-08,1,-0.01083837439021829,7.92861342602258e-06
2016-01-11,1,0.000853272125533433,8.32463021360752e-06
2016-01-12,1,0.007802798516756804,8.32463021360752e-06
2016-01-13,1,-0.02496545230421998,8.720607641343747e-06
2016-01-14,1,0.01669590538666177,9.908303843175759e-06
2016-01-15,1,-0.02159909800184956,9.512444448356305e-06
2016-01-19,1,0.0005318215543925753,1.030412390967683e-05
2016-01-20,1,-0.0116938551524135,1.030412390967683e-05
2016-01-21,1,0.005195438361131233,1.109564608792191e-05
2016-01-22,1,0.0202837010244945,1.228263458696865e-05
2016-01-25,1,-0.01563798205337852,1.228263458696865e-05
2016-01-26,1,0.01414433559022599,1.228263458696865e-05
2016-01-27,1,-0.01086348379563917,1.26782188460961e-05
2016-01-28,1,0.005528577205787144,1.386473601239224e-05
2016-01-29,1,0.02476021741534185,1.307376383175018e-05
2016-02-01,1,-0.0004432365871703814,1.386473601239224e-05
2016-02-02,1,-0.0187430908302747,1.346926955103633e-05
2016-02-03,1,0.004992038934619414,1.307376383175018e-05
2016-02-04,1,0.001526732563814193,1.149134821565312e-05
2016-02-05,1,-0.01848124631086934,1.188701104593015e-05
2016-02-08,1,-0.01415393565637346,1.26782188460961e-05
2016-02-09,1,-0.0006636203533073592,1.188701104593015e-05
2016-02-10,1,-0.0001889502774085061,1.228263458696865e-05
2016-02-11,1,-0.01230116179250429,1.109564608792191e-05
2016-02-12,1,0.0195180495658549,1.188701104593015e-05
2016-02-16,1,0.01651665412216263,1.188701104593015e-05
2016-02-17,1,0.01648043921048559,1.188701104593015e-05
2016-02-18,1,-0.004665713707027064,1.188701104593015e-05
2016-02-19,1,-2.603294293912484e-05,1.228263458696865e-05
2016-02-22,1,0.01445419718615382,1.307376383175018e-05
2016-02-23,1,-0.01245437186777176,1.26782188460961e-05
2016-02-24,1,0.004439786812972857,1.307376383175018e-05
2016-02-25,1,0.01134827535995186,1.26782188460961e-05
2016-02-26,1,-0.001870114482279139,1.307376383175018e-05
2016-02-29,1,-0.008120976341902342,1.307376383175018e-05
2016-03-01,1,0.02386879180189494,1.307376383175018e-05
2016-03-02,1,0.004094308735004271,1.426016322336743e-05
2016-03-03,1,0.003498740674582335,1.109564608792191e-05
2016-03-04,1,0.003305892314438896,1.149134821565312e-05
2016-03-07,1,0.0008850141950174084,1.26782188460961e-05
2016-03-08,1,-0.01124010864950509,1.149134821565312e-05
2016-03-09,1,0.005052393293786706,1.188701104593015e-05
2016-03-10,1,0.0001558049334504652,1.26782188460961e-05
2016-03-11,1,0.0163955005341887,1.307376383175018e-05
2016-03-14,1,-0.001260972921286907,1.346926955103633e-05
2016-03-15,1,-0.001836941687920479,1.346926955103633e-05
2016-03-16,1,0.005600351545632432,1.228263458696865e-05
2016-03-17,1,0.006595236486620637,1.149134821565312e-05
2016-03-18,1,0.004405643688968119,1.188701104593015e-05
2016-03-21,1,0.0009855772666846896,1.228263458696865e-05
2016-03-22,1,-0.000877387766836879,1.188701104593015e-05
2016-03-23,1,-0.006386031602501285,1.188701104593015e-05
2016-03-24,1,-0.0003780702927851376,1.188701104593015e-05
2016-03-28,1,0.0005452554858313974,1.149134821565312e-05
2016-03-29,1,0.008816651779288476,9.116545717002822e-06
2016-03-30,1,0.004350315260639448,7.92861342602258e-06
2016-03-31,1,-0.00203975921756705,8.32463021360752e-06
2016-04-01,1,0.006330915127309877,9.116545717002822e-06
2016-04-04,1,-0.003208322345054082,9.116545717002822e-06
2016-04-05,1,-0.0101444923872146,9.116545717002822e-06
2016-04-06,1,0.01050761926993959,9.116545717002822e-06
2016-04-07,1,-0.01197578652620479,9.116545717002822e-06
2016-04-08,1,0.002786577915288024,9.116545717002822e-06
2016-04-11,1,-0.002739785807019057,9.116545717002822e-06
2016-04-12,1,0.0096621337827838,8.720607641343747e-06
2016-04-13,1,0.01004013710204088,9.116545717002822e-06
2016-04-14,1,0.0001729273803483533,8.720607641343747e-06
2016-04-15,1,-0.0009842848497145784,8.720607641343747e-06
2016-04-18,1,0.006541025289023228,8.720607641343747e-06
2016-04-19,1,0.003084485167834661,8.32463021360752e-06
2016-04-20,1,0.0007615448773992117,9.116545717002822e-06
2016-04-21,1,-0.005194027008290192,9.116545717002822e-06
2016-04-22,1,4.785972478082989e-05,9.116545717002822e-06
2016-04-25,1,-0.001812045879638347,9.908303843175759e-06
2016-04-26,1,0.00187275158719058,9.512444448356305e-06
2016-04-27,1,0.001649352800310755,9.512444448356305e-06
2016-04-28,1,-0.009230768513682652,8.720607641343747e-06
2016-04-29,1,-0.005063088369821722,8.720607641343747e-06
2016-05-02,1,0.007809946463542827,8.720607641343747e-06
2016-05-03,1,-0.008676638198860664,8.32463021360752e-06
2016-05-04,1,-0.005936889314214544,7.532557270595319e-06
2016-05-05,1,-0.0002390081258001331,7.92861342602258e-06
2016-05-06,1,0.003174639080503638,7.532557270595319e-06
2016-05-09,1,0.0007534970439868616,9.512444448356305e-06
2016-05-10,1,0.01248364343506725,9.512444448356305e-06
2016-05-11,1,-0.009561518078546327,1.030412390967683e-05
2016-05-12,1,-0.0001694649071644072,1.0699904655187e-05
2016-05-13,1,-0.008478289025080632,1.149134821565312e-05
2016-05-16,1,0.009796652464963307,1.109564608792191e-05
2016-05-17,1,-0.009411297455333645,1.109564608792191e-05
2016-05-18,1,0.000205178732678446,1.188701104593015e-05
2016-05-19,1,-0.003706707658225783,1.228263458696865e-05
2016-05-20,1,0.006019504059596059,1.307376383175018e-05
2016-05-23,1,-0.002085458970489174,1.386473601239224e-05
2016-05-24,1,0.01368138268628583,1.386473601239224e-05
2016-05-25,1,0.006974740643369559,1.307376383175018e-05
2016-05-26,1,-0.0002104439035032213,1.228263458696865e-05
2016-05-27,1,0.004286857336424754,1.26782188460961e-05
2016-05-31,1,-0.001005263004855927,1.346926955103633e-05
2016-06-01,1,0.00113504232745032,1.188701104593015e-05
2016-06-02,1,0.002824678073455322,1.149134821565312e-05
2016-06-03,1,-0.002911814656949452,1.188701104593015e-05
2016-06-06,1,0.004897281193053882,1.109564608792191e-05
2016-06-07,1,0.001289446251063309,1.109564608792191e-05
2016-06-08,1,0.003309566533707509,9.512444448356305e-06
2016-06-09,1,-0.001717758558953841,1.030412390967683e-05
2016-06-10,1,-0.009175181182794367,1.030412390967683e-05
2016-06-13,1,-0.008115191387155773,1.0699904655187e-05
2016-06-14,1,-0.001798885135095518,1.0699904655187e-05
2016-06-15,1,-0.001840712870085137,1.030412390967683e-05
2016-06-16,1,0.00313299069967421,1.0699904655187e-05
2016-06-17,1,-0.003257965419980913,1.0699904655187e-05
2016-06-20,1,0.00580818525653326,1.109564608792191e-05
2016-06-21,1,0.002712061607464289,1.0699904655187e-05
2016-06-22,1,-0.001651563661812738,1.0699904655187e-05
2016-06-23,1,0.01336407865930278,1.228263458696865e-05
2016-06-24,1,-0.03591979999443151,1.0699904655187e-05
2016-06-27,1,-0.01809650217612324,1.0699904655187e-05
2016-06-28,1,0.01777016508725882,1.030412390967683e-05
2016-06-29,1,0.0170326725700285,1.030412390967683e-05
2016-06-30,1,0.01356504470592235,1.030412390967683e-05
2016-07-01,1,0.00194860235588723,1.109564608792191e-05
2016-07-05,1,-0.006847477437932237,1.109564608792191e-05
2016-07-06,1,0.005352963242081676,1.0699904655187e-05
2016-07-07,1,-0.0008715778419239317,1.149134821565312e-05
2016-07-08,1,0.01525334929671818,1.109564608792191e-05
2016-07-11,1,0.003408615474199461,1.228263458696865e-05
2016-07-12,1,0.007009293213798395,1.149134821565312e-05
2016-07-13,1,0.0001347677553398263,1.228263458696865e-05
2016-07-14,1,0.00525920411762093,1.26782188460961e-05
2016-07-15,1,-0.0009289473209127541,1.26782188460961e-05
2016-07-18,1,0.002382294987840705,1.26782188460961e-05
2016-07-19,1,-0.001435173652293842,1.228263458696865e-05
2016-07-20,1,0.004270300173431885,1.26782188460961e-05
2016-07-21,1,-0.003612528916297486,1.26782188460961e-05
2016-07-22,1,0.004553964713003289,1.307376383175018e-05
2016-07-25,1,-0.003011475124434226,1.26782188460961e-05
2016-07-26,1,0.0003227842443460638,1.228263458696865e-05
2016-07-27,1,-0.00119854212078141,1.228263458696865e-05
2016-07-28,1,0.001606209022175564,9.908303843175759e-06
2016-07-29,1,0.001631309257308811,1.109564608792191e-05
2016-08-01,1,-0.001269787284515211,1.149134821565312e-05
2016-08-02,1,-0.006361619481225378,1.149134821565312e-05
2016-08-03,1,0.003133943280255735,1.109564608792191e-05
2016-08-04,1,0.000212571889691926,1.030412390967683e-05
2016-08-05,1,0.008603496447961101,1.109564608792191e-05
2016-08-08,1,-0.0009071655678379864,1.228263458696865e-05
2016-08-09,1,0.0003897939364765346,1.149134821565312e-05
2016-08-10,1,-0.002864685997403638,1.109564608792191e-05
2016-08-11,1,0.004734588012062169,1.109564608792191e-05
2016-08-12,1,-0.0007960463737501922,1.149134821565312e-05
2016-08-15,1,0.002792909218769069,1.228263458696865e-05
2016-08-16,1,-0.00547907701986905,1.0699904655187e-05
2016-08-17,1,0.001868589648029051,1.188701104593015e-05
2016-08-18,1,0.002199617312904634,1.188701104593015e-05
2016-08-19,1,-0.001440271380974911,1.188701104593015e-05
2016-08-22,1,-0.000563323157221185,1.149134821565312e-05
2016-08-23,1,0.001951769405530879,1.188701104593015e-05
2016-08-24,1,-0.005240276852734871,1.228263458696865e-05
2016-08-25,1,-0.001365227624351317,1.307376383175018e-05
2016-08-26,1,-0.001578816594419941,1.346926955103633e-05
2016-08-29,1,0.005228047221710774,1.307376383175018e-05
2016-08-30,1,-0.001953680484111486,1.307376383175018e-05
2016-08-31,1,-0.002375864261715099,1.307376383175018e-05
2016-09-01,1,-4.138453304802781e-05,1.307376383175018e-05
2016-09-02,1,0.004201041336424849,1.307376383175018e-05
2016-09-06,1,0.002981678757711492,1.26782188460961e-05
2016-09-07,1,-0.0001463852229309781,1.346926955103633e-05
2016-09-08,1,-0.002223013629666704,1.386473601239224e-05
2016-09-09,1,-0.02452206896667508,1.386473601239224e-05
2016-09-12,1,0.01467705274849096,1.465555119151141e-05
2016-09-13,1,-0.01483067425889595,1.426016322336743e-05
2016-09-14,1,-0.0005876766502063147,1.307376383175018e-05
2016-09-15,1,0.01010927336302991,1.149134821565312e-05
2016-09-16,1,-0.003772294747450777,1.188701104593015e-05
2016-09-19,1,-1.86030607856047e-05,1.188701104593015e-05
2016-09-20,1,0.0002991382171499968,1.188701104593015e-05
2016-09-21,1,0.01091716235244244,8.720607641343747e-06
2016-09-22,1,0.006499784427785649,7.136461739776223e-06
2016-09-23,1,-0.00573677446354337,7.136461739776223e-06
2016-09-26,1,-0.008587762798917709,9.908303843175759e-06
2016-09-27,1,0.006444170055012188,1.030412390967683e-05
2016-09-28,1,0.005296554012835575,1.0699904655187e-05
2016-09-29,1,-0.009321411497187015,1.030412390967683e-05
2016-09-30,1,0.007967969231286176,1.149134821565312e-05
2016-10-03,1,-0.003260695529472613,1.26782188460961e-05
2016-10-04,1,-0.004955562270715697,1.307376383175018e-05
2016-10-05,1,0.004296690650193558,1.26782188460961e-05
2016-10-06,1,0.0004815597652971793,1.307376383175018e-05
2016-10-07,1,-0.00325348335701181,1.307376383175018e-05
2016-10-10,1,0.004605905039596125,1.307376383175018e-05
2016-10-11,1,-0.01244647159653234,1.386473601239224e-05
2016-10-12,1,0.001146589037580359,1.465555119151141e-05
2016-10-13,1,-0.003099263747961212,1.188701104593015e-05
2016-10-14,1,0.0002016044785730919,1.26782188460961e-05
2016-10-17,1,-0.003037994040303138,1.346926955103633e-05
2016-10-18,1,0.006160403318245855,1.346926955103633e-05
2016-10-19,1,0.002191971018971062,1.386473601239224e-05
2016-10-20,1,-0.001375723954379238,1.386473601239224e-05
2016-10-21,1,-8.414160005176807e-05,1.346926955103633e-05
2016-10-24,1,0.004749839541692946,1.307376383175018e-05
2016-10-25,1,-0.003797727786498339,1.346926955103633e-05
2016-10-26,1,-0.001740411645288154,1.307376383175018e-05
2016-10-27,1,-0.002986726736698975,1.188701104593015e-05
2016-10-28,1,-0.003108299343522414,1.188701104593015e-05
2016-10-31,1,-0.0001222764078291361,1.346926955103633e-05
2016-11-01,1,-0.006786883476427641,1.386473601239224e-05
2016-11-02,1,-0.00652550029741239,1.465555119151141e-05
2016-11-03,1,-0.004423400838946101,1.505089992526187e-05
2016-11-04,1,-0.001666130732233762,1.505089992526187e-05
2016-11-07,1,0.02222354396733728,1.623671079520328e-05
2016-11-08,1,0.003771974454299665,1.702705534412097e-05
2016-11-09,1,0.01107702075325334,1.781724314131594e-05
2016-11-10,1,0.001950745950128452,1.900223106310328e-05
2016-11-11,1,-0.001397950303660855,1.900223106310328e-05
2016-11-14,1,-0.0001155027862227431,2.17658330252668e-05
2016-11-15,1,0.007480797417763307,2.018686664317926e-05
2016-11-16,1,-0.001582263421610164,1.86072742485166e-05
2016-11-17,1,0.004676369608375142,1.742216883293679e-05
2016-11-18,1,-0.002386798421690206,1.742216883293679e-05
2016-11-21,1,0.007461400625843329,1.821227827725203e-05
2016-11-22,1,0.002165432272904111,1.939714872856158e-05
2016-11-23,1,0.0008080244329033981,2.018686664317926e-05
2016-11-25,1,0.003914386891670674,1.939714872856158e-05
2016-11-28,1,-0.005254535631502799,1.900223106310328e-05
2016-11-29,1,0.001335293064226972,1.900223106310328e-05
2016-11-30,1,-0.002653404039096419,1.900223106310328e-05
2016-12-01,1,-0.003515528973745741,1.900223106310328e-05
2016-12-02,1,0.0003970065063159112,1.939714872856158e-05
2016-12-05,1,0.005821305253253195,1.939714872856158e-05
2016-12-06,1,0.003410888354698827,1.939714872856158e-05
2016-12-07,1,0.01316324136486458,2.058166690788177e-05
2016-12-08,1,0.002159343047327233,2.018686664317926e-05
2016-12-09,1,0.005938984786955759,2.137115009137602e-05
2016-12-12,1,-0.00113743492055951,2.018686664317926e-05
2016-12-13,1,0.006539774750587091,2.137115009137602e-05
2016-12-14,1,-0.00811717185395111,2.17658330252668e-05
2016-12-15,1,0.003883227954907253,2.018686664317926e-05
2016-12-16,1,-0.001750622620483422,2.018686664317926e-05
2016-12-19,1,0.001975120701520394,2.058166690788177e-05
2016-12-20,1,0.003637512148869648,2.058166690788177e-05
2016-12-21,1,-0.002457361456517759,2.058166690788177e-05
2016-12-22,1,-0.001862973728567585,2.018686664317926e-05
2016-12-23,1,0.001251715277534871,2.058166690788177e-05
2016-12-27,1,0.002248372712209568,2.018686664317926e-05
2016-12-28,1,-0.008356529175972627,2.097642805476418e-05
2016-12-29,1,-0.000293304709629405,1.86072742485166e-05
2016-12-30,1,-0.004637050227782158,2.018686664317926e-05
2017-01-03,1,0.008486575281279274,2.097642805476418e-05
2017-01-04,1,0.005722273788525856,2.097642805476418e-05
2017-01-05,1,-0.0007706704833204681,2.058166690788177e-05
2017-01-06,1,0.003516959219369786,2.097642805476418e-05
2017-01-09,1,-0.003548594275886718,1.979202725266305e-05
2017-01-10,1,0.0,2.058166690788177e-05
2017-01-11,1,0.002829638279323365,2.058166690788177e-05
2017-01-12,1,-0.002144808996759617,2.058166690788177e-05
2017-01-13,1,0.001849840242536205,2.097642805476418e-05
2017-01-17,1,-0.002967502689997015,2.17658330252668e-05
2017-01-18,1,0.001763754057500844,2.097642805476418e-05
2017-01-19,1,-0.003609308355419394,2.058166690788177e-05
2017-01-20,1,0.003366237154707852,1.979202725266305e-05
2017-01-23,1,-0.002690124758069401,2.018686664317926e-05
2017-01-24,1,0.006564593637664151,2.018686664317926e-05
2017-01-25,1,0.008026090549617448,1.979202725266305e-05
2017-01-26,1,-0.0007353844075136395,2.018686664317926e-05
2017-01-27,1,-0.000866463892926328,2.058166690788177e-05
2017-01-30,1,-0.006009543517695892,2.018686664317926e-05
2017-01-31,1,-0.0008899054071440649,2.058166690788177e-05
2017-02-01,1,0.0002983634896507326,2.018686664317926e-05
2017-02-02,1,0.0005703094032936118,2.058166690788177e-05
2017-02-03,1,0.007264758098647794,2.018686664317926e-05
2017-02-06,1,-0.002115356985885164,2.097642805476418e-05
2017-02-07,1,0.0002268291856959426,2.097642805476418e-05
2017-02-08,1,0.0006933223855400961,2.137115009137602e-05
2017-02-09,1,0.005752546449780516,2.137115009137602e-05
2017-02-10,1,0.003566050102845164,2.17658330252668e-05
2017-02-13,1,0.005245845097992419,2.058166690788177e-05
2017-02-14,1,0.004007335176634763,2.137115009137602e-05
2017-02-15,1,0.004992308919898214,2.137115009137602e-05
2017-02-16,1,-0.0008641180363413437,2.097642805476418e-05
2017-02-17,1,0.001678556528755815,2.097642805476418e-05
2017-02-21,1,0.006048066160828425,2.097642805476418e-05
2017-02-22,1,-0.001082200145408052,2.058166690788177e-05
2017-02-23,1,0.0004189867216857213,2.018686664317926e-05
2017-02-24,1,0.001493364191442303,2.058166690788177e-05
2017-02-27,1,0.001017983061116556,1.979202725266305e-05
2017-02-28,1,-0.002578376378046254,2.097642805476418e-05
2017-03-01,1,0.01367385465986626,2.492188974012599e-05
2017-03-02,1,-0.005859880503598425,2.649898106499293e-05
2017-03-03,1,0.0005038772720600271,2.807544836191944e-05
2017-03-06,1,-0.003277240848005292,2.925738961367941e-05
2017-03-07,1,-0.002913373768021699,3.004515569715593e-05
2017-03-08,1,-0.002284215165048731,2.886344815444808e-05
2017-03-09,1,0.0007998953585612867,2.886344815444808e-05
2017-03-10,1,0.003268670195698986,2.965129212539885e-05
2017-03-13,1,0.0003666328125562224,3.122651284970246e-05
2017-03-14,1,-0.003379027175504645,3.08327660516472e-05
2017-03-15,1,0.008374752796581397,2.886344815444808e-05
2017-03-16,1,-0.001626710269420961,2.886344815444808e-05
2017-03-17,1,-0.00131431479500177,2.886344815444808e-05
2017-03-20,1,-0.002009893533848395,3.004515569715593e-05
2017-03-21,1,-0.0124079729406269,3.043898033650017e-05
2017-03-22,1,0.001889886436000188,3.043898033650017e-05
2017-03-23,1,-0.001060269661328106,3.004515569715593e-05
2017-03-24,1,-0.0008439958489141475,3.08327660516472e-05
2017-03-27,1,-0.001019587452981141,3.08327660516472e-05
2017-03-28,1,0.007251474353500598,3.08327660516472e-05
2017-03-29,1,0.001085324742930105,3.08327660516472e-05
2017-03-30,1,0.002935109936855751,3.08327660516472e-05
2017-03-31,1,-0.002255047489714501,3.004515569715593e-05
2017-04-03,1,-0.001642125542006267,3.122651284970246e-05
2017-04-04,1,0.0005595225490382383,3.122651284970246e-05
2017-04-05,1,-0.003054861198390602,3.162022073865955e-05
2017-04-06,1,0.001929509405943275,3.122651284970246e-05
2017-04-07,1,-0.0008271302020167459,3.240751982014345e-05
2017-04-10,1,0.0006876864837839225,3.240751982014345e-05
2017-04-11,1,-0.001433879303282093,3.240751982014345e-05
2017-04-12,1,-0.003759951034546627,3.201388972629005e-05
2017-04-13,1,-0.006814694227374907,3.201388972629005e-05
2017-04-17,1,0.008613348940219367,3.280111102821337e-05
2017-04-18,1,-0.002903379862589595,3.240751982014345e-05
2017-04-19,1,-0.001716350779320863,3.201388972629005e-05
2017-04-20,1,0.007557263417987681,3.122651284970246e-05
2017-04-21,1,-0.003035072932635718,3.122651284970246e-05
2017-04-24,1,0.01084006896297951,3.201388972629005e-05
2017-04-25,1,0.006090687476747014,3.240751982014345e-05
2017-04-26,1,-0.0004857034835427099,3.280111102821337e-05
2017-04-27,1,0.0005529198041311911,3.201388972629005e-05
2017-04-28,1,-0.001913147068160148,3.162022073865955e-05
2017-05-01,1,0.001732290511580192,3.280111102821337e-05
2017-05-02,1,0.001189049945822251,3.240751982014345e-05
2017-05-03,1,-0.001271360531382104,3.358817681675674e-05
2017-05-04,1,0.0005821026438950216,3.398165141277332e-05
2017-05-05,1,0.004088695408028586,3.555516132158765e-05
2017-05-08,1,3.744597299082386e-05,3.594844171850298e-05
2017-05-09,1,-0.001025248629915376,3.594844171850298e-05
2017-05-10,1,0.001130601365847861,3.555516132158765e-05
2017-05-11,1,-0.002162809124616749,3.516184210039519e-05
2017-05-12,1,-0.001478441367972261,3.4768484046932e-05
2017-05-15,1,0.004776513648450997,3.555516132158765e-05
2017-05-16,1,-0.0006868970151433507,3.555516132158765e-05
2017-05-17,1,-0.01817821441443346,3.555516132158765e-05
2017-05-18,1,0.003686818283279214,3.673488606925623e-05
2017-05-19,1,0.006767499942466504,3.634168329846865e-05
2017-05-22,1,0.005160131149745784,3.673488606925623e-05
2017-05-23,1,0.001837871992654172,3.634168329846865e-05
2017-05-24,1,0.002489126548973042,3.673488606925623e-05
2017-05-25,1,0.00444194837709877,3.712805003863728e-05
2017-05-26,1,0.0003105499959714653,3.712805003863728e-05
2017-05-30,1,-0.001204624586125025,3.673488606925623e-05
2017-05-31,1,-0.000459968801852062,3.870031805486285e-05
2017-06-01,1,0.007571112611303388,3.870031805486285e-05
2017-06-02,1,0.00370773131049229,3.870031805486285e-05
2017-06-05,1,-0.001217665183814387,3.79142616035999e-05
2017-06-06,1,-0.002779039965460917,3.830730921472458e-05
2017-06-07,1,0.001568257227550385,3.948621945371045e-05
2017-06-08,1,0.000267204728490178,3.987911202774086e-05
2017-06-09,1,-0.0008299892344156845,3.987911202774086e-05
2017-06-12,1,-0.000978763178264619,3.870031805486285e-05
2017-06-13,1,0.004511505177332342,3.948621945371045e-05
2017-06-14,1,-0.0009958307964025304,3.987911202774086e-05
2017-06-15,1,-0.00223959814615271,4.027196586142701e-05
2017-06-16,1,0.0002836393681004967,4.066478096254045e-05
2017-06-19,1,0.008347228657875183,4.027196586142701e-05
2017-06-20,1,-0.0066966373620162,3.987911202774086e-05
2017-06-21,1,-0.0005826443900691647,3.90932881320083e-05
2017-06-22,1,-0.0004557820722176364,3.79142616035999e-05
2017-06-23,1,0.001560915517816897,3.830730921472458e-05
2017-06-26,1,0.000315801794623205,3.90932881320083e-05
2017-06-27,1,-0.00807282488613359,3.948621945371045e-05
2017-06-28,1,0.008808066374833778,4.027196586142701e-05
2017-06-29,1,-0.008600023246820632,4.105755733907479e-05
2017-06-30,1,0.001533231810705749,4.066478096254045e-05
2017-07-03,1,0.002310833849555216,4.184299394793811e-05
2017-07-05,1,0.001453279024245635,4.145029499813546e-05
2017-07-06,1,-0.009368823820586791,4.105755733907479e-05
2017-07-07,1,0.006403125486305727,4.145029499813546e-05
2017-07-10,1,0.0009277662125786179,4.105755733907479e-05
2017-07-11,1,-0.0007826806116978391,4.145029499813546e-05
2017-07-12,1,0.007305607635895495,4.145029499813546e-05
2017-07-13,1,0.001874584313926064,4.145029499813546e-05
2017-07-14,1,0.004673503078699293,4.105755733907479e-05
2017-07-17,1,-5.291283677333336e-05,4.223565419558817e-05
2017-07-18,1,0.0005978573436131729,4.223565419558817e-05
2017-07-19,1,0.005372639356088893,4.380590832075981e-05
2017-07-20,1,-0.0001536592818101035,4.537554382633147e-05
2017-07-21,1,-0.0003678716478350275,4.576785610077572e-05
2017-07-24,1,-0.001063734827979723,4.616012974967276e-05
2017-07-25,1,0.002923171678338221,4.655236478057212e-05
2017-07-26,1,0.0002826639480466575,4.459080337038124e-05
2017-07-27,1,-0.0009726882691745153,4.380590832075981e-05
2017-07-28,1,-0.001341115577770502,4.262827574930128e-05
2017-07-31,1,-0.0007281456077897763,4.223565419558817e-05
2017-08-01,1,0.002449114969250488,4.262827574930128e-05
2017-08-02,1,0.0004926487188865458,4.262827574930128e-05
2017-08-03,1,-0.002183654185644257,4.262827574930128e-05
2017-08-04,1,0.001889103529569169,4.262827574930128e-05
2017-08-07,1,0.001647199789928111,4.027196586142701e-05
2017-08-08,1,-0.002414432787396947,4.184299394793811e-05
2017-08-09,1,-0.0003636086710507858,4.184299394793811e-05
2017-08-10,1,-0.01447444172280177,4.145029499813546e-05
2017-08-11,1,0.001275569976212809,4.066478096254045e-05
2017-08-14,1,0.01004375454453532,4.027196586142701e-05
2017-08-15,1,-0.0004988078808476626,4.105755733907479e-05
2017-08-16,1,0.001420102915856924,4.027196586142701e-05
2017-08-17,1,-0.01543695216095864,3.948621945371045e-05
2017-08-18,1,-0.001835367311071368,4.027196586142701e-05
2017-08-21,1,0.001162651069903653,3.948621945371045e-05
2017-08-22,1,0.00994077978775465,3.948621945371045e-05
2017-08-23,1,-0.003453592714973031,3.948621945371045e-05
2017-08-24,1,-0.002074462070318583,4.027196586142701e-05
2017-08-25,1,0.001672869356330597,4.066478096254045e-05
2017-08-28,1,0.0004870720543856955,3.870031805486285e-05
2017-08-29,1,0.000842821736810162,4.066478096254045e-05
2017-08-30,1,0.004615148933961866,4.066478096254045e-05
2017-08-31,1,0.005720976220730423,3.987911202774086e-05
2017-09-01,1,0.001982540682532896,4.027196586142701e-05
2017-09-05,1,-0.007550806889900619,4.066478096254045e-05
2017-09-06,1,0.003128726773688584,4.223565419558817e-05
2017-09-07,1,-0.0001784361232346487,4.145029499813546e-05
2017-09-08,1,-0.001488850703918465,4.105755733907479e-05
2017-09-11,1,0.01083929931877714,4.145029499813546e-05
2017-09-12,1,0.003363948010945306,4.066478096254045e-05
2017-09-13,1,0.0007571207193879381,4.105755733907479e-05
2017-09-14,1,-0.001100717616289715,4.145029499813546e-05
2017-09-15,1,0.001847181487880212,4.145029499813546e-05
2017-09-18,1,0.001455920754164897,4.145029499813546e-05
2017-09-19,1,0.001110195427937111,4.105755733907479e-05
2017-09-20,1,0.0006343478158390425,4.105755733907479e-05
2017-09-21,1,-0.003045917698414113,4.105755733907479e-05
2017-09-22,1,0.0006477937229520947,4.066478096254045e-05
2017-09-25,1,-0.002222050282888466,4.145029499813546e-05
2017-09-26,1,7.216672978804795e-05,4.184299394793811e-05
2017-09-27,1,0.004085143947080816,4.223565419558817e-05
2017-09-28,1,0.001204615596159142,4.184299394793811e-05
2017-09-29,1,0.003705110081443808,4.184299394793811e-05
2017-10-02,1,0.003874003457017716,3.987911202774086e-05
2017-10-03,1,0.002158838127297669,4.223565419558817e-05
2017-10-04,1,0.001246720171379501,4.262827574930128e-05
2017-10-05,1,0.005646787369921524,4.223565419558817e-05
2017-10-06,1,-0.001073634406964508,4.223565419558817e-05
2017-10-09,1,-0.001804433916079318,4.223565419558817e-05
2017-10-10,1,0.002322412261707374,4.262827574930128e-05
2017-10-11,1,0.0018035072962026,4.341340280400452e-05
2017-10-12,1,-0.00168675295088605,4.302085861618288e-05
2017-10-13,1,0.0008781073155288421,4.302085861618288e-05
2017-10-16,1,0.001750753314468945,4.341340280400452e-05
2017-10-17,1,0.0006725789853143649,4.302085861618288e-05
2017-10-18,1,0.0007423349056041584,4.302085861618288e-05
2017-10-19,1,0.0003279978945605055,4.341340280400452e-05
2017-10-20,1,0.005116842738986938,4.380590832075981e-05
2017-10-23,1,-0.003972484039719171,4.302085861618288e-05
2017-10-24,1,0.001617908278173541,4.419837517355418e-05
2017-10-25,1,-0.004663049754275228,4.419837517355418e-05
2017-10-26,1,0.001270946219078306,4.380590832075981e-05
2017-10-27,1,0.008073022498049642,4.341340280400452e-05
2017-10-30,1,-0.003192470570786421,4.419837517355418e-05
2017-10-31,1,0.0009444586571358826,4.537554382633147e-05
2017-11-01,1,0.001592110171672712,4.655236478057212e-05
2017-11-02,1,0.0001899658108865943,4.616012974967276e-05
2017-11-03,1,0.00309707538497439,4.655236478057212e-05
2017-11-06,1,0.001271251240472449,4.69445612010233e-05
2017-11-07,1,-0.0001891029228697771,4.812091887673731e-05
2017-11-08,1,0.001443655000098465,4.851296093222324e-05
2017-11-09,1,-0.003761887644002093,4.890496441523062e-05
2017-11-10,1,-0.0008976438525517549,4.851296093222324e-05
2017-11-13,1,0.0009836343625724275,4.890496441523062e-05
2017-11-14,1,-0.002309609298885795,4.968885569511805e-05
2017-11-15,1,-0.005525675723266343,4.929692933375307e-05
2017-11-16,1,0.008196058063241196,5.008074350687508e-05
2017-11-17,1,-0.002625963089974204,5.086440351265153e-05
2017-11-20,1,0.001275682880856444,5.125617572176999e-05
2017-11-21,1,0.006541139295859866,5.125617572176999e-05
2017-11-22,1,-0.0007502611166068096,5.086440351265153e-05
2017-11-24,1,0.002056095148923909,5.086440351265153e-05
2017-11-27,1,-0.0003842577408796899,5.008074350687508e-05
2017-11-28,1,0.00984851271879017,5.125617572176999e-05
2017-11-29,1,-0.000369225702197995,5.086440351265153e-05
2017-11-30,1,0.008190950433802913,5.008074350687508e-05
2017-12-01,1,-0.002024530803113933,5.008074350687508e-05
2017-12-04,1,-0.001052156643920554,5.086440351265153e-05
2017-12-05,1,-0.003739381560474708,5.125617572176999e-05
2017-12-06,1,-0.0001141056599842649,5.125617572176999e-05
2017-12-07,1,0.002932357985382827,5.086440351265153e-05
2017-12-08,1,0.005506306319651655,5.047259277701777e-05
2017-12-11,1,0.003201957471006933,5.243126126464048e-05
2017-12-12,1,0.001548922064604108,5.282287944297082e-05
2017-12-13,1,-0.0004729570906678582,5.125617572176999e-05
2017-12-14,1,-0.004070859227173984,5.203960459021495e-05
2017-12-15,1,0.008974343513216354,5.164790941170061e-05
2017-12-18,1,0.005362807225250732,5.438896734411003e-05
2017-12-19,1,-0.003230269459868707,5.399750307555351e-05
2017-12-20,1,-0.0008278931807477186,5.438896734411003e-05
2017-12-21,1,0.001985655821358678,5.321445913253342e-05
2017-12-22,1,-0.0004581666477052604,5.243126126464048e-05
2017-12-26,1,-0.001058415183167294,5.791041604052971e-05
2017-12-27,1,0.0007909409391904099,5.673694559393816e-05
2017-12-28,1,0.001833998725156105,5.478039315431893e-05
2017-12-29,1,-0.005183153157965359,5.478039315431893e-05
2018-01-02,1,0.008303361477520088,5.673694559393816e-05
2018-01-03,1,0.006398818768781567,5.556312942989194e-05
2018-01-04,1,0.004028636080503967,5.556312942989194e-05
2018-01-05,1,0.007033767443369587,5.478039315431893e-05
2018-01-08,1,0.001662343931643662,5.71281408126012e-05
2018-01-09,1,0.001302931596091295,5.673694559393816e-05
2018-01-10,1,-0.001112226828252849,5.595443991035509e-05
2018-01-11,1,0.007033646478779465,5.634571196244664e-05
2018-01-12,1,0.006749602987881076,5.634571196244664e-05
2018-01-16,1,-0.003524487622672101,5.71281408126012e-05
2018-01-17,1,0.009415051560751175,5.673694559393816e-05
2018-01-18,1,-0.001616389730162648,5.71281408126012e-05
2018-01-19,1,0.004385235112838837,5.673694559393816e-05
2018-01-22,1,0.008066726499347698,5.673694559393816e-05
2018-01-23,1,0.002174365479718166,5.673694559393816e-05
2018-01-24,1,-0.0005599757022828333,5.634571196244664e-05
2018-01-25,1,0.0006026209018938911,5.595443991035509e-05
2018-01-26,1,0.01184119650876103,5.556312942989194e-05
2018-01-29,1,-0.006731974332887192,5.673694559393816e-05
2018-01-30,1,-0.01089881562028394,5.673694559393816e-05
2018-01-31,1,0.0004889853730833948,5.75192976255412e-05
2018-02-01,1,-0.0006480882520516484,5.83014960653383e-05
2018-02-02,1,-0.02120854792396809,5.83014960653383e-05
2018-02-05,1,-0.04097922480422822,5.947450587262537e-05
2018-02-06,1,0.01744092059231384,5.986543241132125e-05
2018-02-07,1,-0.005001588416939429,6.10379819414586e-05
2018-02-08,1,-0.03753641975808808,6.10379819414586e-05
2018-02-09,1,0.01493609020849473,6.10379819414586e-05
2018-02-12,1,0.0139145847540425,6.377258964507249e-05
2018-02-13,1,0.002612929746329096,6.260084472953231e-05
2018-02-14,1,0.01340245825724584,6.221018650132137e-05
2018-02-15,1,0.01206911276229938,6.221018650132137e-05
2018-02-16,1,0.0003734693722488025,6.377258964507249e-05
2018-02-20,1,-0.005841389459353419,6.533438035116745e-05
2018-02-21,1,-0.005496503128179286,6.455356152268443e-05
2018-02-22,1,0.0009735510790762625,6.416309471890536e-05
2018-02-23,1,0.01602837635051313,6.455356152268443e-05
2018-02-26,1,0.01175701534381091,6.533438035116745e-05
2018-02-27,1,-0.01270688844382928,6.533438035116745e-05
2018-02-28,1,-0.01109578863920702,6.494399006440332e-05
2018-03-01,1,-0.01332439954198728,6.416309471890536e-05
2018-03-02,1,0.005071602744632031,6.494399006440332e-05
2018-03-05,1,0.01103202653274504,6.689555910033285e-05
2018-03-06,1,0.002638858606169414,6.611504619025155e-05
2018-03-07,1,-0.000483874720566102,6.611504619025155e-05
2018-03-08,1,0.004463078207817217,6.572473239052634e-05
2018-03-09,1,0.01737883151892694,6.572473239052634e-05
2018-03-12,1,-0.001273985129042532,6.728575822556593e-05
2018-03-13,1,-0.006363576551088879,6.806604185438658e-05
2018-03-14,1,-0.005724521948562322,6.923618085541428e-05
2018-03-15,1,-0.000781930531963182,6.962615083461188e-05
2018-03-16,1,0.001703447167811456,7.001608264878278e-05
2018-03-19,1,-0.01420419538879303,7.079583181268667e-05
2018-03-20,1,0.001481805452064888,7.118564917729664e-05
2018-03-21,1,-0.001843989883350883,6.845612637285114e-05
2018-03-22,1,-0.02516288840585645,6.767591914114135e-05
2018-03-23,1,-0.02096688071186603,6.845612637285114e-05
2018-03-26,1,0.02715725576151251,7.040597630569856e-05
2018-03-27,1,-0.0172763088138479,6.962615083461188e-05
2018-03-28,1,-0.00291665716625622,6.806604185438658e-05
2018-03-29,1,0.01376971869001919,6.806604185438658e-05
2018-04-02,1,-0.0223374235601651,6.962615083461188e-05
2018-04-03,1,0.01261486584879212,6.884617270408455e-05
2018-04-04,1,0.01156648273982852,6.728575822556593e-05
2018-04-05,1,0.006862863657553842,6.767591914114135e-05
2018-04-06,1,-0.02192024877984244,6.806604185438658e-05
2018-04-09,1,0.003336548896320624,6.923618085541428e-05
2018-04-10,1,0.0167269537832615,6.845612637285114e-05
2018-04-11,1,-0.005525364482924067,6.806604185438658e-05
2018-04-12,1,0.008250750063987677,6.884617270408455e-05
2018-04-13,1,-0.002886625488248695,6.923618085541428e-05
2018-04-16,1,0.008109038386684864,7.040597630569856e-05
2018-04-17,1,0.01066150470172,7.079583181268667e-05
2018-04-18,1,0.0008313658006817715,7.118564917729664e-05
2018-04-19,1,-0.005726124690152989,7.157542840707798e-05
2018-04-20,1,-0.00853653230061302,7.118564917729664e-05
2018-04-23,1,5.623169212687351e-05,7.352375279379153e-05
2018-04-24,1,-0.01338056164164636,7.352375279379153e-05
2018-04-25,1,0.001837059563023713,7.274453736161313e-05
2018-04-26,1,0.01043420477436729,7.157542840707798e-05
2018-04-27,1,0.001113624891589726,7.157542840707798e-05
2018-04-30,1,-0.008187490964434607,7.352375279379153e-05
2018-05-01,1,0.002549045477062251,7.274453736161313e-05
2018-05-02,1,-0.007205863568357729,7.23548724916867e-05
2018-05-03,1,-0.002253674239308556,7.23548724916867e-05
2018-05-04,1,0.01281117896379791,7.23548724916867e-05
2018-05-07,1,0.003457945501517568,7.31341641264649e-05
2018-05-08,1,-0.0002656413228280252,7.352375279379153e-05
2018-05-09,1,0.009682220255068819,7.39133033709205e-05
2018-05-10,1,0.009370643723504823,7.469229028500557e-05
2018-05-11,1,0.001707595554657049,7.5471124928006e-05
2018-05-14,1,0.0008834895573073265,7.586048516672328e-05
2018-05-15,1,-0.006842140279927467,7.5471124928006e-05
2018-05-16,1,0.004060561678767671,7.5471124928006e-05
2018-05-17,1,-0.0008558723207806596,7.5471124928006e-05
2018-05-18,1,-0.00263219493841671,7.508172663661661e-05
2018-05-21,1,0.007386752997235124,7.586048516672328e-05
2018-05-22,1,-0.003135761789657687,7.586048516672328e-05
2018-05-23,1,0.003248409892156356,7.5471124928006e-05
2018-05-24,1,-0.002023213496498033,7.508172663661661e-05
2018-05-25,1,-0.002357220436403962,7.469229028500557e-05
2018-05-29,1,-0.01156418729065301,7.586048516672328e-05
2018-05-30,1,0.01269579122331432,7.62498073600959e-05
2018-05-31,1,-0.006879559974886984,7.586048516672328e-05
2018-06-01,1,0.01084923037048102,7.5471124928006e-05
2018-06-04,1,0.004479598435997323,7.62498073600959e-05
2018-06-05,1,0.0007025929724704394,7.62498073600959e-05
2018-06-06,1,0.008567392465728796,7.663909151545134e-05
2018-06-07,1,-0.0007141884679080501,7.62498073600959e-05
2018-06-08,1,0.003125904389326362,7.586048516672328e-05
2018-06-11,1,0.001068707668436586,7.62498073600959e-05
2018-06-12,1,0.001743385210729587,7.5471124928006e-05
2018-06-13,1,-0.004026127868587581,7.62498073600959e-05
2018-06-14,1,0.002471549778432225,7.62498073600959e-05
2018-06-15,1,-0.001017102715529128,7.62498073600959e-05
2018-06-18,1,-0.002126127762475116,7.62498073600959e-05
2018-06-19,1,-0.004023402292699374,7.62498073600959e-05
2018-06-20,1,0.001712154289368994,7.62498073600959e-05
2018-06-21,1,-0.006345510515579966,7.62498073600959e-05
2018-06-22,1,0.001861934506535823,7.586048516672328e-05
2018-06-25,1,-0.01372466897341618,7.586048516672328e-05
2018-06-26,1,0.002204577019977894,7.586048516672328e-05
2018-06-27,1,-0.008604355128821406,7.586048516672328e-05
2018-06-28,1,0.00617868985946779,7.586048516672328e-05
2018-06-29,1,0.0007584033300001014,7.586048516672328e-05
2018-07-02,1,0.003067957412152822,7.780671582890974e-05
2018-07-03,1,-0.00494735062681062,7.780671582890974e-05
2018-07-05,1,0.008620803683929923,7.702833764056116e-05
2018-07-06,1,0.008481281595267509,7.741754574253079e-05
2018-07-09,1,0.008822985887663393,7.780671582890974e-05
2018-07-10,1,0.003473267180873929,7.81958479070255e-05
2018-07-11,1,-0.007094202866256172,7.741754574253079e-05
2018-07-12,1,0.008749042674663476,7.780671582890974e-05
2018-07-13,1,0.001079237494717278,7.780671582890974e-05
2018-07-16,1,-0.001028135726814483,7.897399806910954e-05
2018-07-17,1,0.00397369863071062,7.936301616751074e-05
2018-07-18,1,0.002160512627958688,7.85849419846496e-05
2018-07-19,1,-0.003952993120479142,7.85849419846496e-05
2018-07-20,1,-0.0009484477101494582,7.81958479070255e-05
2018-07-23,1,0.001838049489138349,7.81958479070255e-05
2018-07-24,1,0.004780911145920941,7.936301616751074e-05
2018-07-25,1,0.009101605057599604,7.897399806910954e-05
2018-07-26,1,-0.003032296024285785,7.81958479070255e-05
2018-07-27,1,-0.00656220869212365,7.85849419846496e-05
2018-07-30,1,-0.005754170294581917,8.01409384370011e-05
2018-07-31,1,0.004884728797982518,7.97519962878468e-05
2018-08-01,1,-0.001040351526293892,7.97519962878468e-05
2018-08-02,1,0.004926444803381669,7.936301616751074e-05
2018-08-03,1,0.004644183009877123,7.897399806910954e-05
2018-08-06,1,0.003538227451535869,8.052984262252316e-05
2018-08-07,1,0.00282418225649872,8.091870885218455e-05
2018-08-08,1,-0.0002623799656497061,8.091870885218455e-05
2018-08-09,1,-0.001441674464523701,8.091870885218455e-05
2018-08-10,1,-0.007113887913551609,8.052984262252316e-05
2018-08-13,1,-0.004005992185342366,8.091870885218455e-05
2018-08-14,1,0.006389254777276809,8.16963274727911e-05
2018-08-15,1,-0.007602164835758152,8.130753713309069e-05
2018-08-16,1,0.007919408484583057,8.130753713309069e-05
2018-08-17,1,0.003323115722223768,8.052984262252316e-05
2018-08-20,1,0.002428017774683378,8.091870885218455e-05
2018-08-21,1,0.002068536430364309,8.16963274727911e-05
2018-08-22,1,-0.0003981517707819515,8.20850798783912e-05
2018-08-23,1,-0.001691262125155135,8.16963274727911e-05
2018-08-24,1,0.006198839704363079,8.20850798783912e-05
2018-08-27,1,0.007670409427647185,8.325110956697301e-05
2018-08-28,1,0.0002692783264997001,8.363971031166706e-05
2018-08-29,1,0.005701434129840033,8.363971031166706e-05
2018-08-30,1,-0.004430329054144866,8.286247091815468e-05
2018-08-31,1,0.0001344775085945216,8.286247091815468e-05
2018-09-04,1,-0.001654322146948495,8.363971031166706e-05
2018-09-05,1,-0.002803126684318036,8.402827315934225e-05
2018-09-06,1,-0.003652305086012109,8.363971031166706e-05
2018-09-07,1,-0.002213344827027508,8.402827315934225e-05
2018-09-10,1,0.001897826812740089,8.402827315934225e-05
2018-09-11,1,0.003739841510076891,8.441679811777014e-05
2018-09-12,1,0.0003566719422101183,8.480528519427821e-05
2018-09-13,1,0.005282254329749936,8.441679811777014e-05
2018-09-14,1,0.000275481838920788,8.480528519427821e-05
2018-09-17,1,-0.005569722252617426,8.480528519427821e-05
2018-09-18,1,0.005369014643958003,8.519373439619393e-05
2018-09-19,1,0.00125327272387965,8.480528519427821e-05
2018-09-20,1,0.007840591898404803,8.519373439619393e-05
2018-09-21,1,-0.0003685330120276609,8.558214573084477e-05
2018-09-24,1,-0.003515687760793251,8.713541254601331e-05
2018-09-25,1,-0.00130509611347962,8.6747152605815e-05
2018-09-26,1,-0.003289278113945082,8.635885482832784e-05
2018-09-27,1,0.00276328708755802,8.558214573084477e-05
2018-09-28,1,-6.870120538793323e-06,8.597051920578025e-05
2018-10-01,1,0.003641105118425747,8.75236346555841e-05
2018-10-02,1,-0.0003966902079042267,8.75236346555841e-05
2018-10-03,1,0.0007115197468861023,8.75236346555841e-05
2018-10-04,1,-0.008169482334351885,8.713541254601331e-05
2018-10-05,1,-0.005527978766503461,8.75236346555841e-05
2018-10-08,1,-0.0003951166292067709,8.75236346555841e-05
2018-10-09,1,-0.001417903657543129,8.829996541415142e-05
2018-10-10,1,-0.0328642290012785,8.907614494035876e-05
2018-10-11,1,-0.02057300761734404,8.907614494035876e-05
2018-10-12,1,0.01420619782515242,8.946417800981266e-05
2018-10-15,1,-0.005904978964482943,9.062805053217105e-05
2018-10-16,1,0.02149560016316343,9.024013079850235e-05
2018-10-17,1,-0.0002526623381587934,9.062805053217105e-05
2018-10-18,1,-0.01439192235639541,9.101593250226969e-05
2018-10-19,1,-0.0003611698977235012,9.062805053217105e-05
2018-10-22,1,-0.004299527548581317,9.179158318017855e-05
2018-10-23,1,-0.005511829997012829,9.140377671590372e-05
2018-10-24,1,-0.03086443397774385,9.179158318017855e-05
2018-10-25,1,0.01862504005281185,9.179158318017855e-05
2018-10-26,1,-0.01732726403997831,9.140377671590372e-05
2018-10-29,1,-0.006559599573700448,9.179158318017855e-05
2018-10-30,1,0.01566678005205868,9.140377671590372e-05
2018-10-31,1,0.01085133197403865,9.179158318017855e-05
2018-11-01,1,0.01055784369306378,9.101593250226969e-05
2018-11-02,1,-0.006316686379398861,9.140377671590372e-05
2018-11-05,1,0.005600317169601965,9.256708289151483e-05
2018-11-06,1,0.006259295774170726,9.217935190308779e-05
2018-11-07,1,0.02120885606410527,9.295477615278713e-05
2018-11-08,1,-0.002508916383596183,9.217935190308779e-05
2018-11-09,1,-0.00919901370610332,9.256708289151483e-05
2018-11-12,1,-0.01970148934024063,9.256708289151483e-05
2018-11-13,1,-0.001481919693170575,9.334243169467626e-05
2018-11-14,1,-0.007567410690302756,9.334243169467626e-05
2018-11-15,1,0.01059375336626633,9.295477615278713e-05
2018-11-16,1,0.002223305423754596,9.256708289151483e-05
2018-11-19,1,-0.01664310858849427,9.334243169467626e-05
2018-11-20,1,-0.01815124083246611,9.37300495240656e-05
2018-11-21,1,0.003043290746176375,9.450517207554299e-05
2018-11-23,1,-0.006554842390161242,9.450517207554299e-05
2018-11-26,1,0.0155323683669224,9.450517207554299e-05
2018-11-27,1,0.003261692144003847,9.450517207554299e-05
2018-11-28,1,0.02297397964422165,9.411762964850467e-05
2018-11-29,1,-0.002183108091033725,9.295477615278713e-05
2018-11-30,1,0.008170747552017188,9.295477615278713e-05
2018-12-03,1,0.01094142613219429,9.334243169467626e-05
2018-12-04,1,-0.03236490314939877,9.489267681228597e-05
2018-12-06,1,-0.001522228147775251,9.450517207554299e-05
2018-12-07,1,-0.02332011876538986,9.411762964850467e-05
2018-12-10,1,0.001762153994735005,9.450517207554299e-05
2018-12-11,1,-0.000356346168922328,9.450517207554299e-05
2018-12-12,1,0.005419503676349802,9.52801438660611e-05
2018-12-13,1,-0.0001999303236835948,9.52801438660611e-05
2018-12-14,1,-0.01908670955543035,9.489267681228597e-05
2018-12-17,1,-0.02077348055922423,9.411762964850467e-05
2018-12-18,1,8.640058610476231e-05,9.37300495240656e-05
2018-12-19,1,-0.01539571453679811,9.411762964850467e-05
2018-12-20,1,-0.01577210632742365,9.37300495240656e-05
2018-12-21,1,-0.0205882283097143,9.37300495240656e-05
2018-12-24,1,-0.02711225445209953,9.605496495423971e-05
2018-12-26,1,0.04959374278953943,9.566757324419584e-05
2018-12-27,1,0.008562680784222065,9.450517207554299e-05
2018-12-28,1,-0.001241582508096695,9.411762964850467e-05
2018-12-31,1,0.00849248413140935,9.605496495423971e-05
2019-01-02,1,0.001268496925124429,9.489267681228597e-05
2019-01-03,1,-0.02475673039503723,9.450517207554299e-05
2019-01-04,1,0.03433571464262353,9.489267681228597e-05
2019-01-07,1,0.007010434848680358,9.605496495423971e-05
2019-01-08,1,0.009695285023358924,9.644231900329814e-05
2019-01-09,1,0.004098045450532162,9.605496495423971e-05
2019-01-10,1,0.004518418782931244,9.52801438660611e-05
2019-01-11,1,-0.0001462978419093375,9.52801438660611e-05
2019-01-14,1,-0.005257525167898014,9.605496495423971e-05
2019-01-15,1,0.01072168862294576,9.605496495423971e-05
2019-01-16,1,0.002221985488116252,9.52801438660611e-05
2019-01-17,1,0.007591400382211066,9.489267681228597e-05
2019-01-18,1,0.01318305304897005,9.450517207554299e-05
2019-01-22,1,-0.01415730616456667,9.52801438660611e-05
2019-01-23,1,0.002202912774223575,9.450517207554299e-05
2019-01-24,1,0.001375725554363605,9.295477615278713e-05
2019-01-25,1,0.008488694060713842,9.37300495240656e-05
2019-01-28,1,-0.007846827493937836,9.489267681228597e-05
2019-01-29,1,-0.001456246577543507,9.489267681228597e-05
2019-01-30,1,0.01554926091974429,9.489267681228597e-05
2019-01-31,1,0.008597395948725328,9.450517207554299e-05
2019-02-01,1,0.0008986100931438479,9.411762964850467e-05
2019-02-04,1,0.006776236617404008,9.489267681228597e-05
2019-02-05,1,0.00470842037697472,9.489267681228597e-05
2019-02-06,1,-0.002224437980280936,9.489267681228597e-05
2019-02-07,1,-0.009357140143940179,9.489267681228597e-05
2019-02-08,1,0.0006762010869560964,9.52801438660611e-05
2019-02-11,1,0.0007091030986317026,9.605496495423971e-05
2019-02-12,1,0.0128902247439735,9.52801438660611e-05
2019-02-13,1,0.003023994668760688,9.566757324419584e-05
2019-02-14,1,-0.002651641555101225,9.52801438660611e-05
2019-02-15,1,0.01087875260858695,9.52801438660611e-05
2019-02-19,1,0.001498743321448837,9.605496495423971e-05
2019-02-20,1,0.001777110753768518,9.605496495423971e-05
2019-02-21,1,-0.003526436790880272,9.605496495423971e-05
2019-02-22,1,0.006411102394986878,9.644231900329814e-05
2019-02-25,1,0.001231862569911257,9.682963539892064e-05
2019-02-26,1,-0.0007904570968998437,9.605496495423971e-05
2019-02-27,1,-0.0005440493877303387,9.605496495423971e-05
2019-02-28,1,-0.002825508315214664,9.605496495423971e-05
2019-03-01,1,0.00689532059343434,9.566757324419584e-05
2019-03-04,1,-0.003880558492514008,9.644231900329814e-05
2019-03-05,1,-0.001131532823106185,9.644231900329814e-05
2019-03-06,1,-0.006524098653592381,9.682963539892064e-05
2019-03-07,1,-0.00812571755868352,9.605496495423971e-05
2019-03-08,1,-0.002131688848741486,9.644231900329814e-05
2019-03-11,1,0.01466604186775711,9.644231900329814e-05
2019-03-12,1,0.002953318204620414,9.644231900329814e-05
2019-03-13,1,0.006949583813841809,9.605496495423971e-05
2019-03-14,1,-0.0008680223820187738,9.605496495423971e-05
2019-03-15,1,0.00498490290027398,9.605496495423971e-05
2019-03-18,1,0.003705946901264801,9.566757324419584e-05
2019-03-19,1,-0.0001305615560248663,9.644231900329814e-05
2019-03-20,1,-0.002944353604447891,9.72169141484347e-05
2019-03-21,1,0.0108524810499544,9.760415525894572e-05
2019-03-22,1,-0.01897450123948274,9.644231900329814e-05
2019-03-25,1,-0.000839020658475631,9.644231900329814e-05
2019-03-26,1,0.007182725862306283,9.644231900329814e-05
2019-03-27,1,-0.004644324890691665,9.566757324419584e-05
2019-03-28,1,0.003589481529391092,9.52801438660611e-05
2019-03-29,1,0.006734280017363758,9.411762964850467e-05
2019-04-01,1,0.01156860012427541,9.52801438660611e-05
2019-04-02,1,1.745570720723677e-05,9.489267681228597e-05
2019-04-03,1,0.002148376881724312,9.566757324419584e-05
2019-04-04,1,0.002084635079680153,9.566757324419584e-05
2019-04-05,1,0.004636432770241061,9.566757324419584e-05
2019-04-08,1,0.001047459953920526,9.52801438660611e-05
2019-04-09,1,-0.006067494393846573,9.489267681228597e-05
2019-04-10,1,0.003477871563978496,9.52801438660611e-05
2019-04-11,1,3.812306700834434e-05,9.52801438660611e-05
2019-04-12,1,0.006609324208602496,9.566757324419584e-05
2019-04-15,1,-0.0006293691084816588,9.52801438660611e-05
2019-04-16,1,0.0005093580038946222,9.52801438660611e-05
2019-04-17,1,-0.002273811785323931,9.566757324419584e-05
2019-04-18,1,0.001579092279509808,9.489267681228597e-05
2019-04-22,1,0.001012017561471401,9.566757324419584e-05
2019-04-23,1,0.008841205788409079,9.605496495423971e-05
2019-04-24,1,-0.002191763174733685,9.566757324419584e-05
2019-04-25,1,-0.0003689736527457965,9.52801438660611e-05
2019-04-26,1,0.004685292140763631,9.489267681228597e-05
2019-04-29,1,0.001071522174355355,9.566757324419584e-05
2019-04-30,1,0.0009514170090862972,9.52801438660611e-05
2019-05-01,1,-0.007502163081421376,9.52801438660611e-05
2019-05-02,1,-0.002123985791774197,9.682963539892064e-05
2019-05-03,1,0.009638279380647763,9.52801438660611e-05
2019-05-06,1,-0.004470988428756373,9.566757324419584e-05
2019-05-07,1,-0.01651165139242339,9.52801438660611e-05
2019-05-08,1,-0.001605425313269571,9.52801438660611e-05
2019-05-09,1,-0.003021424942496687,9.52801438660611e-05
2019-05-10,1,0.003720297259787841,9.52801438660611e-05
2019-05-13,1,-0.02413055719884427,9.450517207554299e-05
2019-05-14,1,0.008015944543135589,9.450517207554299e-05
2019-05-15,1,0.00583897507464215,9.489267681228597e-05
2019-05-16,1,0.008895287120600504,9.411762964850467e-05
2019-05-17,1,-0.005837333350761975,9.37300495240656e-05
2019-05-20,1,-0.006749377915387988,9.37300495240656e-05
2019-05-21,1,0.008495835590448308,9.37300495240656e-05
2019-05-22,1,-0.002824396230649451,9.334243169467626e-05
2019-05-23,1,-0.01191414994527018,9.295477615278713e-05
2019-05-24,1,0.001353559007240213,9.217935190308779e-05
2019-05-28,1,-0.008375676922946718,9.295477615278713e-05
2019-05-29,1,-0.006911912256811314,9.295477615278713e-05
2019-05-30,1,0.002098471390661771,9.334243169467626e-05
2019-05-31,1,-0.01319537280847849,9.217935190308779e-05
2019-06-03,1,-0.002765240314473227,9.217935190308779e-05
2019-06-04,1,0.02143237056819314,9.217935190308779e-05
2019-06-05,1,0.008161854781411959,9.217935190308779e-05
2019-06-06,1,0.006135586748687638,9.140377671590372e-05
2019-06-07,1,0.01049769746289475,8.946417800981266e-05
2019-06-10,1,0.004660044466909818,8.985217329349204e-05
2019-06-11,1,-0.0003498802355809127,8.907614494035876e-05
2019-06-12,1,-0.002037579138722601,8.791181894252098e-05
2019-06-13,1,0.004097381912668174,8.597051920578025e-05
2019-06-14,1,-0.001611511904139773,8.635885482832784e-05
2019-06-17,1,0.0009317492412306283,8.75236346555841e-05
2019-06-18,1,0.009717399870633026,8.713541254601331e-05
2019-06-19,1,0.002985163546397107,8.558214573084477e-05
2019-06-20,1,0.009472185190685156,8.402827315934225e-05
2019-06-21,1,-0.001259222792519332,8.286247091815468e-05
2019-06-24,1,-0.001731887010466782,8.363971031166706e-05
2019-06-25,1,-0.009496397343734198,8.325110956697301e-05
2019-06-26,1,-0.001233933755707683,8.441679811777014e-05
2019-06-27,1,0.003823175554131808,8.402827315934225e-05
2019-06-28,1,0.005757452627909831,8.325110956697301e-05
2019-07-01,1,0.007672301032188189,8.6747152605815e-05
2019-07-02,1,0.002928125887423194,8.635885482832784e-05
2019-07-03,1,0.007672378673070135,8.6747152605815e-05
2019-07-05,1,-0.00180590159841032,8.75236346555841e-05
2019-07-08,1,-0.004835444424841517,8.868807407758084e-05
2019-07-09,1,0.001236556965340085,8.868807407758084e-05
2019-07-10,1,0.0045106896075926,8.635885482832784e-05
2019-07-11,1,0.002285226738359958,8.519373439619393e-05
2019-07-12,1,0.004620174547884881,8.402827315934225e-05
2019-07-15,1,0.0001758691915574317,8.480528519427821e-05
2019-07-16,1,-0.003403778522185874,8.441679811777014e-05
2019-07-17,1,-0.006531243569450895,8.402827315934225e-05
2019-07-18,1,0.003581997784064761,8.052984262252316e-05
2019-07-19,1,-0.00617673452276668,8.091870885218455e-05
2019-07-22,1,0.002828694915066654,8.20850798783912e-05
2019-07-23,1,0.006847482673755456,8.091870885218455e-05
2019-07-24,1,0.004688147952890187,8.24737943578846e-05
2019-07-25,1,-0.005262401280453521,8.24737943578846e-05
2019-07-26,1,0.007387691099234761,8.325110956697301e-05
2019-07-29,1,-0.001616114607134511,8.325110956697301e-05
2019-07-30,1,-0.002578654914827561,8.16963274727911e-05
2019-07-31,1,-0.01088552611269578,8.16963274727911e-05
2019-08-01,1,-0.00899879386967306,8.130753713309069e-05
2019-08-02,1,-0.007282739927037873,8.091870885218455e-05
2019-08-05,1,-0.0297778200029859,8.052984262252316e-05
2019-08-06,1,0.01301701716993264,8.052984262252316e-05
2019-08-07,1,0.0007668762331907164,7.936301616751074e-05
2019-08-08,1,0.01876230340998419,7.936301616751074e-05
2019-08-09,1,-0.00661660635492356,7.85849419846496e-05
2019-08-12,1,-0.01231732217797221,7.85849419846496e-05
2019-08-13,1,0.01513168832218126,7.85849419846496e-05
2019-08-14,1,-0.0292927529117426,7.702833764056116e-05
2019-08-15,1,0.002464268027652095,7.508172663661661e-05
2019-08-16,1,0.0144261246578079,7.352375279379153e-05
2019-08-19,1,0.01210586549243065,7.62498073600959e-05
2019-08-20,1,-0.007914727601131322,7.62498073600959e-05
2019-08-21,1,0.00824679859557964,7.741754574253079e-05
2019-08-22,1,-0.0005060748601761755,7.85849419846496e-05
2019-08-23,1,-0.0259463367546181,7.741754574253079e-05
2019-08-26,1,0.01098298773521633,7.897399806910954e-05
2019-08-27,1,-0.003203180635808267,7.780671582890974e-05
2019-08-28,1,0.006545480165679685,7.81958479070255e-05
2019-08-29,1,0.0126872917935088,7.81958479070255e-05
2019-08-30,1,0.0006427872591217021,7.81958479070255e-05
2019-09-03,1,-0.00689910050906084,7.780671582890974e-05
2019-09-04,1,0.01084207921282809,7.741754574253079e-05
2019-09-05,1,0.01300981364226672,7.741754574253079e-05
2019-09-06,1,0.0009106051537297599,7.702833764056116e-05
2019-09-09,1,-9.401025965849463e-05,7.702833764056116e-05
2019-09-10,1,0.0003223043548219451,7.663909151545134e-05
2019-09-11,1,0.007229681189480308,7.702833764056116e-05
2019-09-12,1,0.002879153101061016,7.663909151545134e-05
2019-09-13,1,-0.0007244143620946941,7.702833764056116e-05
2019-09-16,1,-0.003135586664002821,7.81958479070255e-05
2019-09-17,1,0.002581752370019785,7.81958479070255e-05
2019-09-18,1,0.0003426919897555614,7.663909151545134e-05
2019-09-19,1,1.997472142156731e-05,7.586048516672328e-05
2019-09-20,1,-0.004895576515783095,7.508172663661661e-05
2019-09-23,1,-9.693591923765066e-05,7.62498073600959e-05
2019-09-24,1,-0.008416371322106486,7.5471124928006e-05
2019-09-25,1,0.006158571742003405,7.430281586562337e-05
2019-09-26,1,-0.002428916406865711,7.196516950935816e-05
2019-09-27,1,-0.005316352490240539,7.079583181268667e-05
2019-09-30,1,0.005047606675254723,7.39133033709205e-05
2019-10-01,1,-0.01225837337291324,7.157542840707798e-05
2019-10-02,1,-0.01790320298550296,7.040597630569856e-05
2019-10-03,1,0.00797191259701524,6.689555910033285e-05
2019-10-04,1,0.01421689758546019,6.728575822556593e-05
2019-10-07,1,-0.004478294673592398,6.884617270408455e-05
2019-10-08,1,-0.01556081920140784,6.767591914114135e-05
2019-10-09,1,0.0091044925499415,6.650532175767054e-05
2019-10-10,1,0.006415695380997066,6.611504619025155e-05
2019-10-11,1,0.010938977513133,6.611504619025155e-05
2019-10-14,1,-0.001387118733451098,6.611504619025155e-05
2019-10-15,1,0.009955676641137279,6.572473239052634e-05
2019-10-16,1,-0.001999542798650888,6.533438035116745e-05
2019-10-17,1,0.002762831573678071,6.533438035116745e-05
2019-10-18,1,-0.003919344949506964,6.533438035116745e-05
2019-10-21,1,0.006871616056117524,6.572473239052634e-05
2019-10-22,1,-0.003568666378412577,6.494399006440332e-05
2019-10-23,1,0.002847148797118448,6.494399006440332e-05
2019-10-24,1,0.00192044635873323,6.572473239052634e-05
2019-10-25,1,0.004072700506109195,6.533438035116745e-05
2019-10-28,1,0.005581337868471481,6.494399006440332e-05
2019-10-29,1,-0.0008324053147991117,6.416309471890536e-05
2019-10-30,1,0.00325337015914573,6.377258964507249e-05
2019-10-31,1,-0.003022860563304697,6.064717043807732e-05
2019-11-01,1,0.009662312168146059,5.986543241132125e-05
2019-11-04,1,0.003704089049704651,6.025632059736274e-05
2019-11-05,1,-0.001185699214361291,6.142875511461199e-05
2019-11-06,1,0.0007024972279667807,6.142875511461199e-05
2019-11-07,1,0.002730095185150327,6.142875511461199e-05
2019-11-08,1,0.002560676090024305,6.10379819414586e-05
2019-11-11,1,-0.001962467251431343,6.10379819414586e-05
2019-11-12,1,0.001564646084632138,6.260084472953231e-05
2019-11-13,1,0.0007115345908383919,6.18194899655311e-05
2019-11-14,1,0.0008370427393644686,6.18194899655311e-05
2019-11-15,1,0.007695488006902673,6.18194899655311e-05
2019-11-18,1,0.0005031528617669423,6.18194899655311e-05
2019-11-19,1,-0.0005925944462060739,6.18194899655311e-05
2019-11-20,1,-0.003756184245747196,6.18194899655311e-05
2019-11-21,1,-0.001582752210685157,6.221018650132137e-05
2019-11-22,1,0.002174935691191759,6.221018650132137e-05
2019-11-25,1,0.007507291353015866,6.338204629385835e-05
2019-11-26,1,0.002195570387465429,6.299146465793548e-05
2019-11-27,1,0.004174424362754614,6.377258964507249e-05
2019-11-29,1,-0.004011219709926239,6.260084472953231e-05
2019-12-02,1,-0.008631020716408422,6.299146465793548e-05
2019-12-03,1,-0.00663809511563529,6.18194899655311e-05
2019-12-04,1,0.00632356747139462,6.10379819414586e-05
2019-12-05,1,0.001500251179130219,6.064717043807732e-05
2019-12-06,1,0.009135724328457329,6.025632059736274e-05
2019-12-09,1,-0.00316282139344648,6.064717043807732e-05
2019-12-10,1,-0.001096934096448621,6.142875511461199e-05
2019-12-11,1,0.002908158040315856,6.18194899655311e-05
2019-12-12,1,0.008575225775086182,6.142875511461199e-05
2019-12-13,1,7.258178414493166e-05,6.18194899655311e-05
2019-12-16,1,0.007147785279833618,6.18194899655311e-05
2019-12-17,1,0.0003352922263379909,6.142875511461199e-05
2019-12-18,1,-0.0004323001718647967,6.142875511461199e-05
2019-12-19,1,0.004459292004863613,6.18194899655311e-05
2019-12-20,1,0.004944781081796634,6.221018650132137e-05
2019-12-23,1,0.0008661436002121992,6.260084472953231e-05
2019-12-24,1,-0.0001954481999796309,6.221018650132137e-05
2019-12-26,1,0.005128166675301138,6.221018650132137e-05
2019-12-27,1,3.398471712534601e-05,6.18194899655311e-05
2019-12-30,1,-0.005780822450430323,6.18194899655311e-05
2019-12-31,1,0.002946021661910603,6.10379819414586e-05
2020-01-02,1,0.008378802677341701,6.064717043807732e-05
2020-01-03,1,-0.007059870562045378,5.986543241132125e-05
2020-01-06,1,0.003533372890727193,6.142875511461199e-05
2020-01-07,1,-0.002803238652896223,6.064717043807732e-05
2020-01-08,1,0.004902451368978156,6.064717043807732e-05
2020-01-09,1,0.006655262605488987,6.064717043807732e-05
2020-01-10,1,-0.002855178689662563,6.064717043807732e-05
2020-01-13,1,0.006976215252569862,6.18194899655311e-05
2020-01-14,1,-0.001514532772802224,6.18194899655311e-05
2020-01-15,1,0.001870196884512287,6.18194899655311e-05
2020-01-16,1,0.00836655302646827,6.10379819414586e-05
2020-01-17,1,0.003862162248501333,6.142875511461199e-05
2020-01-21,1,-0.002651977647365578,6.142875511461199e-05
2020-01-22,1,0.0002890760711180551,6.10379819414586e-05
2020-01-23,1,0.001140976612478362,6.10379819414586e-05
2020-01-24,1,-0.009042160974207403,6.064717043807732e-05
2020-01-27,1,-0.01573071165918238,6.10379819414586e-05
2020-01-28,1,0.01005358459504602,6.18194899655311e-05
2020-01-29,1,-0.0008668741908683941,6.142875511461199e-05
2020-01-30,1,0.003134358792605374,6.18194899655311e-05
2020-01-31,1,-0.01770582037552626,6.10379819414586e-05
2020-02-03,1,0.007254613892351713,6.18194899655311e-05
2020-02-04,1,0.01498041416408213,6.18194899655311e-05
2020-02-05,1,0.01125059589785371,6.18194899655311e-05
2020-02-06,1,0.003325672876785646,6.18194899655311e-05
2020-02-07,1,-0.005400853672730133,6.142875511461199e-05
2020-02-10,1,0.007326397804890528,6.221018650132137e-05
2020-02-11,1,0.001688472553235121,6.18194899655311e-05
2020-02-12,1,0.006462646466197652,6.221018650132137e-05
2020-02-13,1,-0.001630445736802377,6.260084472953231e-05
2020-02-14,1,0.001843533320433854,6.221018650132137e-05
2020-02-18,1,-0.002919942636890105,6.221018650132137e-05
2020-02-19,1,0.004705785881164548,6.221018650132137e-05
2020-02-20,1,-0.00381551976362815,6.221018650132137e-05
2020-02-21,1,-0.01051810302712286,6.142875511461199e-05
2020-02-24,1,-0.03351362667122315,6.025632059736274e-05
2020-02-25,0,-0.03027999556505612,6.025632059736274e-05
2020-02-26,0,-0.003778540605322012,6.025632059736274e-05
2020-02-27,0,-0.04416324258407911,5.71281408126012e-05
2020-02-28,0,-0.008238340444361891,5.008074350687508e-05
2020-03-02,0,0.04603922900611002,4.459080337038124e-05
2020-03-03,0,-0.02810789612107589,3.752117521416132e-05
2020-03-04,0,0.04220259077449118,2.846946773971126e-05
2020-03-05,0,-0.03392207704688854,2.452751934667319e-05
2020-03-06,0,-0.01705385200037013,1.781724314131594e-05
2020-03-09,0,-0.07596969747745097,1.307376383175018e-05
2020-03-10,0,0.04939630628156144,1.742216883293679e-05
2020-03-11,0,-0.04886844513127397,1.6631902667541e-05
2020-03-12,0,-0.09511268097833658,1.307376383175018e-05
2020-03-13,0,0.09287124972971839,1.109564608792191e-05
2020-03-16,0,-0.1198405524039344,9.512444448356305e-06
2020-03-17,0,0.05995484974402432,7.532557270595319e-06
2020-03-18,0,-0.05183076272915788,7.935717540874521e-07
2020-03-19,0,0.00470780804058557,1.586985470813929e-06
2020-03-20,0,-0.04335951230846191,1.98363308512306e-06
2020-03-23,0,-0.02929386782180443,7.935717540874521e-07
2020-03-24,0,0.09382773976227554,3.968056356828953e-07
2020-03-25,0,0.011535011448222,0.0
2020-03-26,0,0.06241416330387684,0.0
2020-03-27,0,-0.03368735256225253,1.190298363207276e-06
2020-03-30,0,0.03351600948370015,4.759061227099792e-06
2020-03-31,0,-0.01601272191455561,4.362689847159373e-06
2020-04-01,0,-0.04414243033166543,3.569828763927418e-06
2020-04-02,0,0.02282934723487151,3.569828763927418e-06
2020-04-03,0,-0.01513712512494947,3.966279028766451e-06
2020-04-06,0,0.07033131865275055,5.947938814809817e-06
2020-04-07,1,-0.00160305278443118,5.551685702931408e-06
2020-04-08,1,0.03405645287963033,8.720607641343747e-06
2020-04-09,1,0.01448741015337651,9.908303843175759e-06
2020-04-13,1,-0.01010466082260741,1.030412390967683e-05
2020-04-14,1,0.03057258914625605,7.92861342602258e-06
2020-04-15,1,-0.02203043852941577,5.551685702931408e-06
2020-04-16,1,0.005816689462164515,5.551685702931408e-06
2020-04-17,1,0.02679359484822341,4.759061227099792e-06
2020-04-20,1,-0.01788104803401469,4.759061227099792e-06
2020-04-21,1,-0.03067479569406339,4.362689847159373e-06
2020-04-22,1,0.02293024770384378,4.759061227099792e-06
2020-04-23,1,-0.0005394221197431159,4.362689847159373e-06
2020-04-24,1,0.01391805730454543,4.759061227099792e-06
2020-04-27,1,0.01471406980479961,4.759061227099792e-06
2020-04-28,1,-0.005242380698498916,4.362689847159373e-06
2020-04-29,1,0.02658391628216705,3.966279028766451e-06
2020-04-30,1,-0.009212446303987654,3.569828763927418e-06
2020-05-01,1,-0.0280590340784922,4.759061227099792e-06
2020-05-04,1,0.004249827591976452,5.155393176359269e-06
2020-05-05,1,0.009040556385797371,5.155393176359269e-06
2020-05-06,1,-0.006979410390386298,4.759061227099792e-06
2020-05-07,1,0.01150463078831399,4.362689847159373e-06
2020-05-08,1,0.01687153863870194,4.759061227099792e-06
2020-05-11,1,0.0001330782209116865,4.759061227099792e-06
2020-05-12,1,-0.02050031752887715,5.155393176359269e-06
2020-05-13,1,-0.01746272460422804,5.155393176359269e-06
2020-05-14,1,0.01152482269503552,4.759061227099792e-06
2020-05-15,1,0.00392636325043827,4.759061227099792e-06
2020-05-18,1,0.03150119163168075,5.155393176359269e-06
2020-05-19,1,-0.01048439919449318,5.155393176359269e-06
2020-05-20,1,0.01665110025908012,4.759061227099792e-06
2020-05-21,1,-0.007773596407737116,4.759061227099792e-06
2020-05-22,1,0.002353711326488428,4.759061227099792e-06
2020-05-26,1,0.01228918403608015,5.551685702931408e-06
2020-05-27,1,0.0148272972159138,5.947938814809817e-06
2020-05-28,1,-0.002107914546073841,5.947938814809817e-06
2020-05-29,1,0.004812335824971425,5.551685702931408e-06
2020-06-01,1,0.003751234813537785,5.551685702931408e-06
2020-06-02,1,0.008210832780053412,5.947938814809817e-06
2020-06-03,1,0.01364897913383101,6.344152519766055e-06
2020-06-04,1,-0.003368702231114407,5.947938814809817e-06
2020-06-05,1,0.02621165081839871,5.947938814809817e-06
2020-06-08,1,0.01204157942116924,6.740326825349641e-06
2020-06-09,1,-0.007799170822611612,7.532557270595319e-06
2020-06-10,1,-0.005313091072437381,6.740326825349641e-06
2020-06-11,1,-0.05894405927443824,6.740326825349641e-06
2020-06-12,1,0.0130608439632347,6.344152519766055e-06
2020-06-15,1,0.008312217041285264,7.136461739776223e-06
2020-06-16,1,0.01896239819380252,6.740326825349641e-06
2020-06-17,1,-0.003600299556174025,6.740326825349641e-06
2020-06-18,1,0.0005942198825281686,6.344152519766055e-06
2020-06-19,1,-0.005649494809462974,5.947938814809817e-06
2020-06-22,1,0.006495095537691675,6.344152519766055e-06
2020-06-23,1,0.004307419569164139,6.344152519766055e-06
2020-06-24,1,-0.02585514593906457,5.947938814809817e-06
2020-06-25,1,0.01095944726780984,6.344152519766055e-06
2020-06-26,1,-0.02422690504478597,5.551685702931408e-06
2020-06-29,1,0.01468567843311863,5.551685702931408e-06
2020-06-30,1,0.01540987573155461,6.344152519766055e-06
2020-07-01,1,0.005022132820864389,5.551685702931408e-06
2020-07-02,1,0.004541250844364075,5.551685702931408e-06
2020-07-06,1,0.01588172586745884,5.947938814809817e-06
2020-07-07,1,-0.01081853202819716,5.947938814809817e-06
2020-07-08,1,0.007827461915415501,5.947938814809817e-06
2020-07-09,1,-0.005643606159361103,5.155393176359269e-06
2020-07-10,1,0.01046620127324438,5.155393176359269e-06
2020-07-13,1,-0.009362541127788226,5.551685702931408e-06
2020-07-14,1,0.01340637078266793,5.947938814809817e-06
2020-07-15,1,0.009082050740923053,6.344152519766055e-06
2020-07-16,1,-0.003406101245536641,4.362689847159373e-06
2020-07-17,1,0.002848612194617406,4.362689847159373e-06
2020-07-20,1,0.0084069387471426,5.155393176359269e-06
2020-07-21,1,0.001679037341913547,5.155393176359269e-06
2020-07-22,1,0.005747082068739751,5.155393176359269e-06
2020-07-23,1,-0.01231985982419304,4.759061227099792e-06
2020-07-24,1,-0.006190400054688405,4.362689847159373e-06
2020-07-27,1,0.007395138795039502,4.362689847159373e-06
2020-07-28,1,-0.006473392152297919,4.362689847159373e-06
2020-07-29,1,0.01242838167815008,4.362689847159373e-06
2020-07-30,1,-0.003750251937389204,3.569828763927418e-06
2020-07-31,1,0.007670504990141325,3.569828763927418e-06
2020-08-03,1,0.00718102343932614,3.966279028766451e-06
2020-08-04,1,0.003611930381972162,3.569828763927418e-06
2020-08-05,1,0.006429743053199433,3.966279028766451e-06
2020-08-06,1,0.00642769555966427,3.966279028766451e-06
2020-08-07,1,0.0006330295486443038,3.966279028766451e-06
2020-08-10,1,0.002742218294476073,4.362689847159373e-06
2020-08-11,1,-0.007969132154236114,4.362689847159373e-06
2020-08-12,1,0.01399654949023765,4.362689847159373e-06
2020-08-13,1,-0.002047174350497949,3.966279028766451e-06
2020-08-14,1,-0.0001718826227681269,3.966279028766451e-06
2020-08-17,1,0.002709842511078753,3.966279028766451e-06
2020-08-18,1,0.002303389154016955,3.569828763927418e-06
2020-08-19,1,-0.004404395421410801,4.362689847159373e-06
2020-08-20,1,0.003158632769134861,4.362689847159373e-06
2020-08-21,1,0.003441107044476421,3.966279028766451e-06
2020-08-24,1,0.01004371830300865,4.759061227099792e-06
2020-08-25,1,0.0035963511532906,4.362689847159373e-06
2020-08-26,1,0.01019562613948399,4.362689847159373e-06
2020-08-27,1,0.001673044010903846,4.362689847159373e-06
2020-08-28,1,0.00673256535528588,3.966279028766451e-06
2020-08-31,1,-0.002194962714028748,4.362689847159373e-06
2020-09-01,1,0.007525003016613407,4.759061227099792e-06
2020-09-02,1,0.01536591015480759,4.759061227099792e-06
2020-09-03,1,-0.03512584371534122,4.362689847159373e-06
2020-09-04,1,-0.008133027264274895,4.362689847159373e-06
2020-09-08,1,-0.027756342102361,5.155393176359269e-06
2020-09-09,0,0.02014498633677464,4.759061227099792e-06
2020-09-10,1,-0.01758479659017942,4.759061227099792e-06
2020-09-11,0,0.0005330721905940639,4.362689847159373e-06
2020-09-14,1,0.0127418290893575,4.362689847159373e-06
2020-09-15,1,0.005219359577689042,4.362689847159373e-06
2020-09-16,1,-0.004618946596211537,4.759061227099792e-06
2020-09-17,1,-0.008412365876402483,3.569828763927418e-06
2020-09-18,1,-0.0111825818074105,3.966279028766451e-06
2020-09-21,0,-0.0115710979308058,3.966279028766451e-06
2020-09-22,0,0.01051794516081372,3.966279028766451e-06
2020-09-23,0,-0.02372145509302814,4.362689847159373e-06
2020-09-24,0,0.002987459142957061,3.966279028766451e-06
2020-09-25,0,0.0159767237756141,3.966279028766451e-06
2020-09-28,1,0.0161105901990839,4.362689847159373e-06
2020-09-29,1,-0.004812664543244471,3.569828763927418e-06
2020-09-30,1,0.008253718228220741,3.966279028766451e-06
2020-10-01,1,0.005292907769290922,3.569828763927418e-06
2020-10-02,1,-0.009577652178616392,3.569828763927418e-06
2020-10-05,1,0.01797270867614209,3.966279028766451e-06
2020-10-06,1,-0.01397351569222671,3.966279028766451e-06
2020-10-07,1,0.01739675486921799,3.966279028766451e-06
2020-10-08,1,0.008010123642494982,3.569828763927418e-06
2020-10-09,1,0.00879353312061526,3.966279028766451e-06
2020-10-12,1,0.01641581296364758,3.966279028766451e-06
2020-10-13,1,-0.006306918994084421,4.362689847159373e-06
2020-10-14,1,-0.006623141753502759,4.759061227099792e-06
2020-10-15,1,-0.001527755306099721,4.362689847159373e-06
2020-10-16,1,0.0001349195574553708,4.362689847159373e-06
2020-10-19,1,-0.01632986177831808,4.362689847159373e-06
2020-10-20,1,0.004727334073110212,3.966279028766451e-06
2020-10-21,1,-0.002195699928100536,3.966279028766451e-06
2020-10-22,1,0.005218925396392127,3.569828763927418e-06
2020-10-23,1,0.003445761353703114,3.966279028766451e-06
2020-10-26,1,-0.01858951629453565,4.362689847159373e-06
2020-10-27,1,-0.003025618911998929,3.966279028766451e-06
2020-10-28,1,-0.0352878787606048,3.966279028766451e-06
2020-10-29,0,0.01194733089423838,3.569828763927418e-06
2020-10-30,0,-0.01212955013017569,3.569828763927418e-06
2020-11-02,0,0.01231820260127181,3.569828763927418e-06
2020-11-03,0,0.01779929009643455,3.966279028766451e-06
2020-11-04,1,0.02204704770168342,3.966279028766451e-06
2020-11-05,1,0.01946019413896294,3.966279028766451e-06
2020-11-06,1,-0.0002877151874185468,3.966279028766451e-06
2020-11-09,1,0.01169988923568721,4.362689847159373e-06
2020-11-10,1,-0.001399794593191062,3.966279028766451e-06
2020-11-11,1,0.007651855318760337,3.966279028766451e-06
2020-11-12,1,-0.009978532303877019,3.966279028766451e-06
2020-11-13,1,0.01361033540906353,3.569828763927418e-06
2020-11-16,1,0.01164805124001234,3.569828763927418e-06
2020-11-17,1,-0.004791925698091615,3.569828763927418e-06
2020-11-18,1,-0.01156382961094404,3.569828763927418e-06
2020-11-19,1,0.003946442467421596,2.77680986426887e-06
2020-11-20,1,-0.006792562915180156,2.77680986426887e-06
2020-11-23,1,0.005635930617216234,3.173339045314805e-06
2020-11-24,1,0.01616166827341625,3.569828763927418e-06
2020-11-25,1,-0.001584418237524976,3.569828763927418e-06
2020-11-27,1,0.002396979198154181,3.569828763927418e-06
2020-11-30,1,-0.004595548640170977,3.173339045314805e-06
2020-12-01,1,0.01127118719477616,3.569828763927418e-06
2020-12-02,1,0.001791166754825158,3.569828763927418e-06
2020-12-03,1,-0.000624157213091503,3.173339045314805e-06
2020-12-04,1,0.008836275129611826,3.569828763927418e-06
2020-12-07,1,-0.00193563767143734,3.173339045314805e-06
2020-12-08,1,0.002787148065356293,3.569828763927418e-06
2020-12-09,1,-0.007949201604598555,3.173339045314805e-06
2020-12-10,1,-0.001285108068262431,3.173339045314805e-06
2020-12-11,1,-0.001264997299750603,3.173339045314805e-06
2020-12-14,1,-0.004359258971957769,3.569828763927418e-06
2020-12-15,1,0.01292124915470882,3.173339045314805e-06
2020-12-16,1,0.001772795166959051,3.569828763927418e-06
2020-12-17,1,0.005757654753379748,3.173339045314805e-06
2020-12-18,1,-0.003511118509152866,3.173339045314805e-06
2020-12-21,1,-0.003906279051843931,3.569828763927418e-06
2020-12-22,1,-0.002073092860288006,3.569828763927418e-06
2020-12-23,1,0.000745811250824957,3.569828763927418e-06
2020-12-24,1,0.003536589004796253,3.569828763927418e-06
2020-12-28,1,0.008722529021144565,4.362689847159373e-06
2020-12-29,1,-0.00222738052560012,3.966279028766451e-06
2020-12-30,1,0.001341547165470747,3.173339045314805e-06
2020-12-31,1,0.006438845522919845,3.569828763927418e-06
2021-01-04,1,-0.01475482752105106,3.569828763927418e-06
2021-01-05,1,0.007082595157549276,3.569828763927418e-06
2021-01-06,1,0.005709842747752214,3.569828763927418e-06
2021-01-07,1,0.01484740380010119,3.569828763927418e-06
2021-01-08,1,0.005491862685268911,3.173339045314805e-06
2021-01-11,1,-0.006554750898592476,3.173339045314805e-06
2021-01-12,1,0.0004157884466327033,3.569828763927418e-06
2021-01-13,1,0.00227564173790662,3.569828763927418e-06
2021-01-14,1,-0.003753451194336677,3.569828763927418e-06
2021-01-15,1,-0.007190027975370938,3.569828763927418e-06
2021-01-19,1,0.008136379515524483,3.569828763927418e-06
2021-01-20,1,0.01393562542194626,3.173339045314805e-06
2021-01-21,1,0.0003167233075522802,3.569828763927418e-06
2021-01-22,1,-0.003010611655237638,3.173339045314805e-06
2021-01-25,1,0.003615838943082483,3.569828763927418e-06
2021-01-26,1,-0.001488833746898233,2.77680986426887e-06
2021-01-27,1,-0.025677883699462,3.173339045314805e-06
2021-01-28,1,0.009760625975629766,2.77680986426887e-06
2021-01-29,1,-0.01931147517312459,2.380241213684187e-06
2021-02-01,0,0.01605176761443938,2.77680986426887e-06
2021-02-02,1,0.01389822348441694,2.77680986426887e-06
2021-02-03,1,0.001008769080953265,1.586985470813929e-06
2021-02-04,1,0.01085332223042079,1.586985470813929e-06
2021-02-05,1,0.003897495164625342,1.190298363207276e-06
2021-02-08,1,0.007399348360373592,1.98363308512306e-06
2021-02-09,1,-0.001113524992148451,1.586985470813929e-06
2021-02-10,1,-0.0003451849323593548,1.98363308512306e-06
2021-02-11,1,0.001662455163539356,1.98363308512306e-06
2021-02-12,1,0.004711033113378837,1.586985470813929e-06
2021-02-16,1,-0.0005692724183511411,1.586985470813929e-06
2021-02-17,1,-0.0003204020092266724,1.586985470813929e-06
2021-02-18,1,-0.004415835627354592,1.190298363207276e-06
2021-02-19,1,-0.001854896644575166,1.586985470813929e-06
2021-02-22,1,-0.00773283945815384,1.190298363207276e-06
2021-02-23,1,0.001256318118792787,1.586985470813929e-06
2021-02-24,1,0.01135161376597904,1.190298363207276e-06
2021-02-25,1,-0.02447880752512621,1.586985470813929e-06
2021-02-26,1,-0.004750214169902844,1.586985470813929e-06
2021-03-01,0,0.02379076350680021,1.98363308512306e-06
2021-03-02,1,-0.008080851690870694,1.586985470813929e-06
2021-03-03,1,-0.01306622187199813,1.98363308512306e-06
2021-03-04,0,-0.0134172139301002,1.586985470813929e-06
2021-03-05,0,0.01949596819778221,1.586985470813929e-06
2021-03-08,1,-0.005359231030161227,1.98363308512306e-06
2021-03-09,1,0.01415464230382213,1.98363308512306e-06
2021-03-10,1,0.006030313342701321,1.586985470813929e-06
2021-03-11,1,0.01039548700443582,1.586985470813929e-06
2021-03-12,1,0.00101539849587895,1.586985470813929e-06
2021-03-15,1,0.006491921301497117,1.586985470813929e-06
2021-03-16,1,-0.00156968373437838,7.935717540874521e-07
2021-03-17,1,0.00287938213053085,7.935717540874521e-07
2021-03-18,1,-0.0147605393194592,3.968056356828953e-07
2021-03-19,1,-0.0006027039747036333,3.968056356828953e-07
2021-03-22,1,0.007025118077311765,1.190298363207276e-06
2021-03-23,1,-0.007630854183940605,3.968056356828953e-07
2021-03-24,1,-0.00546733601831495,7.935717540874521e-07
2021-03-25,1,0.005240265846959469,7.935717540874521e-07
2021-03-26,1,0.01663120260451967,7.935717540874521e-07
2021-03-29,1,-0.0008680126852336212,1.190298363207276e-06
2021-03-30,1,-0.003157832933767812,7.935717540874521e-07
2021-03-31,1,0.003622499039577676,1.190298363207276e-06
2021-04-01,1,0.01182520177494473,7.935717540874521e-07
2021-04-05,1,0.01443822641774362,1.190298363207276e-06
2021-04-06,1,-0.0009735307519511682,7.935717540874521e-07
2021-04-07,1,0.001475232784985625,7.935717540874521e-07
2021-04-08,1,0.004220632828640269,3.968056356828953e-07
2021-04-09,1,0.007719934348738189,7.935717540874521e-07
2021-04-12,1,-0.0001960788487688214,7.935717540874521e-07
2021-04-13,1,0.00329448680904143,1.190298363207276e-06
2021-04-14,1,-0.004087726727828533,7.935717540874521e-07
2021-04-15,1,0.01109419052516647,7.935717540874521e-07
2021-04-16,1,0.003608819555509735,7.935717540874521e-07
2021-04-19,1,-0.005306560094486046,7.935717540874521e-07
2021-04-20,1,-0.006802319771775922,1.190298363207276e-06
2021-04-21,1,0.009306055472153574,1.190298363207276e-06
2021-04-22,1,-0.009210657476561801,1.190298363207276e-06
2021-04-23,1,0.01092869654017692,1.190298363207276e-06
2021-04-26,1,0.001782270924804541,1.190298363207276e-06
2021-04-27,1,-0.000214895888014377,3.968056356828953e-07
2021-04-28,1,-0.0008455399168898481,3.968056356828953e-07
2021-04-29,1,0.006762806734045723,3.968056356828953e-07
2021-04-30,1,-0.007194706699326425,3.968056356828953e-07
2021-05-03,1,0.002748090747253684,1.586985470813929e-06
2021-05-04,1,-0.006678337608227225,7.935717540874521e-07
2021-05-05,1,0.0007034637617677753,7.935717540874521e-07
2021-05-06,1,0.008165456466051824,7.935717540874521e-07
2021-05-07,1,0.007373341616968343,7.935717540874521e-07
2021-05-10,1,-0.01043564732218816,7.935717540874521e-07
2021-05-11,1,-0.00867391280271812,3.968056356828953e-07
2021-05-12,1,-0.02144940066450274,7.935717540874521e-07
2021-05-13,0,0.01217314140692349,7.935717540874521e-07
2021-05-14,1,0.01491795687689979,3.968056356828953e-07
2021-05-17,1,-0.002530052193220778,7.935717540874521e-07
2021-05-18,1,-0.008517292959364653,7.935717540874521e-07
2021-05-19,1,-0.002943411456817757,3.968056356828953e-07
2021-05-20,1,0.01055474175614335,3.968056356828953e-07
2021-05-21,1,-0.0007838806801412357,3.968056356828953e-07
2021-05-24,1,0.009911292190138532,7.935717540874521e-07
2021-05-25,1,-0.002125283780296749,7.935717540874521e-07
2021-05-26,1,0.001876816570268725,7.935717540874521e-07
2021-05-27,1,0.001165314541831552,7.935717540874521e-07
2021-05-28,1,0.0007688818911402162,3.968056356828953e-07
2021-06-01,1,-0.0004923335226864056,7.935717540874521e-07
2021-06-02,1,0.001446934838430725,7.935717540874521e-07
2021-06-03,1,-0.003628703341637451,7.935717540874521e-07
2021-06-04,0,0.008834095710505974,7.935717540874521e-07
2021-06-07,1,-0.0007967387044511831,7.935717540874521e-07
2021-06-08,1,0.0001750248645058239,7.935717540874521e-07
2021-06-09,1,-0.001823867319485695,1.190298363207276e-06
2021-06-10,1,0.004652243012262192,1.190298363207276e-06
2021-06-11,1,0.001948434669559074,1.190298363207276e-06
2021-06-14,1,0.001815201873095251,1.190298363207276e-06
2021-06-15,1,-0.002011693780525792,1.190298363207276e-06
2021-06-16,1,-0.005390124612855707,1.586985470813929e-06
2021-06-17,0,-0.0004357155920517997,1.586985470813929e-06
2021-06-18,0,-0.01312446877990059,1.98363308512306e-06
2021-06-21,0,0.01400228996272079,1.98363308512306e-06
2021-06-22,0,0.005124491902218642,1.586985470813929e-06
2021-06-23,1,-0.001083283343158881,1.98363308512306e-06
2021-06-24,1,0.005811249724885448,1.98363308512306e-06
2021-06-25,1,0.00333059731931673,2.380241213684187e-06
2021-06-28,1,0.002314964262061903,1.98363308512306e-06
2021-06-29,1,0.0002773361932608687,1.586985470813929e-06
2021-06-30,1,0.001328159646746485,1.98363308512306e-06
2021-07-01,1,0.00522162685427574,1.98363308512306e-06
2021-07-02,1,0.007500081663913916,1.98363308512306e-06
2021-07-06,1,-0.00202185605982419,1.98363308512306e-06
2021-07-07,1,0.003358975310182588,1.98363308512306e-06
2021-07-08,1,-0.008561024934316985,2.380241213684187e-06
2021-07-09,1,0.01127794780879587,2.380241213684187e-06
2021-07-12,1,0.003451174331237095,1.98363308512306e-06
2021-07-13,1,-0.003516812658565627,1.98363308512306e-06
2021-07-14,1,0.001164934575244692,2.380241213684187e-06
2021-07-15,1,-0.003262240854172371,1.98363308512306e-06
2021-07-16,1,-0.007538854211077806,1.98363308512306e-06
2021-07-19,1,-0.0158695124274093,1.98363308512306e-06
2021-07-20,1,0.01516260943785563,1.98363308512306e-06
2021-07-21,1,0.008241819990835397,1.98363308512306e-06
2021-07-22,1,0.002016669958327943,1.98363308512306e-06
2021-07-23,1,0.01014545202082284,1.98363308512306e-06
2021-07-26,1,0.002382199862628331,1.98363308512306e-06
2021-07-27,1,-0.004712444807091209,1.98363308512306e-06
2021-07-28,1,-0.0001862618826539153,1.98363308512306e-06
2021-07-29,1,0.004206152980007483,2.380241213684187e-06
2021-07-30,1,-0.00540604805147693,2.380241213684187e-06
2021-08-02,1,-0.001842805614891363,1.98363308512306e-06
2021-08-03,1,0.0082034265474622,1.98363308512306e-06
2021-08-04,1,-0.004632387901412294,1.98363308512306e-06
2021-08-05,1,0.006005446813494242,1.98363308512306e-06
2021-08-06,1,0.001675266241764728,2.380241213684187e-06
2021-08-09,1,-0.0009399082741974318,2.380241213684187e-06
2021-08-10,1,0.0009926793341701323,1.98363308512306e-06
2021-08-11,1,0.001275743787682471,1.98363308512306e-06
2021-08-12,1,0.004146380281677686,2.380241213684187e-06
2021-08-13,1,0.001607306655808216,2.380241213684187e-06
2021-08-16,1,0.002620850702215849,2.380241213684187e-06
2021-08-17,1,-0.00706069881494753,2.77680986426887e-06
2021-08-18,1,-0.01074847074558594,2.77680986426887e-06
2021-08-19,1,0.001256692232909584,2.380241213684187e-06
2021-08-20,1,0.008141567655737925,1.98363308512306e-06
2021-08-23,1,0.00852379036424833,1.98363308512306e-06
2021-08-24,1,0.001495736301319495,1.98363308512306e-06
2021-08-25,1,0.002220118224179668,2.380241213684187e-06
2021-08-26,1,-0.005824918819612557,1.98363308512306e-06
2021-08-27,1,0.008807632480425154,1.98363308512306e-06
2021-08-30,1,0.004306570844779589,1.98363308512306e-06
2021-08-31,1,-0.001349116039505049,1.586985470813929e-06
2021-09-01,1,0.0003116886257619189,1.98363308512306e-06
2021-09-02,1,0.002842638410522902,1.98363308512306e-06
2021-09-03,1,-0.0003350311257153127,1.98363308512306e-06
2021-09-07,1,-0.003395574405981705,1.98363308512306e-06
2021-09-08,1,-0.001318566739775151,1.98363308512306e-06
2021-09-09,1,-0.004605608657393345,1.586985470813929e-06
2021-09-10,1,-0.007722578759925436,1.98363308512306e-06
2021-09-13,1,0.002276487618456891,2.380241213684187e-06
2021-09-14,1,-0.00574663850657553,1.586985470813929e-06
2021-09-15,1,0.008473996979569742,1.586985470813929e-06
2021-09-16,1,-0.001551140448935007,1.586985470813929e-06
2021-09-17,1,-0.009110872450405094,1.586985470813929e-06
2021-09-20,1,-0.01697731100841482,1.586985470813929e-06
2021-09-21,1,-0.0008123585165593639,1.190298363207276e-06
2021-09-22,1,0.009519611195260236,1.190298363207276e-06
2021-09-23,1,0.01213471578449488,1.190298363207276e-06
2021-09-24,1,0.001461009046688222,1.190298363207276e-06
2021-09-27,1,-0.002776382621339613,1.586985470813929e-06
2021-09-28,1,-0.02036411055609821,1.586985470813929e-06
2021-09-29,1,0.001569184219400332,1.586985470813929e-06
2021-09-30,1,-0.01190971412519515,1.586985470813929e-06
2021-10-01,0,0.01149147763018199,1.586985470813929e-06
2021-10-04,1,-0.01298589813674844,1.586985470813929e-06
2021-10-05,0,0.01052451466060922,1.586985470813929e-06
2021-10-06,1,0.004102792854185466,1.586985470813929e-06
2021-10-07,1,0.008298280656405366,1.98363308512306e-06
2021-10-08,1,-0.001913723094788988,1.98363308512306e-06
2021-10-11,1,-0.006865763848056816,1.98363308512306e-06
2021-10-12,1,-0.002416780558542109,2.380241213684187e-06
2021-10-13,1,0.00302251448379387,1.98363308512306e-06
2021-10-14,1,0.01706310194558336,1.98363308512306e-06
2021-10-15,1,0.007460210377712606,1.98363308512306e-06
2021-10-18,1,0.00337476955709759,2.380241213684187e-06
2021-10-19,1,0.007393339551406308,1.98363308512306e-06
2021-10-20,1,0.0036640298040167,1.98363308512306e-06
2021-10-21,1,0.002995871849622578,2.380241213684187e-06
2021-10-22,1,-0.001072553627413098,2.380241213684187e-06
2021-10-25,1,0.004748196569493546,2.380241213684187e-06
2021-10-26,1,0.001819795253519718,2.380241213684187e-06
2021-10-27,1,-0.005051568068462853,2.380241213684187e-06
2021-10-28,1,0.009829281576461124,2.380241213684187e-06
2021-10-29,1,0.001949334719149265,1.98363308512306e-06
2021-11-01,1,0.001800077143134127,1.98363308512306e-06
2021-11-02,1,0.003680363085413196,1.98363308512306e-06
2021-11-03,1,0.006461279195357994,1.98363308512306e-06
2021-11-04,1,0.004181942361150437,1.586985470813929e-06
2021-11-05,1,0.003732799652949259,1.98363308512306e-06
2021-11-08,1,0.0008877879113036169,2.380241213684187e-06
2021-11-09,1,-0.003498775895770745,1.586985470813929e-06
2021-11-10,1,-0.008225823395229703,1.98363308512306e-06
2021-11-11,1,0.0005509400447352153,1.98363308512306e-06
2021-11-12,1,0.007222656026415475,1.98363308512306e-06
2021-11-15,1,-1.073982034471843e-05,1.98363308512306e-06
2021-11-16,1,0.003865229864862485,1.98363308512306e-06
2021-11-17,1,-0.002601625374463401,1.98363308512306e-06
2021-11-18,1,0.003384780215271332,1.98363308512306e-06
2021-11-19,1,-0.001398665559303236,1.98363308512306e-06
2021-11-22,1,-0.003197136556321922,1.98363308512306e-06
2021-11-23,1,0.001657132912945114,2.380241213684187e-06
2021-11-24,1,0.002293850635722183,2.380241213684187e-06
2021-11-26,1,-0.02272482263758246,2.380241213684187e-06
2021-11-29,1,0.013200199537035,2.380241213684187e-06
2021-11-30,1,-0.01896131033450521,1.98363308512306e-06
2021-12-01,1,-0.01181518741788923,2.380241213684187e-06
2021-12-02,1,0.01419443613158311,1.98363308512306e-06
2021-12-03,1,-0.008448563730297565,2.380241213684187e-06
2021-12-06,1,0.01173087257745142,1.98363308512306e-06
2021-12-07,1,0.02070708037440427,2.380241213684187e-06
2021-12-08,1,0.003085285312316666,2.77680986426887e-06
2021-12-09,1,-0.007181080169894716,2.380241213684187e-06
2021-12-10,1,0.009549073338481762,2.380241213684187e-06
2021-12-13,1,-0.009136167611567658,1.98363308512306e-06
2021-12-14,1,-0.007470677577436025,1.98363308512306e-06
2021-12-15,1,0.0163484646307468,1.98363308512306e-06
2021-12-16,1,-0.008743415379980468,1.98363308512306e-06
2021-12-17,1,-0.01028768063709262,1.98363308512306e-06
2021-12-20,1,-0.01138805785140995,2.77680986426887e-06
2021-12-21,1,0.01777793455157251,2.77680986426887e-06
2021-12-22,1,0.01018019722057883,3.173339045314805e-06
2021-12-23,1,0.006223699921661829,2.77680986426887e-06
2021-12-27,1,0.01383893524747526,2.380241213684187e-06
2021-12-28,1,-0.001010154848626099,2.380241213684187e-06
2021-12-29,1,0.001401895139427012,1.98363308512306e-06
2021-12-30,1,-0.002989755594509313,1.98363308512306e-06
2021-12-31,1,-0.002626179913657545,2.380241213684187e-06
2022-01-03,1,0.006374052530970564,3.173339045314805e-06
2022-01-04,1,-0.000629621957060511,3.173339045314805e-06
2022-01-05,1,-0.01939275779068717,3.569828763927418e-06
2022-01-06,0,-0.0009637690162076495,3.966279028766451e-06
2022-01-07,1,-0.004050216740091761,3.966279028766451e-06
2022-01-10,0,-0.001441031253454961,5.155393176359269e-06
2022-01-11,0,0.009159984668711818,4.362689847159373e-06
2022-01-12,0,0.002817754443029452,4.759061227099792e-06
2022-01-13,0,-0.0142436152864307,4.759061227099792e-06
2022-01-14,0,0.0008199802697488323,5.155393176359269e-06
2022-01-18,0,-0.01838794569400737,6.344152519766055e-06
2022-01-19,0,-0.009689541868338813,6.740326825349641e-06
2022-01-20,0,-0.01103737849414832,6.740326825349641e-06
2022-01-21,0,-0.0189148218679086,6.740326825349641e-06
2022-01-24,0,0.002771738943381896,7.532557270595319e-06
2022-01-25,0,-0.01217190625364672,7.532557270595319e-06
2022-01-26,0,-0.001496635847751837,7.532557270595319e-06
2022-01-27,0,-0.00538408875771057,7.92861342602258e-06
2022-01-28,0,0.02434764688807611,7.532557270595319e-06
2022-01-31,0,0.01888595173277952,8.720607641343747e-06
2022-02-01,1,0.00686300355780145,7.532557270595319e-06
2022-02-02,1,0.00942251544733641,7.532557270595319e-06
2022-02-03,1,-0.024391082077444,7.92861342602258e-06
2022-02-04,0,0.005156929864423399,9.116545717002822e-06
2022-02-07,0,-0.003701712634742949,1.0699904655187e-05
2022-02-08,0,0.008401207191663262,9.908303843175759e-06
2022-02-09,0,0.01451720788750555,1.030412390967683e-05
2022-02-10,1,-0.01811572566845976,1.58414797191142e-05
2022-02-11,0,-0.01896945434456343,1.426016322336743e-05
2022-02-14,0,-0.003840596726293222,1.702705534412097e-05
2022-02-15,0,0.01576672117072042,1.58414797191142e-05
2022-02-16,0,0.0008812077558950637,1.505089992526187e-05
2022-02-17,0,-0.02117313815219501,1.426016322336743e-05
2022-02-18,0,-0.0071661613961429,1.386473601239224e-05
2022-02-22,0,-0.01014294526483284,1.465555119151141e-05
2022-02-23,0,-0.01841212284548766,1.346926955103633e-05
2022-02-24,0,0.01495685606732922,1.26782188460961e-05
2022-02-25,0,0.02237267765560347,1.307376383175018e-05
2022-02-28,0,-0.002442603440647617,1.386473601239224e-05
2022-03-01,0,-0.01547350368041189,1.26782188460961e-05
2022-03-02,0,0.01864269175732103,1.346926955103633e-05
2022-03-03,0,-0.005254666430088317,1.505089992526187e-05
2022-03-04,0,-0.007934042550334475,1.346926955103633e-05
2022-03-07,0,-0.02951815831344917,1.505089992526187e-05
2022-03-08,0,-0.00723375351819977,1.426016322336743e-05
2022-03-09,0,0.02569824789143582,1.505089992526187e-05
2022-03-10,0,-0.004291813651667864,1.544620943172426e-05
2022-03-11,0,-0.01296154512347514,1.58414797191142e-05
2022-03-14,0,-0.007421002465963666,1.781724314131594e-05
2022-03-15,0,0.02140857417087094,1.821227827725203e-05
2022-03-16,0,0.02238376135718223,1.742216883293679e-05
2022-03-17,1,0.01234781757145198,1.58414797191142e-05
2022-03-18,1,0.01166229482794878,1.6631902667541e-05
2022-03-21,1,-0.0004346603621039336,2.137115009137602e-05
2022-03-22,1,0.0113041136006502,2.018686664317926e-05
2022-03-23,1,-0.01227269878915904,1.979202725266305e-05
2022-03-24,1,0.01434391292056647,2.058166690788177e-05
2022-03-25,1,0.005066170567449069,2.17658330252668e-05
2022-03-28,1,0.007144955276586762,2.334417389215915e-05
2022-03-29,1,0.01225654742753046,2.17658330252668e-05
2022-03-30,1,-0.00629370017469788,2.17658330252668e-05
2022-03-31,1,-0.01565254071317734,2.058166690788177e-05
2022-04-01,1,0.003410222584358413,2.097642805476418e-05
2022-04-04,1,0.008090938687879357,2.610476675579676e-05
2022-04-05,1,-0.01255172080180733,2.571051343691622e-05
2022-04-06,0,-0.009716916613271898,2.649898106499293e-05
2022-04-07,0,0.004253385628492534,2.689315637249834e-05
2022-04-08,0,-0.002651026482054286,2.768139001307901e-05
2022-04-11,0,-0.01687729010355421,3.043898033650017e-05
2022-04-12,0,-0.003417447717741773,2.925738961367941e-05
2022-04-13,0,0.01117457759723606,2.965129212539885e-05
2022-04-14,0,-0.01214413784439794,3.122651284970246e-05
2022-04-18,0,-0.0002048682840329885,3.201388972629005e-05
2022-04-19,0,0.01605760435552717,3.201388972629005e-05
2022-04-20,0,-0.0006184750715809706,3.240751982014345e-05
2022-04-21,1,-0.01475294849837194,3.280111102821337e-05
2022-04-22,0,-0.02774005425075365,3.280111102821337e-05
2022-04-25,0,0.005697936985382235,3.594844171850298e-05
2022-04-26,0,-0.02814630843100385,3.280111102821337e-05
2022-04-27,0,0.002098046851701785,3.240751982014345e-05
2022-04-28,0,0.02474690007293945,3.240751982014345e-05
2022-04-29,0,-0.03628450710641395,3.358817681675674e-05
2022-05-02,0,0.005675242812353654,3.555516132158765e-05
2022-05-03,0,0.004837126381486367,3.594844171850298e-05
2022-05-04,0,0.02986242108440229,3.516184210039519e-05
2022-05-05,0,-0.03564970860980698,3.358817681675674e-05
2022-05-06,0,-0.005674224842484032,3.358817681675674e-05
2022-05-09,0,-0.03203710063235676,3.634168329846865e-05
2022-05-10,0,0.002457897449853474,3.516184210039519e-05
2022-05-11,0,-0.01646320750393837,3.594844171850298e-05
2022-05-12,0,-0.001295964505871772,3.79142616035999e-05
2022-05-13,0,0.02386969542307149,4.066478096254045e-05
2022-05-16,0,-0.003946400929555671,4.223565419558817e-05
2022-05-17,0,0.02016963223486368,4.184299394793811e-05
2022-05-18,0,-0.04039526078745259,4.066478096254045e-05
2022-05-19,0,-0.005833781800992588,4.145029499813546e-05
2022-05-20,0,0.0001461417696584366,4.066478096254045e-05
2022-05-23,0,0.01855503993092356,4.223565419558817e-05
2022-05-24,0,-0.008120797617175213,4.184299394793811e-05
2022-05-25,0,0.009450764734207695,4.184299394793811e-05
2022-05-26,0,0.01988325616722419,4.223565419558817e-05
2022-05-27,1,0.02474226295510973,4.262827574930128e-05
2022-05-31,1,-0.006274368617659065,4.576785610077572e-05
2022-06-01,1,-0.007482768681131846,4.537554382633147e-05
2022-06-02,0,0.01843101803848612,4.616012974967276e-05
2022-06-03,1,-0.01634731399241562,4.77288382416674e-05
2022-06-06,0,0.003137400778913113,4.968885569511805e-05
2022-06-07,0,0.009523393173235029,4.968885569511805e-05
2022-06-08,1,-0.01079394578593562,5.047259277701777e-05
2022-06-09,0,-0.02379869397635359,5.125617572176999e-05
2022-06-10,0,-0.02911030333552467,5.478039315431893e-05
2022-06-13,0,-0.03876843066523727,6.806604185438658e-05
2022-06-14,0,-0.003773679745995739,7.196516950935816e-05
2022-06-15,0,0.01459250485898322,6.845612637285114e-05
2022-06-16,0,-0.03251195148816344,6.260084472953231e-05
2022-06-17,0,0.002200865698254617,6.416309471890536e-05
2022-06-21,0,0.02447724228008696,6.689555910033285e-05
2022-06-22,0,-0.001301572314400645,6.338204629385835e-05
2022-06-23,0,0.009532217409177868,6.494399006440332e-05
2022-06-24,0,0.03056329358583576,6.806604185438658e-05
2022-06-27,1,-0.002973071533776239,7.040597630569856e-05
2022-06-28,1,-0.02014303607589207,7.040597630569856e-05
2022-06-29,0,-0.0007117454091590814,7.001608264878278e-05
2022-06-30,0,-0.008759278267998716,6.767591914114135e-05
2022-07-01,0,0.01055381402904731,6.806604185438658e-05
2022-07-05,0,0.001584128514236616,7.469229028500557e-05
2022-07-06,0,0.003573164290430197,7.469229028500557e-05
2022-07-07,0,0.0149645879652418,7.663909151545134e-05
2022-07-08,1,-0.000830271529819071,7.780671582890974e-05
2022-07-11,1,-0.01152746142277727,8.558214573084477e-05
2022-07-12,0,-0.009243878717321574,8.713541254601331e-05
2022-07-13,0,-0.004456902512210092,9.37300495240656e-05
2022-07-14,0,-0.00299863390215227,9.411762964850467e-05
2022-07-15,0,0.01920124935943668,9.295477615278713e-05
2022-07-18,1,-0.008363571580831342,9.79913587377812e-05
2022-07-19,1,0.02762829164595959,9.876565283040151e-05
2022-07-20,1,0.005895806193263242,9.837852459271268e-05
2022-07-21,1,0.00986137270919718,9.72169141484347e-05
2022-07-22,1,-0.00933246697634671,9.760415525894572e-05
2022-07-25,1,0.00131516704796919,0.0001026348678903055
2022-07-26,1,-0.01154320266205866,9.992681191595132e-05
2022-07-27,0,0.02615627378293772,9.566757324419584e-05
2022-07-28,1,0.01213333869718092,9.489267681228597e-05
2022-07-29,1,0.01420776008258184,9.450517207554299e-05
2022-08-01,1,-0.002823084127197673,0.0001003137897594986
2022-08-02,1,-0.006662395550704803,0.0001003137897594986
2022-08-03,1,0.01563847716314015,9.876565283040151e-05
2022-08-04,1,-0.0007773401640558397,9.79913587377812e-05
2022-08-05,1,-0.001625746059735533,0.0001010876327129928
2022-08-08,1,-0.001237550723854119,0.0001037949001150285
2022-08-09,1,-0.004248692893594086,0.0001045680673463778
2022-08-10,1,0.02129063764129024,0.0001037949001150285
2022-08-11,1,-0.0007054739583503,0.0001026348678903055
2022-08-12,1,0.01732236877456694,0.000103021582825269
2022-08-15,1,0.00396954189985177,0.0001065003293032607
2022-08-16,1,0.001875679716581091,0.0001057275369622523
2022-08-17,1,-0.007237794954094601,0.0001049545947087172
2022-08-18,1,0.002269561170191503,0.0001061139518681031
2022-08-19,1,-0.01290000113984791,0.000107272971790362
2022-08-22,1,-0.0214000649197158,0.0001103620443601017
2022-08-23,1,-0.002237862677713309,0.000109590000707982
2022-08-24,1,0.002916160446301053,0.0001103620443601017
2022-08-25,0,0.01409160551806155,0.0001126772781681051
2022-08-26,1,-0.03368805871951874,0.000113063019711479
2022-08-29,1,-0.006666355799502699,0.0001161476084230451
2022-08-30,0,-0.01102815557144821,0.0001161476084230451
2022-08-31,1,-0.007817025105971265,0.0001157621653977703
2022-09-01,0,0.002996232024336187,0.0001161476084230451
2022-09-02,1,-0.01073650045808106,0.0001149911674716009
2022-09-06,0,-0.004095056983834944,0.0001188446661026799
2022-09-07,0,0.018341016392734,0.0001199999893457537
2022-09-08,0,0.006610721877456038,0.0001196149188178453
2022-09-09,1,0.01527144981633288,0.0001203850226638714
2022-09-12,1,0.0105842727693497,0.0001238486492622926
2022-09-13,1,-0.0432366134006168,0.0001280778859955589
2022-09-14,0,0.003387012085323882,0.0001265405010593135
2022-09-15,1,-0.01131773918435341,0.0001257715860927267
2022-09-16,0,-0.007182134089448455,0.0001250025227172991
2022-09-19,0,0.006857100716286535,0.0001315348348380763
2022-09-20,0,-0.01127210309736182,0.0001307668831311837
2022-09-21,0,-0.01711649360078449,0.0001292305355513612
2022-09-22,0,-0.00842758097968943,0.0001284621395638563
2022-09-23,0,-0.01723261901546103,0.0001265405010593135
2022-09-26,0,-0.01034052620828207,0.0001323026385655623
2022-09-27,0,-0.002120359809242411,0.0001307668831311837
2022-09-28,0,0.01967213992623473,0.0001326864849549025
2022-09-29,0,-0.02112643788023882,0.0001311508774854975
2022-09-30,0,-0.01506669577198327,0.0001299987833880412
2022-10-03,0,0.02588389495257615,0.0001349887871000544
2022-10-04,0,0.03058370067955152,0.0001346051624440125
2022-10-05,0,-0.002017948757084831,0.0001349887871000544
2022-10-06,0,-0.01024508084664,0.0001349887871000544
2022-10-07,0,-0.02800361778677352,0.0001346051624440125
2022-10-10,0,-0.00749246363390188,0.0001346051624440125
2022-10-11,0,-0.006519175777754405,0.0001430363848669014
2022-10-12,0,-0.003290773148014958,0.0001441847160272847
2022-10-13,0,0.02596564246086497,0.0001476277252221436
2022-10-14,0,-0.02366266361565439,0.0001483924345326848
2022-10-17,0,0.0264800523021711,0.0001545048314746111
2022-10-18,0,0.01142756966648872,0.0001571760595624472
2022-10-19,1,-0.006672097293450308,0.0001583203236481534
2022-10-20,0,-0.007950909706564868,0.0001590829838611363
2022-10-21,0,0.02372481982226482,0.0001590829838611363
2022-10-24,1,0.01188197665461987,0.0001617511456717402
2022-10-25,1,0.01626665457966991,0.0001609889960150213
2022-10-26,1,-0.007387716072364547,0.0001598454981310837
2022-10-27,1,-0.006082610618211248,0.000160607866513951
2022-10-28,1,0.0246263778959277,0.0001625131495812671
2022-10-31,1,-0.00745440410765752,0.0001640367203810111
2022-11-01,1,-0.004101230608784645,0.0001644175220760768
2022-11-02,1,-0.02500198485734284,0.0001640367203810111
2022-11-03,1,-0.01058599231542967,0.0001651790163088585
2022-11-04,0,0.01361872467007053,0.0001636558822910583
2022-11-07,1,0.009613981920559844,0.0001667015683410877
2022-11-08,1,0.005597892802462701,0.0001663209848699054
2022-11-09,1,-0.02077788695478977,0.0001667015683410877
2022-11-10,1,0.05543448436034493,0.0001663209848699054
2022-11-11,1,0.009240746788147902,0.0001663209848699054
2022-11-14,1,-0.008935777048800997,0.0001686039406427753
2022-11-15,1,0.008713116550319144,0.0001674626262520018
2022-11-16,1,-0.008252046497990273,0.0001678431007052783
2022-11-17,1,-0.003089322835531427,0.0001678431007052783
2022-11-18,1,0.00475858190881473,0.0001686039406427753
2022-11-21,1,-0.003883688698329779,0.0001712657369763448
2022-11-22,1,0.01357998792752602,0.0001708855892015304
2022-11-23,1,0.005914689147847652,0.0001708855892015304
2022-11-25,1,-0.0002830441976333642,0.0001712657369763448
2022-11-28,1,-0.01544419291312327,0.0001712657369763448
2022-11-29,1,-0.001591865337775888,0.0001701251848353902
2022-11-30,1,0.03094787239738905,0.0001697449282302976
2022-12-01,1,-0.0008676332180498347,0.0001682235388331677
2022-12-02,1,-0.001194660488065602,0.0001686039406427753
2022-12-05,1,-0.0178942122835648,0.0001693646353342348
2022-12-06,1,-0.01439919498140607,0.0001697449282302976
2022-12-07,1,-0.001862370884549103,0.0001667015683410877
2022-12-08,1,0.00752178195750397,0.0001663209848699054
2022-12-09,1,-0.007349578247904498,0.0001674626262520018
2022-12-12,1,0.01427929621810931,0.0001701251848353902
2022-12-13,1,0.00728966443879342,0.0001689843061407625
2022-12-14,1,-0.006052724634100337,0.0001682235388331677
2022-12-15,1,-0.02492167502371401,0.0001686039406427753
2022-12-16,1,-0.01113775077408075,0.0001674626262520018
2022-12-19,0,-0.009007516001852345,0.0001697449282302976
2022-12-20,0,0.001037338361534967,0.0001689843061407625
2022-12-21,0,0.01486799380273474,0.0001682235388331677
2022-12-22,1,-0.01445169956861636,0.0001689843061407625
2022-12-23,0,0.005868102525282026,0.0001686039406427753
2022-12-27,1,-0.004049622110409712,0.0001731659320451939
2022-12-28,0,-0.01202063832261535,0.0001731659320451939
2022-12-29,0,0.01746133164481911,0.0001727859655156205
2022-12-30,1,-0.002540742482344593,0.0001716458484881667
2023-01-03,1,-0.004000548879248611,0.0001758246837471056
2023-01-04,0,0.007538970575044379,0.0001765840013678854
2023-01-05,0,-0.01164552887462211,0.0001807576638885866
2023-01-06,0,0.02284078102943865,0.0001811368710749051
2023-01-09,1,-0.0007676325452631305,0.0001822742761612428
2023-01-10,1,0.006978233159061986,0.0001834113566834272
2023-01-11,1,0.01284942461488159,0.0001830323658940092
2023-01-12,1,0.003415905866365199,0.0001807576638885866
2023-01-13,1,0.003996858363534361,0.0001811368710749051
2023-01-17,1,-0.002030491189005224,0.0001826533390556495
2023-01-18,1,-0.01556259850041108,0.0001818951772043498
2023-01-19,1,-0.007638350296294338,0.0001826533390556495
2023-01-20,1,0.01891840104598153,0.0001830323658940092
2023-01-23,1,0.01188134498366522,0.0001834113566834272
2023-01-24,1,-0.0007115031258156934,0.0001830323658940092
2023-01-25,1,-0.0001817250594663422,0.0001830323658940092
2023-01-26,1,0.01100785346918132,0.0001826533390556495
2023-01-27,1,0.002494840970949097,0.0001834113566834272
2023-01-30,1,-0.01296874098468337,0.0001830323658940092
2023-01-31,0,0.01464247028551013,0.0001822742761612428
2023-02-01,1,0.01045230394459029,0.0001807576638885866
2023-02-02,1,0.01469937324430992,0.0001807576638885866
2023-02-03,1,-0.0103546106913105,0.0001822742761612428
2023-02-06,1,-0.006140463017754394,0.0001826533390556495
2023-02-07,1,0.01287251059802652,0.0001826533390556495
2023-02-08,1,-0.01108072447616471,0.0001830323658940092
2023-02-09,1,-0.00882979617773516,0.0001849269594886849
2023-02-10,0,0.00219526177569529,0.0001856845447760769
2023-02-13,0,0.01144860934276615,0.000186441986059771
2023-02-14,1,-0.0002804145319874607,0.0001860632834149722
2023-02-15,1,0.002773175690496066,0.0001856845447760769
2023-02-16,1,-0.01378874148913067,0.0001875778780984216
2023-02-17,0,-0.002767405825327751,0.0001875778780984216
2023-02-21,0,-0.02004123425532733,0.0001883349596127903
2023-02-22,1,-0.001573556145886834,0.0001875778780984216
2023-02-23,0,0.005329429416074394,0.0001875778780984216
2023-02-24,0,-0.01053755148555813,0.0001883349596127903
2023-02-27,1,0.00307300456716697,0.0001894703122542474
2023-02-28,0,-0.003036001828185531,0.0001890918973153077
2023-03-01,0,-0.004725264845680033,0.0001898486912605968
2023-03-02,0,0.007582194086794392,0.0001902270343414614
2023-03-03,0,0.0161477371607488,0.0001902270343414614
2023-03-06,0,0.0006871667698291617,0.0001909836127538256
2023-03-07,0,-0.01532691911533768,0.0001951422282697735
2023-03-08,0,0.00141479401368394,0.000195897874124773
2023-03-09,0,-0.01845935787384867,0.0001955200691088343
2023-03-10,0,-0.01447813845705137,0.0001940084907445794
2023-03-13,0,-0.001509761003189447,0.0001887134464371165
2023-03-14,0,0.01647665548062394,0.0001890918973153077
2023-03-15,0,-0.00698088356543769,0.00018416923014275
2023-03-16,0,0.01756200621716664,0.0001837903114307871
2023-03-17,1,-0.01101945731006759,0.0001754449706703465
2023-03-20,1,0.008918403718310097,0.000186441986059771
2023-03-21,1,0.01298219389778499,0.0001853057701362015
2023-03-22,1,-0.01646322377571363,0.0001856845447760769
2023-03-23,1,0.002984528733375402,0.0001834113566834272
2023-03-24,1,0.005639807253104534,0.0001837903114307871
2023-03-27,1,0.001646954305748238,0.0001902270343414614
2023-03-28,1,-0.00157384349571621,0.0001860632834149722
2023-03-29,1,0.01423726887983645,0.0001860632834149722
2023-03-30,1,0.005715269388667954,0.0001924963387716083
2023-03-31,1,0.01443654247176385,0.0001879564368354458
2023-04-03,1,0.003698846476542395,0.0001898486912605968
2023-04-04,1,-0.005796972083329965,0.0001890918973153077
2023-04-05,1,-0.002492370531228194,0.0001883349596127903
2023-04-06,1,0.003579163094427296,0.0001902270343414614
2023-04-10,1,0.0009963029974375814,0.0001966533767139289
2023-04-11,1,-4.135247794623265e-05,0.0001951422282697735
2023-04-12,1,-0.004134884052006904,0.0001943864390943073
2023-04-13,1,0.01326268999363811,0.0001974087360914201
2023-04-14,1,-0.002069373472803671,0.000198919025429678
2023-04-17,1,0.00330615690296554,0.0002015606551915017
2023-04-18,1,0.0008552202959737354,0.0002011833867092694
2023-04-19,1,-8.42619976980652e-05,0.0001996739554988025
2023-04-20,1,-0.00595254815297297,0.0001981639523118695
2023-04-21,1,0.0009031888869577287,0.000198919025429678
2023-04-24,1,0.0008515791660903549,0.0002011833867092694
2023-04-25,1,-0.01581085888277323,0.0001981639523118695
2023-04-26,1,-0.003841187197329843,0.0001996739554988025
2023-04-27,1,0.01956614972249704,0.000200428742574088
2023-04-28,1,0.008253202753460531,0.0001974087360914201
2023-05-01,1,-0.0003861064902076494,0.0002038235163144275
2023-05-02,1,-0.0115862629364003,0.0002026922463773673
2023-05-03,1,-0.006998305064656485,0.0002034464620184195
2023-05-04,1,-0.007218732334382416,0.0002034464620184195
2023-05-05,1,0.01847475138951538,0.0002034464620184195
2023-05-08,1,0.0004521286642489297,0.0002053313768257681
2023-05-09,1,-0.004579421277258522,0.000204577517891158
2023-05-10,1,0.004483965263404999,0.0002026922463773673
2023-05-11,1,-0.001696623993215907,0.0002011833867092694
2023-05-12,1,-0.001583306834556653,0.0002030693720416199
2023-05-15,1,0.002958164439133881,0.0002015606551915017
2023-05-16,1,-0.006377683373153031,0.0002023150850187783
2023-05-17,1,0.01189082905878824,0.0002034464620184195
2023-05-18,0,0.009445048649426635,0.0002053313768257681
2023-05-19,1,-0.001445867605470608,0.000204577517891158
2023-05-22,1,0.0001550346964389604,0.0002087219782871408
2023-05-23,1,-0.01122202674755013,0.0002064618978925292
2023-05-24,0,-0.007318600335353365,0.0002075920983188873
2023-05-25,0,0.008757581265902425,0.0002079687605724967
2023-05-26,0,0.01304908677799732,0.0002064618978925292
2023-05-30,1,1.660326849850513e-05,0.0002143665776215276
2023-05-31,1,-0.006108624209833935,0.0002132382972168667
2023-06-01,1,0.009854453563032717,0.0002124859327639061
2023-06-02,1,0.01453442470596555,0.0002124859327639061
2023-06-05,1,-0.002003581635917739,0.0002109807775771966
2023-06-06,1,0.002353896307914161,0.0002102279867355339
2023-06-07,1,-0.003812009699857288,0.0002094750536569823
2023-06-08,1,0.006188642614241457,0.0002079687605724967
2023-06-09,1,0.001148059539441082,0.0002075920983188873
2023-06-12,1,0.009321148810237156,0.0002087219782871408
2023-06-13,1,0.006932489951473775,0.0002072154004588711
2023-06-14,1,0.0008194255259321714,0.0002072154004588711
2023-06-15,1,0.01217813742034668,0.0002060850931726588
2023-06-16,1,-0.003671619528426318,0.0002064618978925292
2023-06-20,1,-0.004735107697622865,0.0002083453872263608
2023-06-21,1,-0.005245281583003636,0.0002087219782871408
2023-06-22,1,0.003710798414438443,0.0002087219782871408
2023-06-23,1,-0.007658808766684566,0.0002090985337617202
2023-06-26,1,-0.004486838293256468,0.0002124859327639061
2023-06-27,0,0.01145585495469303,0.0002102279867355339
2023-06-28,1,-0.0003540766884383428,0.0002102279867355339
2023-06-29,1,0.004473544672805918,0.0002109807775771966
2023-06-30,1,0.01226900449571411,0.0002098515379793664
2023-07-03,1,0.001170677801600961,0.0002102279867355339
2023-07-05,1,-0.001968318413229198,0.0002102279867355339
2023-07-06,1,-0.007922511336500904,0.0002109807775771966
2023-07-07,1,-0.002865100538620324,0.0002109807775771966
2023-07-10,1,0.002405026057131332,0.000211733426235261
2023-07-11,1,0.00674221105588857,0.0002121096972624859
2023-07-12,1,0.007411233485312474,0.0002113571196757924
2023-07-13,1,0.008470153458069118,0.0002113571196757924
2023-07-14,1,-0.00102440713330354,0.0002121096972624859
2023-07-17,1,0.003855382514549532,0.0002121096972624859
2023-07-18,1,0.007117275205842377,0.0002121096972624859
2023-07-19,1,0.002357910335732072,0.0002121096972624859
2023-07-20,1,-0.006756896218903741,0.0002121096972624859
2023-07-21,1,0.0003240945218980773,0.0002124859327639061
2023-07-24,1,0.004034153877153557,0.0002128621327464053
2023-07-25,1,0.002814673351556163,0.0002128621327464053
2023-07-26,1,-0.0001554388967985876,0.0002128621327464053
2023-07-27,1,-0.006424666064487883,0.0002128621327464053
2023-07-28,1,0.009877842794752345,0.0002132382972168667
2023-07-31,1,0.001468712940519312,0.0002143665776215276
2023-08-01,1,-0.002665087639215691,0.0002139905196476555
2023-08-02,1,-0.0138395413363479,0.0002136144261815076
2023-08-03,1,-0.00254797384042682,0.0002139905196476555
2023-08-04,1,-0.005300074155050516,0.0002139905196476555
2023-08-07,1,0.00902409277936278,0.0002147426001102293
2023-08-08,1,-0.004218283044793103,0.0002151185871201999
2023-08-09,1,-0.007038730380597102,0.0002143665776215276
2023-08-10,1,0.0002507139445697693,0.0002139905196476555
2023-08-11,1,-0.001069692370023079,0.0002139905196476555
2023-08-14,1,0.005750475751703066,0.0002147426001102293
2023-08-15,1,-0.01155090942884174,0.0002147426001102293
2023-08-16,1,-0.007555395210577687,0.0002147426001102293
2023-08-17,1,-0.007712913029036983,0.0002147426001102293
2023-08-18,1,-0.0001487068260008773,0.0002143665776215276
2023-08-21,1,0.006879188518795987,0.0002151185871201999
2023-08-22,1,-0.002777466728829614,0.0002151185871201999
2023-08-23,1,0.01104487996597259,0.0002151185871201999
2023-08-24,1,-0.01345797466314613,0.0002154945386581009
2023-08-25,1,0.006717966037625089,0.000216622180507331
2023-08-28,1,0.006264619755036449,0.0002154945386581009
2023-08-29,1,0.01450830719454621,0.0002147426001102293
2023-08-30,1,0.003833182103508026,0.0002147426001102293
2023-08-31,1,-0.001596936512094249,0.0002147426001102293
2023-09-01,1,0.001799129260001031,0.0002136144261815076
2023-09-05,1,-0.004194177587506065,0.0002143665776215276
2023-09-06,1,-0.006971599351452862,0.0002143665776215276
2023-09-07,1,-0.003211265936186036,0.0002136144261815076
2023-09-08,1,0.001426622721640625,0.0002143665776215276
2023-09-11,1,0.006723453106275201,0.0002143665776215276
2023-09-12,1,-0.005695885604828921,0.0002147426001102293
2023-09-13,1,0.001241632305464702,0.0002143665776215276
2023-09-14,1,0.00842991886716793,0.0002143665776215276
2023-09-15,1,-0.01215961293867784,0.0002147426001102293
2023-09-18,1,0.0007212876971294246,0.0002143665776215276
2023-09-19,1,-0.002151010615372817,0.0002139905196476555
2023-09-20,1,-0.0093947947580596,0.0002147426001102293
2023-09-21,1,-0.01640093410321941,0.0002151185871201999
2023-09-22,1,-0.002295598477193961,0.0002147426001102293
2023-09-25,1,0.004023065090941635,0.0002154945386581009
2023-09-26,1,-0.01473453399086821,0.0002154945386581009
2023-09-27,1,0.0002293140607452226,0.0002154945386581009
2023-09-28,1,0.005893173970516585,0.0002147426001102293
2023-09-29,1,-0.002709582086142026,0.0002143665776215276
2023-10-02,1,7.936755559079245e-05,0.0002169979902246766
2023-10-03,1,-0.01374407167425951,0.0002169979902246766
2023-10-04,1,0.008109754957160709,0.000216622180507331
2023-10-05,1,-0.001304030159777203,0.000216622180507331
2023-10-06,1,0.01181489301464445,0.0002173737645034812
2023-10-09,1,0.00630385429964031,0.0002173737645034812
2023-10-10,1,0.005207990781392224,0.000216622180507331
2023-10-11,1,0.00429300817103373,0.000216622180507331
2023-10-12,1,-0.00624643434611849,0.0002173737645034812
2023-10-13,1,-0.005018858888767519,0.0002169979902246766
2023-10-16,1,0.01059436938392988,0.000216622180507331
2023-10-17,1,-9.824505308242415e-05,0.0002169979902246766
2023-10-18,1,-0.01339982050651645,0.000216622180507331
2023-10-19,1,-0.008482848196321058,0.000216246335345005
2023-10-20,1,-0.01258528371902756,0.0002154945386581009
2023-10-23,1,-0.001685569894163463,0.0002154945386581009
2023-10-24,1,0.007265792222727274,0.0002154945386581009
2023-10-25,1,-0.01433962862771254,0.0002158704547308155
2023-10-26,1,-0.01183251977810962,0.0002158704547308155
2023-10-27,1,-0.004800280229768528,0.0002158704547308155
2023-10-30,1,0.0120100223258599,0.000216246335345005
2023-10-31,1,0.006474957307233353,0.0002158704547308155
2023-11-01,1,0.01050599948631392,0.0002151185871201999
2023-11-02,1,0.01885855702012762,0.0002139905196476555
2023-11-03,1,0.009393730253031363,0.0002136144261815076
2023-11-06,1,0.001752992422035637,0.0002147426001102293
2023-11-07,1,0.002840118919285262,0.0002143665776215276
2023-11-08,1,0.001004915622105251,0.0002139905196476555
2023-11-09,1,-0.008083839306732843,0.0002139905196476555
2023-11-10,1,0.0156164410948525,0.0002136144261815076
2023-11-13,1,-0.0008358389332403515,0.0002143665776215276
2023-11-14,1,0.01907501770366182,0.0002132382972168667
2023-11-15,1,0.001597012075557513,0.0002136144261815076
2023-11-16,1,0.001190427393579885,0.0002128621327464053
2023-11-17,1,0.001282049060336021,0.0002124859327639061
2023-11-20,1,0.007390278097329839,0.0002139905196476555
2023-11-21,1,-0.002020931095065293,0.0002136144261815076
2023-11-22,1,0.00406112922094648,0.0002139905196476555
2023-11-24,1,0.0005968736678840791,0.0002139905196476555
2023-11-27,1,-0.001954157460090089,0.0002121096972624859
2023-11-28,1,0.0009801185306033133,0.0002113571196757924
2023-11-29,1,-0.0009462486392383118,0.0002106043999325902
2023-11-30,1,0.003784072858156406,0.0002106043999325902
2023-12-01,1,0.005873742123607695,0.0002098515379793664
2023-12-04,1,-0.005408509126972105,0.0002109807775771966
2023-12-05,1,-0.0005688697261614362,0.0002106043999325902
2023-12-06,1,-0.003906202808869552,0.0002106043999325902
2023-12-07,1,0.007968189065892917,0.0002102279867355339
2023-12-08,1,0.00409549786994079,0.0002102279867355339
2023-12-11,1,0.003924494286698943,0.0002113571196757924
2023-12-12,1,0.00459935752021523,0.0002109807775771966
2023-12-13,1,0.013650676351046,0.0002102279867355339
2023-12-14,1,0.002647062484699259,0.0002098515379793664
2023-12-15,1,-7.62494933082003e-05,0.0002102279867355339
2023-12-18,1,0.004528344366900416,0.0002109807775771966
2023-12-19,1,0.005866407818910568,0.0002098515379793664
2023-12-20,1,-0.01468426691100677,0.0002102279867355339
2023-12-21,1,0.01030146782120256,0.0002094750536569823
2023-12-22,1,0.001660058526886887,0.0002102279867355339
2023-12-26,1,0.00423168946551078,0.0002106043999325902
2023-12-27,1,0.001430457746478764,0.0002102279867355339
2023-12-28,1,0.0003701746080437829,0.0002106043999325902
2023-12-29,1,-0.002826475013374963,0.0002087219782871408
2024-01-02,1,-0.005660579005492328,0.0002109807775771966
2024-01-03,1,-0.008016314922730805,0.000211733426235261
2024-01-04,1,-0.003428381297357008,0.000211733426235261
2024-01-05,1,0.001825686178802632,0.0002113571196757924
2024-01-08,1,0.01411462930984664,0.0002121096972624859
2024-01-09,1,-0.001477900679908162,0.0002113571196757924
2024-01-10,1,0.00566597189372442,0.0002109807775771966
2024-01-11,1,-0.0006710555783868699,0.0002109807775771966
2024-01-12,1,0.0007509755941104146,0.0002106043999325902
2024-01-16,1,-0.003731340236743153,0.0002106043999325902
2024-01-17,1,-0.005616897183990499,0.0002113571196757924
2024-01-18,1,0.008805260963896,0.0002106043999325902
2024-01-19,1,0.01231350276493615,0.0002106043999325902
2024-01-22,1,0.002194325202627079,0.0002109807775771966
2024-01-23,1,0.002921374261968035,0.0002106043999325902
2024-01-24,1,0.0008119284117831249,0.0002102279867355339
2024-01-25,1,0.005260365527706368,0.0002102279867355339
2024-01-26,1,-0.0006517852510764532,0.0002102279867355339
2024-01-29,1,0.007556774896180896,0.0002094750536569823
2024-01-30,1,-0.0006006499345398986,0.0002094750536569823
2024-01-31,1,-0.01610574461159797,0.0002094750536569823
2024-02-01,1,0.01249368821160979,0.0002094750536569823
2024-02-02,1,0.01068444607751462,0.0002098515379793664
2024-02-05,1,-0.003186337526672189,0.0002094750536569823
2024-02-06,1,0.002310410826963594,0.0002102279867355339
2024-02-07,1,0.008241457963390042,0.0002098515379793664
2024-02-08,1,0.0005705832608251526,0.0002102279867355339
2024-02-09,1,0.005742341525559524,0.0002102279867355339
2024-02-12,1,-0.0009489536011326738,0.0002098515379793664
2024-02-13,1,-0.01367425565362546,0.0002106043999325902
2024-02-14,1,0.009579763275017639,0.0002098515379793664
2024-02-15,1,0.005821250684729495,0.0002098515379793664
2024-02-16,1,-0.004803469837112107,0.0002102279867355339
2024-02-20,1,-0.006005322001165325,0.0002102279867355339
2024-02-21,1,0.001264199922982101,0.0002102279867355339
2024-02-22,1,0.02112288421741404,0.0002106043999325902
2024-02-23,1,0.0003479475462115911,0.0002109807775771966
2024-02-26,1,-0.003786751350190576,0.0002113571196757924
2024-02-27,1,0.001706349699399867,0.0002106043999325902
2024-02-28,1,-0.001658155060430544,0.0002106043999325902
2024-02-29,1,0.005229094697149161,0.0002106043999325902
2024-03-01,1,0.00800782894888763,0.0002094750536569823
2024-03-04,1,-0.001193262070918966,0.000211733426235261
2024-03-05,1,-0.01019310088344461,0.0002113571196757924
2024-03-06,1,0.005141103203274655,0.0002113571196757924
2024-03-07,1,0.01030412792595148,0.0002113571196757924
2024-03-08,1,-0.006528519003437983,0.0002109807775771966
2024-03-11,1,-0.001122238087346461,0.000211733426235261
2024-03-12,1,0.0112017879813664,0.000211733426235261
2024-03-13,1,-0.001924529715340739,0.000211733426235261
2024-03-14,1,-0.002871091562127392,0.000211733426235261
2024-03-15,1,-0.006482917484461503,0.000211733426235261
2024-03-18,1,0.006318059504952345,0.000211733426235261
2024-03-19,1,0.005649149650123642,0.000211733426235261
2024-03-20,1,0.008904173912846591,0.0002113571196757924
2024-03-21,1,0.003236535401516027,0.000211733426235261
2024-03-22,1,-0.00140218784901569,0.0002109807775771966
2024-03-25,1,-0.00305496445250153,0.0002109807775771966
2024-03-26,1,-0.002799795225030266,0.0002109807775771966
2024-03-27,1,0.008630626525532925,0.0002106043999325902
2024-03-28,1,0.001116485507179021,0.0002109807775771966
2024-04-01,1,-0.002013584540116464,0.0002102279867355339
2024-04-02,1,-0.00723905907316913,0.0002094750536569823
2024-04-03,1,0.001091122364688113,0.0002094750536569823
2024-04-04,1,-0.01233433635037962,0.0002090985337617202
2024-04-05,1,0.01109919417433169,0.0002098515379793664
2024-04-08,1,-0.0003746309983179152,0.0002098515379793664
2024-04-09,1,0.001445493193248382,0.0002098515379793664
2024-04-10,1,-0.009456980649108493,0.0002106043999325902
2024-04-11,1,0.007444797710585593,0.0002106043999325902
2024-04-12,1,-0.01455068829580164,0.0002106043999325902
2024-04-15,0,-0.01202135494776202,0.0002106043999325902
2024-04-16,0,-0.002056507013336151,0.0002106043999325902
2024-04-17,0,-0.005780602724641426,0.0002106043999325902
2024-04-18,0,-0.002208160119998248,0.0002109807775771966
2024-04-19,0,-0.00875854812743615,0.0002106043999325902
2024-04-22,0,0.008731248071466746,0.0002094750536569823
2024-04-23,0,0.01196457627087266,0.0002106043999325902
2024-04-24,0,0.0002130100613548791,0.0002109807775771966
2024-04-25,0,-0.004576430353515626,0.0002113571196757924
2024-04-26,0,0.01020914263474304,0.0002109807775771966
2024-04-29,1,0.003178448666589118,0.0002106043999325902
2024-04-30,1,-0.01573051358686217,0.0002109807775771966
2024-05-01,0,-0.003435438815494019,0.0002109807775771966
2024-05-02,0,0.009128437077573048,0.0002109807775771966
2024-05-03,0,0.01255673972147853,0.0002106043999325902
2024-05-06,1,0.01032612390701182,0.0002106043999325902
2024-05-07,1,0.001343429823275066,0.0002106043999325902
2024-05-08,1,-5.835618166138978e-06,0.0002106043999325902
2024-05-09,1,0.005090947698625836,0.0002109807775771966
2024-05-10,1,0.001649398844549843,0.0002113571196757924
2024-05-13,1,-0.0002413040553572721,0.0002106043999325902
2024-05-14,1,0.004837813139759728,0.0002102279867355339
2024-05-15,1,0.01171592788259623,0.0002106043999325902
2024-05-16,1,-0.002081667792128705,0.0002106043999325902
2024-05-17,1,0.001164773510270223,0.0002109807775771966
2024-05-20,1,0.0009163899374069473,0.0002106043999325902
2024-05-21,1,0.002501874243978186,0.0002106043999325902
2024-05-22,1,-0.002706123039226127,0.0002106043999325902
2024-05-23,1,-0.007380789485015526,0.0002109807775771966
2024-05-24,1,0.00700104258816947,0.0002109807775771966
2024-05-28,1,0.0002488018529340774,0.0002109807775771966
2024-05-29,1,-0.007367046509680453,0.0002109807775771966
2024-05-30,1,-0.005975035585443322,0.0002109807775771966
2024-05-31,1,0.00802787620486467,0.0002109807775771966
2024-06-03,1,0.00111608258067375,0.0002132382972168667
2024-06-04,1,0.001502809091306512,0.0002132382972168667
2024-06-05,1,0.01184764979333131,0.0002128621327464053
2024-06-06,1,-0.0001998166356331765,0.0002128621327464053
2024-06-07,1,-0.00111521973003037,0.0002132382972168667
2024-06-10,1,0.00258085466451452,0.0002132382972168667
2024-06-11,1,0.002710381315137456,0.0002132382972168667
2024-06-12,1,0.008503672791998707,0.0002128621327464053
2024-06-13,1,0.00234465585368171,0.0002128621327464053
2024-06-14,1,-0.000393860697500914,0.0002128621327464053
2024-06-17,1,0.007664386564552705,0.0002132382972168667
2024-06-18,1,0.002521327394745754,0.0002124859327639061
2024-06-20,1,-0.002525931847270901,0.0002124859327639061
2024-06-21,1,-0.001562130321101196,0.0002121096972624859
2024-06-24,1,-0.003065171894990004,0.0002124859327639061
2024-06-25,1,0.003933590015736899,0.0002121096972624859
2024-06-26,1,0.001572431200220326,0.0002124859327639061
2024-06-27,1,0.0009073212238914774,0.0002121096972624859
2024-06-28,1,-0.004083652583445674,0.000211733426235261
2024-07-01,1,0.0026755639309195,0.0002113571196757924
2024-07-02,1,0.006195317856513505,0.0002113571196757924
2024-07-03,1,0.005084444409779065,0.0002113571196757924
2024-07-05,1,0.005448765178485582,0.0002109807775771966
2024-07-08,1,0.001016698964751095,0.0002109807775771966
2024-07-09,1,0.0007410719362856977,0.0002109807775771966
2024-07-10,1,0.01020806529351481,0.0002109807775771966
2024-07-11,1,-0.008763028841120457,0.0002102279867355339
2024-07-12,1,0.005517027074430692,0.0002098515379793664
2024-07-15,1,0.00282620262521549,0.0002098515379793664
2024-07-16,1,0.006389375498743188,0.0002098515379793664
2024-07-17,1,-0.01392754324199375,0.0002098515379793664
2024-07-18,1,-0.007816403936922511,0.0002098515379793664
2024-07-19,1,-0.007140265531926926,0.0002098515379793664
2024-07-22,1,0.01079203564940956,0.0002098515379793664
2024-07-23,1,-0.001558102589770738,0.0002090985337617202
2024-07-24,1,-0.02314909375473495,0.0002087219782871408
2024-07-25,1,-0.005142620237842288,0.0002083453872263608
2024-07-26,1,0.01109046870284636,0.0002079687605724967
2024-07-29,1,0.0008133101292933098,0.0002090985337617202
2024-07-30,1,-0.004960171878030217,0.0002087219782871408
2024-07-31,1,0.0157933986591674,0.0002090985337617202
2024-08-01,1,-0.01369350299345606,0.0002075920983188873
2024-08-02,1,-0.01838186086869675,0.000204577517891158
2024-08-05,1,-0.02996879838863975,0.0002068386669857869
2024-08-06,1,0.01035408588006104,0.0002064618978925292
2024-08-07,1,-0.007734647858502863,0.0002064618978925292
2024-08-08,1,0.02304261151913645,0.0002064618978925292
2024-08-09,1,0.004671676849538509,0.0002060850931726588
2024-08-12,1,4.303397765514916e-05,0.0002060850931726588
2024-08-13,1,0.01684757975355833,0.0002057082528192922
2024-08-14,1,0.0038237284285767,0.0002057082528192922
2024-08-15,1,0.01613324776433078,0.0002064618978925292
2024-08-16,1,0.001989779357261412,0.0002060850931726588
2024-08-19,1,0.009722284736913167,0.0002053313768257681
2024-08-20,1,-0.001984555398297116,0.000204577517891158
2024-08-21,1,0.004239676828782013,0.0002034464620184195
2024-08-22,1,-0.008932805548120926,0.0002042005349363052
2024-08-23,1,0.01148337085011919,0.0002030693720416199
2024-08-26,1,-0.003153726693138181,0.0002026922463773673
2024-08-27,1,0.001595196086545014,0.0002023150850187783
2024-08-28,1,-0.00597597320797616,0.0002015606551915017
2024-08-29,1,-3.937906806072977e-05,0.0002019378879589695
2024-08-30,1,0.01009305177442443,0.0002015606551915017
2024-09-03,1,-0.02115107439771169,0.0002008060825058333
2024-09-04,1,-0.001602543580910387,0.000200428742574088
2024-09-05,1,-0.003018017615584734,0.0001992965083419396
2024-09-06,1,-0.01726024985928465,0.0001985415067551344
2024-09-09,1,0.0115800702824842,0.0001977863620929998
2024-09-10,1,0.004472672652839682,0.000195897874124773
2024-09-11,1,0.01066502588889651,0.0001974087360914201
2024-09-12,1,0.007495302358939249,0.000195897874124773
2024-09-13,1,0.005407711405364557,0.0001924963387716083
2024-09-16,1,0.001256629765661321,0.0001921182111008779
2024-09-17,1,0.0002645500810987134,0.0001917400475455189
2024-09-18,1,-0.002896455862498093,0.0001875778780984216
2024-09-19,1,0.01697685316676334,0.0001860632834149722
2024-09-20,1,-0.001941027395123807,0.00018416923014275
2024-09-23,1,0.002809273058532735,0.0001830323658940092
2024-09-24,1,0.00251117884434704,0.0001818951772043498
2024-09-25,1,-0.001861248930141723,0.0001818951772043498
2024-09-26,1,0.00403867571712313,0.000181516042177865
2024-09-27,1,-0.001253216966990545,0.000181516042177865
2024-09-30,1,0.004236552581176722,0.0001834113566834272
2024-10-01,1,-0.009324107094664358,0.0001826533390556495
2024-10-02,1,0.0001383909021239749,0.0001818951772043498
2024-10-03,1,-0.001681413492255035,0.000181516042177865
2024-10-04,1,0.008970249395274354,0.0001834113566834272
2024-10-07,1,-0.009586022165882668,0.0001849269594886849
2024-10-08,1,0.009689347495581924,0.00018416923014275
2024-10-09,1,0.007113411987488272,0.00018416923014275
2024-10-10,1,-0.002070122839989974,0.00018416923014275
2024-10-11,1,0.006051847587953629,0.0001834113566834272
2024-10-14,1,0.007707666883222331,0.0001834113566834272
2024-10-15,1,-0.007609466332438197,0.0001834113566834272
2024-10-16,1,0.004679145956573816,0.0001830323658940092
2024-10-17,1,-0.0001711604789117471,0.0001837903114307871
2024-10-18,1,0.00397155273894878,0.0001834113566834272
2024-10-21,1,-0.001822769490636977,0.0001834113566834272
2024-10-22,1,-0.0004748538883844189,0.0001830323658940092
2024-10-23,1,-0.009191323428069387,0.0001834113566834272
2024-10-24,1,0.002145772011323821,0.0001822742761612428
2024-10-25,1,-0.0002994471699301338,0.0001834113566834272
2024-10-28,1,0.002651443502033946,0.0001822742761612428
2024-10-29,1,0.001614127248163344,0.0001822742761612428
2024-10-30,1,-0.003300233889343751,0.0001811368710749051
2024-10-31,1,-0.01861470087169959,0.0001799991412381186
2024-11-01,1,0.004092509543626166,0.000178861086465476
2024-11-04,1,-0.002812083478299976,0.0001803784206118042
2024-11-05,1,0.01226564454529133,0.0001799991412381186
2024-11-06,1,0.02529592778642598,0.0001799991412381186
2024-11-07,1,0.007431229727488331,0.0001796198257604242
2024-11-08,1,0.003756833309231711,0.0001796198257604242
2024-11-11,1,0.0009690634297987444,0.0001796198257604242
2024-11-12,1,-0.00289265965137242,0.0001796198257604242
2024-11-13,1,0.000232227724824341,0.0001784816626344554
2024-11-14,1,-0.006049734794859041,0.000178861086465476
2024-11-15,1,-0.01320348985136122,0.0001784816626344554
2024-11-18,1,0.003917814394541086,0.0001796198257604242
2024-11-19,1,0.003963584828470035,0.0001792404741718379
2024-11-20,1,2.195086225209586e-05,0.0001792404741718379
2024-11-21,1,0.005340461540581654,0.0001796198257604242
2024-11-22,1,0.003467959094991535,0.0001796198257604242
2024-11-25,1,0.003020480305938378,0.0001792404741718379
2024-11-26,1,0.005722005647630368,0.000178861086465476
2024-11-27,1,-0.003801238017440034,0.0001784816626344554
2024-11-29,1,0.005607785488815242,0.0001777227065709042
2024-12-02,1,0.002448456466299875,0.0001750652214067561
2024-12-03,1,0.0004514491145146682,0.0001743056142915478
2024-12-04,1,0.006051417924264779,0.0001735458623464137
2024-12-05,1,-0.001869775626924808,0.0001731659320451939
2024-12-06,1,0.002495453842181528,0.0001716458484881667
2024-12-09,1,-0.006144213927296471,0.0001716458484881667
2024-12-10,1,-0.002963883313944371,0.0001712657369763448
2024-12-11,1,0.008165786048233592,0.0001701251848353902
2024-12-12,1,-0.005414022527810203,0.0001689843061407625
2024-12-13,1,-2.646663912420077e-05,0.0001686039406427753
2024-12-16,1,0.003799354326022186,0.0001697449282302976
2024-12-17,1,-0.003863994965801476,0.0001701251848353902
2024-12-18,1,-0.02949284635160343,0.0001693646353342348
2024-12-19,1,-0.0008651123249070469,0.0001689843061407625
2024-12-20,1,0.01086912376891047,0.0001686039406427753
2024-12-23,1,0.007287273468533639,0.0001693646353342348
2024-12-24,1,0.01104275925539211,0.0001708855892015304
2024-12-26,1,-0.000405658786473917,0.0001689843061407625
2024-12-27,1,-0.01105573610123556,0.0001674626262520018
2024-12-30,1,-0.01070199570176678,0.0001697449282302976
2024-12-31,1,-0.004284800394927402,0.0001697449282302976
2025-01-02,1,-0.002223886641222195,0.0001693646353342348
2025-01-03,0,0.01259602672149196,0.0001686039406427753
2025-01-06,0,0.005538045085450305,0.0001689843061407625
2025-01-07,0,-0.01110391288210788,0.0001689843061407625
2025-01-08,0,0.001560360190925314,0.0001689843061407625
2025-01-10,0,-0.01541164380306681,0.0001693646353342348
2025-01-13,0,0.001575444088200761,0.0001697449282302976
2025-01-14,0,0.001146279811244044,0.0001693646353342348
2025-01-15,0,0.01831279227963911,0.0001689843061407625
2025-01-16,0,-0.002112689464192297,0.0001686039406427753
2025-01-17,0,0.009991058969353706,0.0001686039406427753
2025-01-21,0,0.008768227105582893,0.0001693646353342348
2025-01-22,0,0.006137941522227575,0.0001693646353342348
2025-01-23,0,0.00531348622041139,0.0001693646353342348
2025-01-24,0,-0.002855132319398823,0.0001689843061407625
2025-01-27,0,-0.01458071569080954,0.0001678431007052783
2025-01-28,0,0.009217869449967608,0.0001674626262520018
2025-01-29,0,-0.004678895760321544,0.0001674626262520018
2025-01-30,0,0.005275414405311762,0.0001670821154662328
2025-01-31,0,-0.005046825754019935,0.0001674626262520018
2025-02-03,0,-0.007608597684666707,0.0001686039406427753
2025-02-04,0,0.007224881828679752,0.0001682235388331677
2025-02-05,0,0.003908672930614365,0.0001682235388331677
2025-02-06,0,0.003644298722618622,0.0001686039406427753
2025-02-07,0,-0.009464770111542897,0.0001689843061407625
2025-02-10,0,0.006712541085862833,0.0001689843061407625
2025-02-11,0,0.0003395827888592606,0.0001689843061407625
2025-02-12,0,-0.002723866714385736,0.0001689843061407625
2025-02-13,0,0.01042629212223067,0.0001686039406427753
2025-02-14,0,-7.194380749464546e-05,0.0001686039406427753
2025-02-18,0,0.002444987775061191,0.0001686039406427753
2025-02-19,0,0.002376969389917383,0.0001686039406427753
2025-02-20,0,-0.00433418507617167,0.0001682235388331677
2025-02-21,0,-0.01706412670256352,0.0001678431007052783
2025-02-24,0,-0.00496910650440241,0.0001674626262520018
2025-02-25,0,-0.004679730915472358,0.0001670821154662328
2025-02-26,0,0.000136024280046998,0.0001674626262520018
2025-02-27,0,-0.01586455365550987,0.0001678431007052783
2025-02-28,0,0.01585414463498891,0.0001678431007052783
2025-03-03,0,-0.0175967394669998,0.0001689843061407625
2025-03-04,0,-0.01223482660220043,0.0001686039406427753
2025-03-05,0,0.01115927789318794,0.0001689843061407625
2025-03-06,0,-0.0178190070857499,0.0001686039406427753
2025-03-07,0,0.00552061780274804,0.0001686039406427753
2025-03-10,0,-0.0269730913054258,0.0001682235388331677
2025-03-11,0,-0.007567865323653167,0.0001686039406427753
2025-03-12,0,0.004886869929446425,0.0001689843061407625
2025-03-13,0,-0.01389098420683532,0.0001686039406427753
2025-03-14,0,0.02126586908308781,0.0001682235388331677
2025-03-17,0,0.006416130719105961,0.0001686039406427753
2025-03-18,0,-0.01065351211763654,0.0001686039406427753
2025-03-19,0,0.01079849556789458,0.0001682235388331677
2025-03-20,0,-0.002184893152315182,0.0001682235388331677
2025-03-21,0,0.0008246534476661349,0.0001682235388331677
2025-03-24,0,0.01764600014663364,0.0001682235388331677
2025-03-25,0,0.001574333454425147,0.0001682235388331677
2025-03-26,0,-0.01115693492262715,0.0001682235388331677
2025-03-27,0,-0.003306980860763864,0.0001682235388331677
2025-03-28,0,-0.01973722070834405,0.0001682235388331677
2025-03-31,0,0.005538521570653376,0.0001678431007052783
2025-04-01,0,0.003781235455908361,0.0001678431007052783
2025-04-02,0,0.006728194715792668,0.0001678431007052783
2025-04-03,0,-0.04839563335990149,0.0001674626262520018
2025-04-04,0,-0.05974960534553109,0.0001663209848699054
2025-04-07,0,-0.002331472492127395,0.0001667015683410877
2025-04-08,0,-0.01570052456294135,0.0001674626262520018
2025-04-09,0,0.09515387644904849,0.0001689843061407625
2025-04-10,0,-0.03460757958472693,0.0001686039406427753
2025-04-11,0,0.01809209520170896,0.0001686039406427753
2025-04-14,0,0.007944712390868913,0.0001682235388331677
2025-04-15,0,-0.001727780890394714,0.0001682235388331677
2025-04-16,0,-0.0224083715440897,0.0001682235388331677
2025-04-17,0,0.001326838095580207,0.0001686039406427753
2025-04-21,0,-0.02356749302382755,0.0001686039406427753
2025-04-22,0,0.02511720472389523,0.0001682235388331677
2025-04-23,0,0.01666113847096007,0.0001682235388331677
2025-04-24,0,0.02025911370828126,0.0001678431007052783
2025-04-25,0,0.007373133469998461,0.0001678431007052783
2025-04-28,0,0.0006407067039131409,0.0001678431007052783
2025-04-29,0,0.005802410694099036,0.0001674626262520018
2025-04-30,0,0.00147999135976562,0.0001674626262520018
2025-05-01,0,0.006299102138585644,0.0001674626262520018
2025-05-02,0,0.01472657412963474,0.0001682235388331677
2025-05-05,0,-0.006381597588933863,0.0001682235388331677
2025-05-06,0,-0.007693239651855532,0.0001682235388331677
2025-05-07,0,0.00434635623313584,0.0001686039406427753
2025-05-08,0,0.005799775094835535,0.0001686039406427753
2025-05-09,0,-0.0007114809122162891,0.0001686039406427753
2025-05-12,0,0.03255878274900836,0.0001716458484881667
2025-05-13,0,0.007248200983532183,0.0001712657369763448
2025-05-14,0,0.001024415597859818,0.0001712657369763448
2025-05-15,0,0.004132332074135769,0.0001701251848353902
2025-05-16,0,0.007005272294898557,0.0001697449282302976
2025-05-19,0,0.0008761131291423752,0.00017050540515684
2025-05-20,0,-0.003880229448625205,0.0001701251848353902
2025-05-21,0,-0.01613513066101424,0.0001693646353342348
2025-05-22,0,-0.0004448710379429954,0.0001697449282302976
2025-05-23,0,-0.006708297825321674,0.0001693646353342348
2025-05-27,0,0.0204590558452733,0.0001689843061407625
2025-05-28,0,-0.005571225417268844,0.0001689843061407625
2025-05-29,0,0.004011194261904327,0.0001693646353342348
2025-05-30,0,-8.118516130162234e-05,0.0001693646353342348
2025-06-02,0,0.004102041927156908,0.0001724059627510321
2025-06-03,0,0.005800290454605506,0.0001720259237441013
2025-06-04,0,7.36874595066439e-05,0.0001724059627510321
2025-06-05,0,-0.005277383403094138,0.0001724059627510321
2025-06-06,0,0.0102806830100679,0.0001720259237441013
2025-06-09,0,0.0009199480792858594,0.0001724059627510321
2025-06-10,0,0.00548298940767844,0.0001727859655156205
2025-06-11,0,-0.002743888954607865,0.0001727859655156205
2025-06-12,0,0.003822419955717526,0.0001731659320451939
2025-06-13,0,-0.0112963798792507,0.0001727859655156205
2025-06-16,0,0.009392659896159117,0.0001720259237441013
2025-06-17,0,-0.008352184790166306,0.0001716458484881667
2025-06-18,0,-0.0003092402101070313,0.0001716458484881667
2025-06-20,0,-0.002178658486505891,0.00017050540515684
2025-06-23,0,0.009606504133156335,0.0001701251848353902
2025-06-24,0,0.01112172017970181,0.0001701251848353902
2025-06-25,0,-3.286102950417202e-06,0.0001701251848353902
2025-06-26,0,0.008020121275230219,0.00017050540515684
2025-06-27,0,0.005218970885222163,0.00017050540515684
2025-06-30,0,0.005164427424532603,0.0001712657369763448
2025-07-01,0,-0.001118531087121899,0.0001708855892015304
2025-07-02,1,0.004745096791088033,0.0001712657369763448
2025-07-03,1,0.008338955206607324,0.0001716458484881667
2025-07-07,1,-0.007862297279128794,0.0001716458484881667
2025-07-08,1,-0.0007158868810946961,0.0001716458484881667
2025-07-09,1,0.006062103402663555,0.0001716458484881667
2025-07-10,1,0.002746205004445335,0.0001716458484881667
2025-07-11,1,-0.003297522962698474,0.0001712657369763448
2025-07-14,1,0.001407413809457303,0.0001716458484881667
2025-07-15,1,-0.003956298214731202,0.0001716458484881667
2025-07-16,1,0.003193657417327689,0.0001712657369763448
2025-07-17,1,0.00537376740890938,0.0001712657369763448
2025-07-18,1,-9.048620868445933e-05,0.0001708855892015304
2025-07-21,1,0.001399134882868358,0.0001712657369763448
2025-07-22,1,0.0006375316336257875,0.0001712657369763448
2025-07-23,1,0.007811886951519131,0.0001712657369763448
2025-07-24,1,0.0006982236416543941,0.0001716458484881667
2025-07-25,1,0.00397432777929585,0.0001716458484881667
2025-07-28,1,0.0001768581088181786,0.0001708855892015304
2025-07-29,1,-0.002959442388724254,0.0001708855892015304
2025-07-30,1,-0.001249432746649681,0.0001712657369763448
2025-07-31,1,-0.003694819341153011,0.0001712657369763448
2025-08-01,1,-0.01599213314014847,0.0001689843061407625
2025-08-04,1,0.01473710033091602,0.0001689843061407625
2025-08-05,1,-0.004857865996303334,0.0001686039406427753
2025-08-06,1,0.007281907295092482,0.0001678431007052783
2025-08-07,1,-0.0007974800154801898,0.0001678431007052783
2025-08-08,1,0.007799715348974834,0.0001678431007052783
2025-08-11,1,-0.002504127821786328,0.0001686039406427753
2025-08-12,1,0.01134543584661274,0.0001682235388331677
2025-08-13,1,0.003230078882404896,0.0001667015683410877
