DateTime,USD_Position,USD_Return,rf_daily
2007-01-02,,,0.0001962756433240287
2007-01-03,0.0,0.008653861143180341,0.0001955200691088343
2007-01-04,0.0,0.004766462519143921,0.0001951422282697735
2007-01-05,1.0,0.003676441647482376,0.0001955200691088343
2007-01-08,1.0,-0.0003544698129558377,0.0001966533767139289
2007-01-09,1.0,0.001654839150987186,0.0001966533767139289
2007-01-10,1.0,0.00401231975284877,0.0001970310743006909
2007-01-11,1.0,0.00270328775962847,0.0001977863620929998
2007-01-12,1.0,-0.003282133247097585,0.0001970310743006909
2007-01-16,1.0,0.0002352613518536995,0.0001977863620929998
2007-01-17,1.0,-0.0008230416497647663,0.0001981639523118695
2007-01-18,1.0,-0.0008237196053076934,0.0001981639523118695
2007-01-19,1.0,-0.0005888947073514617,0.000198919025429678
2007-01-22,1.0,0.001885411637568613,0.0001985415067551344
2007-01-23,1.0,-0.004116660643853853,0.000198919025429678
2007-01-24,0.0,0.003188901361757202,0.0001985415067551344
2007-01-25,1.0,0.00200139114738751,0.000198919025429678
2007-01-26,0.0,0.001997393581555595,0.0001985415067551344
2007-01-29,1.0,-0.002110697792592875,0.000198919025429678
2007-01-30,1.0,-0.0008225581207913502,0.0001985415067551344
2007-01-31,1.0,-0.004939411677935657,0.0001981639523118695
2007-02-01,0.0,0.0002363390015620581,0.0001985415067551344
2007-02-02,0.0,0.003899348242521139,0.000198919025429678
2007-02-05,1.0,0.001412461721694624,0.0001992965083419396
2007-02-06,1.0,-0.003526128882243462,0.000198919025429678
2007-02-07,0.0,-0.0003538426483700174,0.0001992965083419396
2007-02-08,0.0,-0.0005900065104166297,0.0001996739554988025
2007-02-09,0.0,0.002007152354960962,0.0001992965083419396
2007-02-12,0.0,0.003299148936438012,0.000200428742574088
2007-02-13,1.0,-0.004932450515783837,0.0002000513669073722
2007-02-14,0.0,-0.006255238849203204,0.0001996739554988025
2007-02-15,0.0,-0.002256470533229415,0.0002000513669073722
2007-02-16,0.0,0.0009521985433404989,0.0002000513669073722
2007-02-20,0.0,0.001189274680353014,0.0002008060825058333
2007-02-21,0.0,0.0002375180245459685,0.000200428742574088
2007-02-22,0.0,0.001306265426285202,0.0002008060825058333
2007-02-23,0.0,-0.002964895646404342,0.000200428742574088
2007-02-26,0.0,-0.001665271680226454,0.0002008060825058333
2007-02-27,0.0,-0.005361574485952203,0.000198919025429678
2007-02-28,0.0,0.00107805862807453,0.0001996739554988025
2007-03-01,0.0,0.001316269124724823,0.0001992965083419396
2007-03-02,0.0,0.0007169880302932974,0.0001981639523118695
2007-03-05,0.0,0.004896150854653447,0.0001974087360914201
2007-03-06,0.0,-0.000950705045799527,0.000198919025429678
2007-03-07,0.0,-0.003449517266326363,0.0001981639523118695
2007-03-08,0.0,0.003819523746559028,0.0001974087360914201
2007-03-09,0.0,0.001664677671682879,0.0001974087360914201
2007-03-12,0.0,-0.004510888687728754,0.0001970310743006909
2007-03-13,0.0,-0.001550169955542802,0.0001970310743006909
2007-03-14,0.0,-0.001433210817757491,0.000195897874124773
2007-03-15,0.0,0.0008372167720753776,0.0001955200691088343
2007-03-16,0.0,-0.005377592574104639,0.0001951422282697735
2007-03-19,0.0,0.001922336011794812,0.000195897874124773
2007-03-20,0.0,-0.00335770213870068,0.000195897874124773
2007-03-21,0.0,-0.004091011488246865,0.0001955200691088343
2007-03-22,0.0,0.003866131542860529,0.000195897874124773
2007-03-23,0.0,0.002286706580580278,0.0001966533767139289
2007-03-26,0.0,-0.002401500374324073,0.000195897874124773
2007-03-27,0.0,-0.0008425576947694857,0.0001966533767139289
2007-03-28,0.0,0.000240894380819201,0.000195897874124773
2007-03-29,0.0,0.0007226009812817402,0.0001955200691088343
2007-03-30,0.0,-0.00192557515665559,0.0001951422282697735
2007-04-02,0.0,-0.000723472306438766,0.0001951422282697735
2007-04-03,0.0,0.003378771208118803,0.0001955200691088343
2007-04-04,0.0,-0.002285056379068284,0.0001962756433240287
2007-04-05,0.0,-0.003375105862908345,0.0001951422282697735
2007-04-09,0.0,0.005079803669509886,0.0001943864390943073
2007-04-10,0.0,-0.004813496188011079,0.0001947643516004849
2007-04-11,0.0,-0.0003627422056091678,0.0001951422282697735
2007-04-12,0.0,-0.003628830639988756,0.0001947643516004849
2007-04-13,0.0,-0.00291374875757211,0.0001943864390943073
2007-04-16,0.0,-0.0007305194277387184,0.0001940084907445794
2007-04-17,0.0,-0.002924306868063331,0.0001940084907445794
2007-04-18,0.0,-0.001099889591484771,0.0001936305065439736
2007-04-19,0.0,-0.001223372605022033,0.0001932524864862728
2007-04-20,0.0,0.0,0.0001932524864862728
2007-04-23,0.0,0.001224871078744361,0.0001928744305643715
2007-04-24,0.0,-0.002324379948337785,0.0001928744305643715
2007-04-25,0.0,-0.001471523508170369,0.0001924963387716083
2007-04-26,0.0,0.003929751855887842,0.0001921182111008779
2007-04-27,1.0,-0.002691146430619296,0.0001917400475455189
2007-04-30,0.0,-0.0009812563749848069,0.0001902270343414614
2007-05-01,0.0,0.001841639429086994,0.0001898486912605968
2007-05-02,0.0,0.001715678826793576,0.0001902270343414614
2007-05-03,0.0,0.002569110471750236,0.0001898486912605968
2007-05-04,0.0,-0.00256252705665494,0.0001898486912605968
2007-05-07,0.0,-0.0007340048955438716,0.0001894703122542474
2007-05-08,0.0,0.003183179912573886,0.0001898486912605968
2007-05-09,0.0,0.000976253347287237,0.0001890918973153077
2007-05-10,1.0,0.00329193225447133,0.0001887134464371165
2007-05-11,1.0,-0.002065842350880809,0.0001887134464371165
2007-05-14,0.0,-0.0006089022173089154,0.0001879564368354458
2007-05-15,0.0,-0.003899106811430908,0.0001871992833946123
2007-05-16,0.0,0.0050153353163227,0.00018416923014275
2007-05-17,0.0,0.001947371294831468,0.000186441986059771
2007-05-18,1.0,-0.001457759317625151,0.0001875778780984216
2007-05-21,1.0,0.001946516642939988,0.0001890918973153077
2007-05-22,1.0,0.0003642396682195237,0.0001909836127538256
2007-05-23,1.0,-0.0009710138566251247,0.0001902270343414614
2007-05-24,1.0,0.001214993396694508,0.0001902270343414614
2007-05-25,1.0,-0.0009707781519183722,0.0001890918973153077
2007-05-29,1.0,-0.000242976703704989,0.0001898486912605968
2007-05-30,0.0,0.001457936461443987,0.0001879564368354458
2007-05-31,1.0,-0.001577062391564854,0.0001834113566834272
2007-06-01,0.0,0.0002429725677388639,0.0001856845447760769
2007-06-04,0.0,-0.003158432181661119,0.000186441986059771
2007-06-05,0.0,-0.002071632634694232,0.0001871992833946123
2007-06-06,0.0,0.0001221411198562006,0.0001860632834149722
2007-06-07,0.0,0.004761897220785904,0.0001860632834149722
2007-06-08,1.0,0.004860876430047956,0.0001849269594886849
2007-06-11,0.0,0.000241826611150131,0.0001834113566834272
2007-06-12,1.0,0.002176282277454034,0.0001830323658940092
2007-06-13,1.0,0.001809645638598534,0.0001807576638885866
2007-06-14,1.0,0.001083770916406657,0.0001803784206118042
2007-06-15,1.0,-0.003368203880042331,0.000176963605925673
2007-06-18,0.0,-0.001689793509074944,0.0001796198257604242
2007-06-19,1.0,-0.002055352083509154,0.0001803784206118042
2007-06-20,0.0,-0.0002423585199787803,0.0001837903114307871
2007-06-21,0.0,0.00254491907913601,0.0001822742761612428
2007-06-22,1.0,-0.004714214954885332,0.0001834113566834272
2007-06-25,0.0,-0.0002428545537498383,0.0001868206527173566
2007-06-26,0.0,-0.0003644166594762854,0.0001868206527173566
2007-06-27,0.0,0.0003645495073900662,0.0001849269594886849
2007-06-28,0.0,0.0001215031130654687,0.0001853057701362015
2007-06-29,0.0,-0.004980003072886152,0.0001868206527173566
2007-07-02,0.0,-0.006469711805948131,0.0001917400475455189
2007-07-03,0.0,0.0004914721197606386,0.0001917400475455189
2007-07-05,0.0,0.001350860984149715,0.0001917400475455189
2007-07-06,0.0,-0.000981136008786243,0.0001917400475455189
2007-07-09,0.0,-0.0003682639287261313,0.0001924963387716083
2007-07-10,0.0,-0.006999873421196456,0.0001917400475455189
2007-07-11,0.0,-0.001607683062536669,0.0001917400475455189
2007-07-12,0.0,-0.001114876298062506,0.0001924963387716083
2007-07-13,0.0,-0.0007440173493038493,0.0001924963387716083
2007-07-16,0.0,-0.0007446660042784714,0.0001928744305643715
2007-07-17,0.0,0.0002484385655108223,0.0001921182111008779
2007-07-18,0.0,-0.00148997697067188,0.0001921182111008779
2007-07-19,0.0,0.0,0.0001928744305643715
2007-07-20,0.0,-0.001616479188980779,0.0001924963387716083
2007-07-23,0.0,0.0007472606539993265,0.0001943864390943073
2007-07-24,0.0,-0.003360256978142573,0.0001943864390943073
2007-07-25,0.0,0.007117878144243139,0.0001932524864862728
2007-07-26,0.0,-0.00247990792129793,0.0001906053415035025
2007-07-27,0.0,0.006215040633521518,0.0001879564368354458
2007-07-30,0.0,-0.001235311647819204,0.0001921182111008779
2007-07-31,0.0,-0.0009895093700007518,0.0001921182111008779
2007-08-01,0.0,0.001238159064900879,0.0001894703122542474
2007-08-02,0.0,-0.001978529203353285,0.0001894703122542474
2007-08-03,0.0,-0.006566705306763398,0.0001879564368354458
2007-08-06,0.0,0.0008730318602867548,0.0001890918973153077
2007-08-07,0.0,0.002866085444655386,0.0001913618480988699
2007-08-08,0.0,-0.00173964976643981,0.0001917400475455189
2007-08-09,0.0,0.004978859150012838,0.000186441986059771
2007-08-10,0.0,-0.0007430958655086917,0.0001773431743243847
2007-08-13,0.0,0.004586052865424906,0.0001837903114307871
2007-08-14,1.0,0.005428683472482376,0.0001799991412381186
2007-08-15,1.0,0.004049599211014332,0.0001636558822910583
2007-08-16,1.0,-0.001099930802081373,0.0001476277252221436
2007-08-17,1.0,-0.003670659971071188,0.0001464803860140584
2007-08-20,1.0,-0.0003683995970090725,0.0001219247839796544
2007-08-21,1.0,0.001105606095867406,0.0001399725495365711
2007-08-22,1.0,-0.002945120506331889,0.0001430363848669014
2007-08-23,1.0,-0.001353853665865379,0.0001514498050398938
2007-08-24,1.0,-0.005792472568875606,0.0001647982873829168
2007-08-27,0.0,0.0008677289749978723,0.0001796198257604242
2007-08-28,0.0,0.0002477616174165753,0.0001708855892015304
2007-08-29,0.0,-0.00074300627044388,0.0001548865451408421
2007-08-30,0.0,0.001115290838770155,0.0001495392233976656
2007-08-31,0.0,0.0,0.0001560314667898854
2007-09-04,0.0,0.001113953915964583,0.0001735458623464137
2007-09-05,0.0,-0.003214571163019597,0.0001693646353342348
2007-09-06,0.0,-0.001860599364532645,0.0001667015683410877
2007-09-07,0.0,-0.00633779207771723,0.0001583203236481534
2007-09-10,0.0,-0.001750867824554803,0.000154123081238744
2007-09-11,0.0,-0.001503417026319731,0.0001598454981310837
2007-09-12,0.0,-0.004265951705260673,0.0001567945651683722
2007-09-13,0.0,0.001890140180509814,0.0001587016720010492
2007-09-14,0.0,0.001383481416125321,0.0001560314667898854
2007-09-17,0.0,0.00125594662988604,0.0001613700890652492
2007-09-18,0.0,-0.00639741756674761,0.0001560314667898854
2007-09-19,0.0,0.001136270273013995,0.0001529776110411607
2007-09-20,0.0,-0.009079460189089672,0.0001476277252221436
2007-09-21,0.0,0.0002544749631006038,0.0001457153096315889
2007-09-24,0.0,-0.0008905813763757653,0.0001495392233976656
2007-09-25,0.0,-0.002801492730458599,0.0001476277252221436
2007-09-26,0.0,0.002298560985666054,0.0001453327163460916
2007-09-27,0.0,-0.001911090966510876,0.0001445674195510449
2007-09-28,0.0,-0.007914158107863334,0.0001487747341608614
2007-10-01,0.0,0.002316010066245822,0.0001525957144554724
2007-10-02,0.0,0.005134807677070752,0.000154123081238744
2007-10-03,0.0,0.003448232854958322,0.000154123081238744
2007-10-04,0.0,-0.001145428767216239,0.000154123081238744
2007-10-05,0.0,-0.002166230773037126,0.0001556498627912628
2007-10-08,0.0,0.004597121971331886,0.0001556498627912628
2007-10-09,0.0,-0.001779577893821549,0.0001579389387953434
2007-10-10,0.0,-0.001910117511913834,0.0001579389387953434
2007-10-11,0.0,-0.00382744874809493,0.0001602267005549329
2007-10-12,0.0,0.001793024927834397,0.0001632750077988909
2007-10-15,0.0,-0.001662041431649719,0.0001670821154662328
2007-10-16,0.0,0.002048964907323647,0.0001651790163088585
2007-10-17,0.0,-0.001661306752945291,0.0001560314667898854
2007-10-18,0.0,-0.006784516001756002,0.0001464803860140584
2007-10-19,0.0,-0.002319792296385903,0.0001503035659893293
2007-10-22,0.0,0.008396768708622826,0.0001556498627912628
2007-10-23,0.0,-0.006021025306211847,0.0001548865451408421
2007-10-24,0.0,-0.0005154438461196786,0.000149921413020726
2007-10-25,0.0,-0.003481679714193331,0.0001533594710290132
2007-10-26,0.0,-0.003234989699132496,0.000154123081238744
2007-10-29,0.0,-0.002466603198977513,0.0001560314667898854
2007-10-30,0.0,-0.0009109799344134695,0.000154123081238744
2007-10-31,0.0,-0.003777429970214796,0.0001533594710290132
2007-11-01,0.0,0.001438192679512396,0.0001483924345326848
2007-11-02,0.0,-0.003264133854989137,0.0001407387292562401
2007-11-05,0.0,0.001178988362624311,0.0001445674195510449
2007-11-06,0.0,-0.005102700354457923,0.0001464803860140584
2007-11-07,0.0,-0.008285076878389752,0.0001361394395134052
2007-11-08,0.0,0.0006629813013574459,0.0001319187551955814
2007-11-09,0.0,-0.0007950909001017692,0.000127693595368239
2007-11-12,0.0,0.006631299600549534,0.000127693595368239
2007-11-13,0.0,-0.0002635608966901071,0.0001365229164898007
2007-11-14,0.0,-0.0009225052366625963,0.0001330702943709294
2007-11-15,0.0,0.003429654987516795,0.0001288463560800146
2007-11-16,0.0,-0.003154960756307945,0.0001326864849549025
2007-11-19,0.0,-0.0006594098714282071,0.0001326864849549025
2007-11-20,0.0,-0.007521769649063925,0.0001269249029072217
2007-11-21,0.0,-0.001861446501165265,0.0001207700187790817
2007-11-23,0.0,-0.000266373293561939,0.0001261560621235169
2007-11-26,0.0,-0.002531677997070991,0.0001223096313556216
2007-11-27,0.0,0.003205955941928629,0.0001234639505107715
2007-11-28,0.0,-0.0002662668904487298,0.0001192298110723744
2007-11-29,0.0,0.006792681065505679,0.000116918382634168
2007-11-30,0.0,0.007408456345004089,0.0001230792146138526
2007-12-03,0.0,-0.002889050772091672,0.0001196149188178453
2007-12-04,0.0,-0.003160777858619013,0.0001199999893457537
2007-12-05,0.0,0.009512500957580272,0.0001199999893457537
2007-12-06,1.0,-0.0003927026207732887,0.0001207700187790817
2007-12-07,1.0,-0.001178271028107414,0.0001219247839796544
2007-12-10,1.0,-0.003014855868048394,0.0001192298110723744
2007-12-11,0.0,0.002103650634305065,0.0001149911674716009
2007-12-12,1.0,-0.001049617289076599,0.0001126772781681051
2007-12-13,0.0,0.00551613044801802,0.0001122914992774948
2007-12-14,1.0,0.01149431701769599,0.0001126772781681051
2007-12-17,1.0,-0.0005165407317440085,0.0001199999893457537
2007-12-18,1.0,0.0001292265637375944,0.0001188446661026799
2007-12-19,1.0,0.002325186245526023,0.0001138343907851613
2007-12-20,1.0,0.002577710878677308,0.0001142200203299026
2007-12-21,1.0,-0.0008998546599868762,0.000117303713834449
2007-12-24,1.0,-0.001930024749394188,0.0001299987833880412
2007-12-26,1.0,-0.005414440770886486,0.0001296146779850016
2007-12-27,1.0,-0.006999363640274314,0.0001238486492622926
2007-12-28,0.0,-0.005090711219701283,0.0001242333108759652
2007-12-31,0.0,0.006297503540431348,0.0001311508774854975
2008-01-02,0.0,-0.009517545718178755,0.000127309267674347
2008-01-03,1.0,-0.001053071340913481,0.0001265405010593135
2008-01-04,1.0,-0.001317676570369519,0.0001250025227172991
2008-01-07,1.0,0.00501381777051968,0.000127693595368239
2008-01-08,1.0,-0.0007876796643827566,0.0001269249029072217
2008-01-09,1.0,0.00407302005134369,0.0001257715860927267
2008-01-10,1.0,-0.006411906248496191,0.0001265405010593135
2008-01-11,1.0,0.000658541440232252,0.0001207700187790817
2008-01-14,1.0,-0.004869738486899755,0.0001246179353584509
2008-01-15,1.0,-0.0005290426557921224,0.0001238486492622926
2008-01-16,0.0,0.009130639727308543,0.0001226944415644304
2008-01-17,1.0,-0.001180225082138997,0.0001199999893457537
2008-01-18,1.0,0.002756978988063929,0.0001119056830320986
2008-01-22,1.0,-0.0003927570093691379,9.217935190308779e-05
2008-01-23,1.0,0.0006549188311346654,8.6747152605815e-05
2008-01-24,1.0,-0.009293181548329699,9.295477615278713e-05
2008-01-25,1.0,0.003699283528410868,9.024013079850235e-05
2008-01-28,1.0,-0.005133597253940247,9.179158318017855e-05
2008-01-29,0.0,-0.0005292526403579689,8.946417800981266e-05
2008-01-30,0.0,-0.006751418189692382,8.6747152605815e-05
2008-01-31,0.0,0.001999220689315795,7.702833764056116e-05
2008-02-01,0.0,0.003591336019824753,8.24737943578846e-05
2008-02-04,0.0,-0.001060228030426935,8.907614494035876e-05
2008-02-05,0.0,0.009950908487050825,8.597051920578025e-05
2008-02-06,1.0,0.000262698927284255,8.24737943578846e-05
2008-02-07,1.0,0.01050700102667168,8.519373439619393e-05
2008-02-08,1.0,-0.00350928338826817,8.75236346555841e-05
2008-02-11,1.0,-0.001173814269465834,9.062805053217105e-05
2008-02-12,1.0,-0.003395170149043225,9.062805053217105e-05
2008-02-13,1.0,0.001048242025348367,8.946417800981266e-05
2008-02-14,1.0,-0.003272251243546354,9.062805053217105e-05
2008-02-15,1.0,-0.0006566388805759882,8.6747152605815e-05
2008-02-19,0.0,-0.001314040422157214,8.946417800981266e-05
2008-02-20,0.0,0.001578983507658283,8.829996541415142e-05
2008-02-21,1.0,-0.006831374851523964,8.635885482832784e-05
2008-02-22,0.0,-0.001058225299859883,8.635885482832784e-05
2008-02-25,0.0,0.0001324435470746455,8.635885482832784e-05
2008-02-26,0.0,-0.01019458037218279,8.402827315934225e-05
2008-02-27,0.0,-0.007356915944913611,7.780671582890974e-05
2008-02-28,0.0,-0.006602855003565944,7.469229028500557e-05
2008-02-29,0.0,-0.0001356773747266393,7.274453736161313e-05
2008-03-03,0.0,-0.0001356957855745966,6.689555910033285e-05
2008-03-04,0.0,-0.0005426497664701158,6.533438035116745e-05
2008-03-05,0.0,-0.002443664081276387,6.025632059736274e-05
2008-03-06,0.0,-0.006532435152485583,5.478039315431893e-05
2008-03-07,0.0,0.0004109421821489878,5.71281408126012e-05
2008-03-10,0.0,-0.000547732660495126,5.321445913253342e-05
2008-03-11,0.0,0.003973159665912052,5.83014960653383e-05
2008-03-12,0.0,-0.01200869634384583,5.83014960653383e-05
2008-03-13,0.0,-0.004558036244470709,5.321445913253342e-05
2008-03-14,0.0,-0.005688858532689633,4.655236478057212e-05
2008-03-17,0.0,-0.002791021035664198,4.380590832075981e-05
2008-03-18,0.0,0.001539331258898269,3.634168329846865e-05
2008-03-19,0.0,0.00796422659291185,2.413310991267181e-05
2008-03-20,0.0,0.008455788959142785,2.492188974012599e-05
2008-03-24,0.0,0.002749098944909711,4.890496441523062e-05
2008-03-25,0.0,-0.009184348142203147,5.086440351265153e-05
2008-03-26,0.0,-0.01065296978514829,5.086440351265153e-05
2008-03-27,0.0,0.002097630001368866,5.125617572176999e-05
2008-03-28,0.0,0.0002790488702832938,5.243126126464048e-05
2008-03-31,0.0,0.001674145453001152,5.438896734411003e-05
2008-04-01,0.0,0.01058488126091151,5.517178051372973e-05
2008-04-02,0.0,-0.004134446423058824,5.556312942989194e-05
2008-04-03,0.0,-0.0005535692547024018,5.517178051372973e-05
2008-04-04,0.0,-0.002769379316756138,5.321445913253342e-05
2008-04-07,0.0,0.002499310102274332,5.71281408126012e-05
2008-04-08,0.0,0.0004156012459795022,5.556312942989194e-05
2008-04-09,0.0,-0.005537886020885896,5.164790941170061e-05
2008-04-10,0.0,0.004037322958858169,5.008074350687508e-05
2008-04-11,0.0,-0.004298463341405934,4.69445612010233e-05
2008-04-14,0.0,0.0009747903802266311,4.262827574930128e-05
2008-04-15,0.0,0.001947682178601973,4.341340280400452e-05
2008-04-16,0.0,-0.008469772415849675,4.419837517355418e-05
2008-04-17,0.0,0.003780935852404577,4.851296093222324e-05
2008-04-18,0.0,0.004603820168104233,5.321445913253342e-05
2008-04-21,0.0,-0.004999313979612174,5.282287944297082e-05
2008-04-22,0.0,-0.004466150565379134,5.008074350687508e-05
2008-04-23,0.0,0.006869449757341828,4.968885569511805e-05
2008-04-24,0.0,0.0100250796959418,4.968885569511805e-05
2008-04-25,0.0,0.003446374370619676,5.282287944297082e-05
2008-04-28,0.0,0.0,5.634571196244664e-05
2008-04-29,0.0,0.001373794104456039,5.75192976255412e-05
2008-04-30,1.0,-0.00521329752503652,5.634571196244664e-05
2008-05-01,0.0,0.01061917832549164,5.71281408126012e-05
2008-05-02,1.0,0.003002200114190945,5.908354097372559e-05
2008-05-05,1.0,-0.004217653858418324,6.025632059736274e-05
2008-05-06,1.0,-0.002596016328300532,6.416309471890536e-05
2008-05-07,1.0,0.006986330633294013,6.572473239052634e-05
2008-05-08,1.0,-0.0004080911226377326,6.533438035116745e-05
2008-05-09,1.0,-0.005851936384474898,6.650532175767054e-05
2008-05-12,1.0,-0.001369008888949197,6.962615083461188e-05
2008-05-13,1.0,0.004386562141342587,7.196516950935816e-05
2008-05-14,1.0,0.001774326310479024,7.157542840707798e-05
2008-05-15,1.0,-0.0006812404730016652,7.196516950935816e-05
2008-05-16,1.0,-0.00695299450361142,7.23548724916867e-05
2008-05-19,0.0,0.002745807079793661,7.157542840707798e-05
2008-05-20,1.0,-0.008762313549100509,7.31341641264649e-05
2008-05-21,0.0,-0.006353578380909775,7.31341641264649e-05
2008-05-22,0.0,0.004726109624023866,7.31341641264649e-05
2008-05-23,0.0,-0.005395675100096198,7.31341641264649e-05
2008-05-27,0.0,0.006259520824352327,7.430281586562337e-05
2008-05-28,0.0,0.002903051209544927,7.430281586562337e-05
2008-05-29,0.0,0.006478202226584351,7.469229028500557e-05
2008-05-30,1.0,-0.001917274665634072,7.430281586562337e-05
2008-06-02,1.0,0.0006861011751131407,7.274453736161313e-05
2008-06-03,1.0,0.004250617815666491,7.274453736161313e-05
2008-06-04,1.0,0.002457677640987699,7.23548724916867e-05
2008-06-05,1.0,-0.00517566416364601,7.274453736161313e-05
2008-06-06,1.0,-0.008899254076278673,7.274453736161313e-05
2008-06-09,0.0,0.006354456255713625,7.430281586562337e-05
2008-06-10,1.0,0.01166778986856176,7.936301616751074e-05
2008-06-11,1.0,-0.006648546595105609,7.702833764056116e-05
2008-06-12,1.0,0.008878589455094898,7.85849419846496e-05
2008-06-13,1.0,0.003926359506239985,7.81958479070255e-05
2008-06-16,1.0,-0.007282547598315037,8.130753713309069e-05
2008-06-17,1.0,-0.001358490331367146,7.81958479070255e-05
2008-06-18,1.0,-0.0009522472152088124,7.586048516672328e-05
2008-06-19,1.0,0.0005446747575921229,7.508172663661661e-05
2008-06-20,1.0,-0.006124177423492916,7.352375279379153e-05
2008-06-23,1.0,0.005477222135628734,7.352375279379153e-05
2008-06-24,1.0,-0.002587531535021115,7.196516950935816e-05
2008-06-25,1.0,-0.004232626537897577,7.118564917729664e-05
2008-06-26,1.0,-0.006033215954546312,6.845612637285114e-05
2008-06-27,0.0,-0.001793312970739369,6.611504619025155e-05
2008-06-30,0.0,0.001381957894936559,7.469229028500557e-05
2008-07-01,0.0,-0.001242014063313812,7.352375279379153e-05
2008-07-02,0.0,-0.004698133955801431,7.157542840707798e-05
2008-07-03,0.0,0.009856991482786626,7.23548724916867e-05
2008-07-07,0.0,-0.0009623274248002911,7.352375279379153e-05
2008-07-08,0.0,0.004678739175067781,7.31341641264649e-05
2008-07-09,1.0,-0.005889608171404159,7.157542840707798e-05
2008-07-10,0.0,-0.001240065651894828,6.572473239052634e-05
2008-07-11,0.0,-0.005380044159766229,6.377258964507249e-05
2008-07-14,0.0,-0.002496536879128874,5.986543241132125e-05
2008-07-15,0.0,-0.0006951532763646018,5.478039315431893e-05
2008-07-16,0.0,0.002643589881047514,5.399750307555351e-05
2008-07-17,0.0,0.00249792272098559,5.634571196244664e-05
2008-07-18,0.0,-0.0006920739734456172,5.83014960653383e-05
2008-07-21,0.0,-0.002770530140915994,5.83014960653383e-05
2008-07-22,0.0,0.00638976383001344,6.10379819414586e-05
2008-07-23,0.0,0.004968952733134691,6.260084472953231e-05
2008-07-24,1.0,0.001648163035377959,6.494399006440332e-05
2008-07-25,0.0,-0.0009598203007171735,6.884617270408455e-05
2008-07-28,1.0,-0.002882227322446917,6.806604185438658e-05
2008-07-29,0.0,0.009084597644223535,6.767591914114135e-05
2008-07-30,0.0,0.0001364361828339877,6.689555910033285e-05
2008-07-31,0.0,-0.00122744596651958,6.611504619025155e-05
2008-08-01,0.0,0.002594494104904754,6.533438035116745e-05
2008-08-04,0.0,0.000544823161603647,6.884617270408455e-05
2008-08-05,1.0,0.005717372368359896,6.884617270408455e-05
2008-08-06,1.0,0.004872775091161907,6.455356152268443e-05
2008-08-07,1.0,0.004175716553186604,6.533438035116745e-05
2008-08-08,1.0,0.01743789898252235,6.689555910033285e-05
2008-08-11,1.0,0.003691480355037857,7.352375279379153e-05
2008-08-12,1.0,0.000262764654967107,7.31341641264649e-05
2008-08-13,1.0,0.0007878865054697926,7.274453736161313e-05
2008-08-14,1.0,0.006035941346263396,7.430281586562337e-05
2008-08-15,1.0,0.006651912722192233,7.274453736161313e-05
2008-08-18,1.0,-0.0007773718367001248,7.157542840707798e-05
2008-08-19,1.0,-0.003630788365134197,7.079583181268667e-05
2008-08-20,1.0,0.001561722440151403,6.728575822556593e-05
2008-08-21,1.0,-0.009875287750410133,6.767591914114135e-05
2008-08-22,1.0,0.008005257674300159,6.689555910033285e-05
2008-08-25,1.0,-0.0002603390665538718,6.845612637285114e-05
2008-08-26,1.0,0.005990351334657085,6.728575822556593e-05
2008-08-27,1.0,-0.002588957258798597,6.572473239052634e-05
2008-08-28,1.0,0.00129783867826605,6.845612637285114e-05
2008-08-29,1.0,0.002981150006353683,6.767591914114135e-05
2008-09-02,1.0,0.008787804721015924,6.767591914114135e-05
2008-09-03,1.0,0.0003843041280440218,6.689555910033285e-05
2008-09-04,1.0,0.006659038248777893,6.650532175767054e-05
2008-09-05,1.0,0.004070725001140474,6.611504619025155e-05
2008-09-08,1.0,0.008361789309046408,6.728575822556593e-05
2008-09-09,1.0,-0.004271847638328885,6.533438035116745e-05
2008-09-10,1.0,0.007570958663988492,6.494399006440332e-05
2008-09-11,1.0,0.003757082748787388,6.338204629385835e-05
2008-09-12,1.0,-0.01472239903569783,5.869253770729443e-05
2008-09-15,1.0,-0.0007597512684097696,4.027196586142701e-05
2008-09-16,1.0,0.002027576039660861,3.319466335782728e-05
2008-09-17,1.0,-0.01226762646322133,1.190298363207276e-06
2008-09-18,1.0,-0.001024351249906852,9.116545717002822e-06
2008-09-19,1.0,-0.004357810209170809,3.90932881320083e-05
2008-09-22,1.0,-0.01969617370347687,5.047259277701777e-05
2008-09-23,0.0,0.004202228344217129,3.162022073865955e-05
2008-09-24,1.0,0.004184643516621067,1.939714872856158e-05
2008-09-25,1.0,0.00260446602236919,3.004515569715593e-05
2008-09-26,1.0,-0.0005195598991718509,3.437508715364856e-05
2008-09-29,0.0,0.006757690618372614,3.712805003863728e-05
2008-09-30,1.0,0.02555822507215777,3.634168329846865e-05
2008-10-01,1.0,0.0001258922166729182,3.358817681675674e-05
2008-10-02,1.0,0.012333291822616,2.492188974012599e-05
2008-10-03,1.0,-0.001616172039616726,2.018686664317926e-05
2008-10-06,1.0,0.01705893149333604,2.137115009137602e-05
2008-10-07,1.0,-0.008692447132957026,3.240751982014345e-05
2008-10-08,1.0,-0.0007409850276550722,2.689315637249834e-05
2008-10-09,1.0,0.003089852783149549,2.373866143035031e-05
2008-10-10,1.0,0.02267122048874004,9.908303843175759e-06
2008-10-13,1.0,-0.01349400899496422,9.908303843175759e-06
2008-10-14,1.0,-0.006350716420483238,1.346926955103633e-05
2008-10-15,1.0,0.008480855902531337,8.720607641343747e-06
2008-10-16,1.0,0.004996904539494196,1.821227827725203e-05
2008-10-17,1.0,-0.0006062990894780684,3.280111102821337e-05
2008-10-20,1.0,0.008372706969420607,4.890496441523062e-05
2008-10-21,1.0,0.01070998081817764,4.341340280400452e-05
2008-10-22,1.0,0.01643058599728553,4.145029499813546e-05
2008-10-23,1.0,-0.0001171621870524886,3.870031805486285e-05
2008-10-24,1.0,0.01265231751795137,3.516184210039519e-05
2008-10-27,1.0,0.005668647037599062,3.319466335782728e-05
2008-10-28,1.0,0.001150333300012019,3.043898033650017e-05
2008-10-29,1.0,-0.02252095957674438,2.452751934667319e-05
2008-10-30,1.0,-0.005995088022334838,1.623671079520328e-05
2008-10-31,1.0,0.0126537337478374,1.821227827725203e-05
2008-11-03,1.0,0.008408282655578247,1.939714872856158e-05
2008-11-04,1.0,-0.01818181496893423,1.900223106310328e-05
2008-11-05,1.0,-0.002005168334430651,1.58414797191142e-05
2008-11-06,1.0,0.01512822089662391,1.26782188460961e-05
2008-11-07,1.0,0.0002329057236358789,1.228263458696865e-05
2008-11-10,1.0,0.0,1.149134821565312e-05
2008-11-11,1.0,0.01350245586389676,1.149134821565312e-05
2008-11-12,1.0,0.004594022364544426,7.136461739776223e-06
2008-11-13,1.0,-0.006059206263866246,8.720607641343747e-06
2008-11-14,1.0,-0.0066712884146235,5.947938814809817e-06
2008-11-17,1.0,0.00521071034115117,4.759061227099792e-06
2008-11-18,1.0,0.006450929659458815,4.759061227099792e-06
2008-11-19,1.0,-0.000686793935011365,2.77680986426887e-06
2008-11-20,1.0,0.00755931371623797,1.190298363207276e-06
2008-11-21,1.0,0.002500866405027891,7.935717540874521e-07
2008-11-24,1.0,-0.02392562140763577,5.155393176359269e-06
2008-11-25,1.0,-0.01254648940614989,3.966279028766451e-06
2008-11-26,1.0,0.007882331399356568,1.98363308512306e-06
2008-11-28,1.0,0.009921775327283777,3.968056356828953e-07
2008-12-01,1.0,0.002311657251465649,2.77680986426887e-06
2008-12-02,1.0,-0.0002306765703338209,2.380241213684187e-06
2008-12-03,1.0,0.00380624962711007,7.935717540874521e-07
2008-12-04,1.0,-0.006779229531955089,7.935717540874521e-07
2008-12-05,1.0,0.007866731674802008,7.935717540874521e-07
2008-12-08,1.0,-0.01790639507354108,1.190298363207276e-06
2008-12-09,1.0,0.003272543095914848,1.190298363207276e-06
2008-12-10,1.0,-0.004193767431442952,0.0
2008-12-11,1.0,-0.0193027779724001,3.968056356828953e-07
2008-12-12,0.0,-0.002266520783205661,7.935717540874521e-07
2008-12-15,0.0,-0.01637975557842464,1.190298363207276e-06
2008-12-16,0.0,-0.01932656378714737,1.586985470813929e-06
2008-12-17,0.0,-0.02193848086726957,1.98363308512306e-06
2008-12-18,0.0,0.007096661165948648,0.0
2008-12-19,0.0,0.02302758025600671,7.935717540874521e-07
2008-12-22,0.0,-0.002583108314688443,3.968056356828953e-07
2008-12-23,0.0,0.001849815423025536,7.935717540874521e-07
2008-12-24,0.0,-0.000369261202433524,0.0
2008-12-26,0.0,-0.003940397714958244,1.190298363207276e-06
2008-12-29,0.0,-0.002596106886601501,2.380241213684187e-06
2008-12-30,0.0,0.002726837132758453,3.966279028766451e-06
2008-12-31,0.0,0.005067936031913245,4.362689847159373e-06
2009-01-02,0.0,0.006518248618996081,3.173339045314805e-06
2009-01-05,0.0,0.009775208792224932,5.551685702931408e-06
2009-01-06,0.0,0.002541131244235828,5.551685702931408e-06
2009-01-07,1.0,-0.006879899883187823,4.362689847159373e-06
2009-01-08,0.0,-0.008993654287167141,3.569828763927418e-06
2009-01-09,0.0,0.01373562342416834,2.77680986426887e-06
2009-01-12,0.0,0.004355104827100886,4.759061227099792e-06
2009-01-13,1.0,0.01505661347318776,4.362689847159373e-06
2009-01-14,1.0,0.001780011057959996,4.759061227099792e-06
2009-01-15,1.0,0.0002369612993937675,4.362689847159373e-06
2009-01-16,1.0,-0.002723867246370526,4.759061227099792e-06
2009-01-20,1.0,0.02386892480801706,5.155393176359269e-06
2009-01-21,1.0,-0.004639312459008171,4.362689847159373e-06
2009-01-22,1.0,-0.003495724223078756,3.966279028766451e-06
2009-01-23,1.0,0.001052431838378221,4.362689847159373e-06
2009-01-26,1.0,-0.01027914083803383,5.551685702931408e-06
2009-01-27,1.0,-0.003540694439654657,5.155393176359269e-06
2009-01-28,1.0,0.002842566183845152,7.532557270595319e-06
2009-01-29,1.0,0.007204448134443098,9.116545717002822e-06
2009-01-30,1.0,0.008442791170371278,9.512444448356305e-06
2009-02-02,1.0,0.0008139499398165384,1.0699904655187e-05
2009-02-03,1.0,-0.01185078014038543,1.26782188460961e-05
2009-02-04,1.0,0.007642491160039233,1.188701104593015e-05
2009-02-05,1.0,0.004200707388227531,1.149134821565312e-05
2009-02-06,1.0,-0.008250047694798646,1.109564608792191e-05
2009-02-09,1.0,-0.006561190024667041,1.26782188460961e-05
2009-02-10,1.0,0.01202968076486499,1.228263458696865e-05
2009-02-11,1.0,-0.00034959538690571,1.188701104593015e-05
2009-02-12,1.0,0.008976501322203179,1.149134821565312e-05
2009-02-13,1.0,-0.0058925721345785,1.149134821565312e-05
2009-02-17,1.0,0.01789866224012826,1.26782188460961e-05
2009-02-18,1.0,0.004909800139137666,1.228263458696865e-05
2009-02-19,1.0,-0.006476533132471873,1.188701104593015e-05
2009-02-20,1.0,-0.01086464491207351,1.0699904655187e-05
2009-02-23,1.0,0.008671522933568765,1.149134821565312e-05
2009-02-24,1.0,-0.004011903744743806,1.26782188460961e-05
2009-02-25,1.0,0.01173902957332107,1.188701104593015e-05
2009-02-26,1.0,-0.002047552015441045,1.0699904655187e-05
2009-02-27,1.0,0.003191596587061474,1.030412390967683e-05
2009-03-02,1.0,0.01056698423590796,1.109564608792191e-05
2009-03-03,1.0,-0.0003372923147448859,1.0699904655187e-05
2009-03-04,1.0,-0.003711638932204053,1.030412390967683e-05
2009-03-05,1.0,0.005983278035009754,7.92861342602258e-06
2009-03-06,1.0,-0.006733233868381205,8.32463021360752e-06
2009-03-09,1.0,0.00564907906374712,9.116545717002822e-06
2009-03-10,1.0,-0.0008987959682580371,9.512444448356305e-06
2009-03-11,1.0,-0.01191945974312625,9.116545717002822e-06
2009-03-12,1.0,-0.002389883668016846,8.720607641343747e-06
2009-03-13,1.0,-0.00262381185631877,7.92861342602258e-06
2009-03-16,1.0,-0.005490144747319348,9.512444448356305e-06
2009-03-17,0.0,-0.0002299786517336866,9.512444448356305e-06
2009-03-18,0.0,-0.02680319593782354,8.32463021360752e-06
2009-03-19,0.0,-0.01737590126733624,7.92861342602258e-06
2009-03-20,0.0,0.008540828917728227,8.720607641343747e-06
2009-03-23,0.0,-0.004890220069458051,8.720607641343747e-06
2009-03-24,0.0,0.005154024974264537,8.32463021360752e-06
2009-03-25,0.0,-0.0005962682016918963,7.532557270595319e-06
2009-03-26,0.0,0.004295437547291225,5.947938814809817e-06
2009-03-27,0.0,0.01116790378822974,5.551685702931408e-06
2009-03-30,0.0,0.008929645526732921,7.136461739776223e-06
2009-03-31,0.0,-0.005124052956010483,8.32463021360752e-06
2009-04-01,0.0,0.000819380716073459,8.720607641343747e-06
2009-04-02,0.0,-0.01228073744745983,8.720607641343747e-06
2009-04-03,1.0,-0.003315557009060388,8.32463021360752e-06
2009-04-06,0.0,0.004752305270056212,7.92861342602258e-06
2009-04-07,0.0,0.008513671790248312,7.92861342602258e-06
2009-04-08,1.0,0.0008207256896801685,7.136461739776223e-06
2009-04-09,1.0,0.005037491824052776,7.136461739776223e-06
2009-04-13,1.0,-0.01340484338042203,7.136461739776223e-06
2009-04-14,0.0,0.0,6.740326825349641e-06
2009-04-15,0.0,0.005198516594744573,5.947938814809817e-06
2009-04-16,0.0,0.001763064441121731,5.155393176359269e-06
2009-04-17,1.0,0.008799718062418416,5.551685702931408e-06
2009-04-20,1.0,0.007676157326663047,5.551685702931408e-06
2009-04-21,1.0,-0.000692492601759187,5.947938814809817e-06
2009-04-22,1.0,-0.004504497359672621,5.551685702931408e-06
2009-04-23,1.0,-0.007773590664361896,3.966279028766451e-06
2009-04-24,0.0,-0.009471440486304328,3.966279028766451e-06
2009-04-27,0.0,0.01168690679340356,5.155393176359269e-06
2009-04-28,1.0,-0.006300972057897924,5.155393176359269e-06
2009-04-29,0.0,-0.008102423810877002,4.362689847159373e-06
2009-04-30,1.0,0.001657385907721798,5.551685702931408e-06
2009-05-01,0.0,-0.0007091071759951495,6.344152519766055e-06
2009-05-04,0.0,-0.006859867653696394,7.532557270595319e-06
2009-05-05,0.0,0.002262741915495026,7.532557270595319e-06
2009-05-06,1.0,-0.004277573606067286,7.532557270595319e-06
2009-05-07,0.0,0.001670637047136658,7.136461739776223e-06
2009-05-08,1.0,-0.01679775579103204,7.532557270595319e-06
2009-05-11,0.0,0.001817539417152236,7.532557270595319e-06
2009-05-12,0.0,-0.004475117866670653,7.532557270595319e-06
2009-05-13,0.0,0.002308376224540609,6.740326825349641e-06
2009-05-14,0.0,-0.002666681463068143,6.344152519766055e-06
2009-05-15,0.0,0.008993654287167141,6.740326825349641e-06
2009-05-18,0.0,-0.004215833392837487,7.532557270595319e-06
2009-05-19,0.0,-0.008346375073114642,7.136461739776223e-06
2009-05-20,0.0,-0.01207618263753496,7.136461739776223e-06
2009-05-21,0.0,-0.00530930135223695,7.532557270595319e-06
2009-05-22,0.0,-0.007447846230192567,7.136461739776223e-06
2009-05-26,0.0,0.002126040156225084,7.136461739776223e-06
2009-05-27,0.0,0.002496001304033379,6.740326825349641e-06
2009-05-28,0.0,0.001244845908648262,5.947938814809817e-06
2009-05-29,0.0,0.0,5.551685702931408e-06
2009-06-01,0.0,-0.0156658228453268,5.155393176359269e-06
2009-06-02,0.0,-0.009725864100985193,5.551685702931408e-06
2009-06-03,0.0,0.01403059250908312,5.551685702931408e-06
2009-06-04,0.0,-0.001132029407429291,5.551685702931408e-06
2009-06-05,0.0,0.01586694936065269,7.92861342602258e-06
2009-06-08,0.0,0.002975151836019929,7.532557270595319e-06
2009-06-09,0.0,-0.01384257441464598,7.532557270595319e-06
2009-06-10,0.0,0.00676777678068996,7.136461739776223e-06
2009-06-11,0.0,-0.01145273432061156,7.532557270595319e-06
2009-06-12,0.0,0.009192742650475205,7.532557270595319e-06
2009-06-15,0.0,0.01247816330940932,6.740326825349641e-06
2009-06-16,1.0,-0.005299486177105406,6.740326825349641e-06
2009-06-17,0.0,-0.006690632160237908,6.740326825349641e-06
2009-06-18,0.0,0.005488367861491206,7.136461739776223e-06
2009-06-19,0.0,-0.004341874103349741,7.532557270595319e-06
2009-06-22,0.0,0.006478901435658768,7.92861342602258e-06
2009-06-23,1.0,-0.0116365740976857,7.92861342602258e-06
2009-06-24,0.0,0.009018051775153024,7.532557270595319e-06
2009-06-25,0.0,-0.001986048132616602,7.136461739776223e-06
2009-06-26,0.0,-0.006467714708855543,7.92861342602258e-06
2009-06-29,0.0,-0.00050076260519194,7.92861342602258e-06
2009-06-30,0.0,0.003632276162689685,7.532557270595319e-06
2009-07-01,0.0,-0.006239860441011991,6.740326825349641e-06
2009-07-02,0.0,0.0065302560642575,6.740326825349641e-06
2009-07-06,0.0,0.003742924724292385,7.532557270595319e-06
2009-07-07,0.0,0.002113185889232705,7.532557270595319e-06
2009-07-08,0.0,0.001860504730517798,7.136461739776223e-06
2009-07-09,0.0,-0.01126651071605511,7.532557270595319e-06
2009-07-10,0.0,0.004633142295945136,7.136461739776223e-06
2009-07-13,0.0,-0.001246492575485925,7.136461739776223e-06
2009-07-14,0.0,0.0006240241291868287,7.136461739776223e-06
2009-07-15,0.0,-0.01072587437114347,7.136461739776223e-06
2009-07-16,0.0,-0.001260696854586851,7.532557270595319e-06
2009-07-17,0.0,0.001640965051942,6.740326825349641e-06
2009-07-20,0.0,-0.005544988285730357,7.532557270595319e-06
2009-07-21,0.0,0.0002534107481737546,7.532557270595319e-06
2009-07-22,0.0,-0.002787295323102845,7.532557270595319e-06
2009-07-23,0.0,0.001143488353856581,7.532557270595319e-06
2009-07-24,0.0,-0.0006345564698134742,7.136461739776223e-06
2009-07-27,0.0,-0.001523844401041696,7.532557270595319e-06
2009-07-28,0.0,0.00279792990446226,7.532557270595319e-06
2009-07-29,0.0,0.009892185090566219,7.532557270595319e-06
2009-07-30,0.0,-0.004269701740772458,7.136461739776223e-06
2009-07-31,0.0,-0.01185524568738117,7.136461739776223e-06
2009-08-03,0.0,-0.009061890214422497,7.532557270595319e-06
2009-08-04,0.0,0.001674359279236537,7.136461739776223e-06
2009-08-05,0.0,-0.003214607313761442,7.136461739776223e-06
2009-08-06,0.0,0.007094982915056836,6.740326825349641e-06
2009-08-07,0.0,0.01152813538359188,7.532557270595319e-06
2009-08-10,0.0,0.003672292149481615,7.532557270595319e-06
2009-08-11,0.0,-0.001009359436013879,7.136461739776223e-06
2009-08-12,0.0,-0.00492547850650793,6.740326825349641e-06
2009-08-13,0.0,-0.00380762848422167,6.740326825349641e-06
2009-08-14,0.0,0.00509621017665407,7.136461739776223e-06
2009-08-17,0.0,0.005070370502897825,7.136461739776223e-06
2009-08-18,1.0,-0.004414156515068934,7.136461739776223e-06
2009-08-19,0.0,-0.005953904309187075,6.740326825349641e-06
2009-08-20,0.0,-0.001146985674589374,6.740326825349641e-06
2009-08-21,0.0,-0.00433779471554907,6.740326825349641e-06
2009-08-24,0.0,0.002947151779098656,6.740326825349641e-06
2009-08-25,0.0,-0.0003832730367125947,6.740326825349641e-06
2009-08-26,0.0,0.005368172415739947,5.947938814809817e-06
2009-08-27,0.0,-0.008263431167268243,5.947938814809817e-06
2009-08-28,0.0,0.00461480067290454,5.947938814809817e-06
2009-08-31,0.0,-0.002552055258737917,5.947938814809817e-06
2009-09-01,0.0,0.007547703480944357,5.551685702931408e-06
2009-09-02,0.0,-0.004824846019623075,5.551685702931408e-06
2009-09-03,0.0,0.001020691934908058,5.947938814809817e-06
2009-09-04,0.0,-0.004078507501379058,5.551685702931408e-06
2009-09-08,0.0,-0.01049398133131862,5.551685702931408e-06
2009-09-09,0.0,-0.00297469422971286,5.551685702931408e-06
2009-09-10,0.0,-0.003502356413184859,5.551685702931408e-06
2009-09-11,0.0,-0.002733651201599852,5.551685702931408e-06
2009-09-14,0.0,0.001174733548800821,5.551685702931408e-06
2009-09-15,0.0,-0.002085997901966175,5.155393176359269e-06
2009-09-16,0.0,-0.003919559030171826,3.966279028766451e-06
2009-09-17,0.0,-0.000655763690505573,3.966279028766451e-06
2009-09-18,0.0,0.003149991548485609,3.173339045314805e-06
2009-09-21,0.0,0.004579333674258779,4.362689847159373e-06
2009-09-22,0.0,-0.00859593700453154,4.362689847159373e-06
2009-09-23,0.0,-0.0009195965882615731,4.362689847159373e-06
2009-09-24,0.0,0.01117683681804205,3.966279028766451e-06
2009-09-25,0.0,-0.00117040267229207,3.966279028766451e-06
2009-09-28,0.0,0.003124664767512497,4.362689847159373e-06
2009-09-29,0.0,0.0009084969766606221,5.155393176359269e-06
2009-09-30,0.0,-0.006094413951819422,5.551685702931408e-06
2009-10-01,0.0,0.007045021588747424,3.966279028766451e-06
2009-10-02,0.0,-0.00246149028885545,3.966279028766451e-06
2009-10-05,0.0,-0.004675332601968396,3.173339045314805e-06
2009-10-06,0.0,-0.003914444860999455,3.173339045314805e-06
2009-10-07,0.0,0.001964913977922977,3.569828763927418e-06
2009-10-08,0.0,-0.006798230586860909,2.380241213684187e-06
2009-10-09,0.0,0.006055009570636871,2.77680986426887e-06
2009-10-12,0.0,-0.003925200190500244,2.77680986426887e-06
2009-10-13,0.0,-0.00197023383548911,2.77680986426887e-06
2009-10-14,0.0,-0.005659387814919592,2.77680986426887e-06
2009-10-15,0.0,-0.0009265346392675067,2.77680986426887e-06
2009-10-16,0.0,0.00158976035838343,2.77680986426887e-06
2009-10-19,0.0,-0.001190427773903102,3.173339045314805e-06
2009-10-20,0.0,0.0007945643874502917,3.173339045314805e-06
2009-10-21,0.0,-0.007939638435147223,2.77680986426887e-06
2009-10-22,0.0,0.001600575099822255,2.380241213684187e-06
2009-10-23,0.0,0.005060659226863606,2.77680986426887e-06
2009-10-26,0.0,0.007817627247219017,3.173339045314805e-06
2009-10-27,1.0,0.001051825317152533,3.173339045314805e-06
2009-10-28,0.0,0.003808785367113821,2.77680986426887e-06
2009-10-29,1.0,-0.006672800395055467,2.380241213684187e-06
2009-10-30,0.0,0.005005333139851631,1.98363308512306e-06
2009-11-02,1.0,-0.0001310895914864441,2.380241213684187e-06
2009-11-03,1.0,0.001310767766693477,2.380241213684187e-06
2009-11-04,1.0,-0.0098180390887872,1.98363308512306e-06
2009-11-05,0.0,0.00132203166218936,1.586985470813929e-06
2009-11-06,0.0,0.001056269254173792,2.380241213684187e-06
2009-11-09,0.0,-0.01041942651948169,2.77680986426887e-06
2009-11-10,0.0,-0.0001333084951778973,2.77680986426887e-06
2009-11-11,0.0,0.001866262667393981,2.77680986426887e-06
2009-11-12,0.0,0.005854108442966188,2.77680986426887e-06
2009-11-13,0.0,-0.003571384239628439,2.380241213684187e-06
2009-11-16,0.0,-0.005575443498425203,2.77680986426887e-06
2009-11-17,0.0,0.00614068965404857,2.380241213684187e-06
2009-11-18,0.0,-0.002520929208999712,1.586985470813929e-06
2009-11-19,0.0,0.001463163207036988,7.935717540874521e-07
2009-11-20,0.0,0.004914367672769204,7.935717540874521e-07
2009-11-23,1.0,-0.007533799849711253,1.98363308512306e-06
2009-11-24,0.0,-0.000266302357725845,1.98363308512306e-06
2009-11-25,0.0,-0.01065676108978286,1.98363308512306e-06
2009-11-27,0.0,0.009829047932261359,1.190298363207276e-06
2009-11-30,0.0,-0.001600036621093759,2.380241213684187e-06
2009-12-01,0.0,-0.006944399868319628,2.380241213684187e-06
2009-12-02,0.0,0.004168875148591544,1.98363308512306e-06
2009-12-03,0.0,-0.000535702645081626,2.380241213684187e-06
2009-12-04,0.0,0.01715136615032886,2.380241213684187e-06
2009-12-07,1.0,-0.001844381666297523,1.586985470813929e-06
2009-12-08,1.0,0.007126843598412202,1.190298363207276e-06
2009-12-09,1.0,-0.003538155572067603,1.190298363207276e-06
2009-12-10,1.0,0.0,7.935717540874521e-07
2009-12-11,1.0,0.006969999643814395,1.190298363207276e-06
2009-12-14,1.0,-0.002873203886377906,1.586985470813929e-06
2009-12-15,1.0,0.007989530092241237,1.98363308512306e-06
2009-12-16,1.0,0.0005197624220789621,1.586985470813929e-06
2009-12-17,1.0,0.008961070667613535,1.586985470813929e-06
2009-12-18,1.0,0.001673281623539857,1.98363308512306e-06
2009-12-21,1.0,0.002827052448803213,3.173339045314805e-06
2009-12-22,1.0,0.002690915966287122,3.173339045314805e-06
2009-12-23,1.0,-0.004472823950429361,2.77680986426887e-06
2009-12-24,1.0,-0.0007702848114623517,1.98363308512306e-06
2009-12-28,1.0,-0.002697830091885955,4.362689847159373e-06
2009-12-29,1.0,0.00257638264476312,3.966279028766451e-06
2009-12-30,1.0,0.001027904781864875,1.98363308512306e-06
2009-12-31,1.0,-0.0006418052805474694,2.380241213684187e-06
2010-01-04,1.0,-0.004238400057382186,3.173339045314805e-06
2010-01-05,1.0,0.001160892154034032,2.77680986426887e-06
2010-01-06,1.0,-0.00167488892311618,2.380241213684187e-06
2010-01-07,1.0,0.005420129176906485,1.98363308512306e-06
2010-01-08,1.0,-0.005647573106459025,1.98363308512306e-06
2010-01-11,1.0,-0.006066880254256724,1.586985470813929e-06
2010-01-12,1.0,-0.0006493902825689402,1.98363308512306e-06
2010-01-13,1.0,-0.001299525381246669,2.380241213684187e-06
2010-01-14,1.0,-0.001561419903318595,1.98363308512306e-06
2010-01-15,1.0,0.007689252079738251,2.380241213684187e-06
2010-01-19,1.0,0.002327991540173713,2.380241213684187e-06
2010-01-20,1.0,0.01083866242439524,1.98363308512306e-06
2010-01-21,1.0,-0.0002552545826037811,2.380241213684187e-06
2010-01-22,1.0,-0.0005107369213892543,2.380241213684187e-06
2010-01-25,1.0,-0.001149672193332063,2.380241213684187e-06
2010-01-26,1.0,0.003069418803885782,2.77680986426887e-06
2010-01-27,1.0,0.003187555769823325,3.173339045314805e-06
2010-01-28,1.0,0.002796151752031184,3.173339045314805e-06
2010-01-29,1.0,0.007097560808158931,3.173339045314805e-06
2010-02-01,1.0,-0.002768704042762971,3.966279028766451e-06
2010-02-02,1.0,-0.002902520617611204,3.966279028766451e-06
2010-02-03,1.0,0.004556392869485615,3.966279028766451e-06
2010-02-04,1.0,0.006929512452196196,3.569828763927418e-06
2010-02-05,1.0,0.006506560114799775,3.966279028766451e-06
2010-02-08,1.0,-0.001740420007451116,4.759061227099792e-06
2010-02-09,1.0,-0.00547948225011452,4.759061227099792e-06
2010-02-10,1.0,0.002128702324643905,4.362689847159373e-06
2010-02-11,1.0,-0.0004998240177118696,4.362689847159373e-06
2010-02-12,1.0,0.004125538690683772,3.966279028766451e-06
2010-02-16,1.0,-0.007719157730798454,3.966279028766451e-06
2010-02-17,1.0,0.00853199913693059,3.966279028766451e-06
2010-02-18,1.0,0.000248871275746243,3.966279028766451e-06
2010-02-19,1.0,0.002985048000182955,4.362689847159373e-06
2010-02-22,1.0,-0.00161206912700762,4.362689847159373e-06
2010-02-23,1.0,0.004223032280080252,4.759061227099792e-06
2010-02-24,1.0,0.0,4.759061227099792e-06
2010-02-25,1.0,-0.0007420848450968576,5.155393176359269e-06
2010-02-26,1.0,-0.005322444613231059,5.155393176359269e-06
2010-03-01,1.0,0.003733238545037709,5.155393176359269e-06
2010-03-02,1.0,-0.001735767576077296,5.551685702931408e-06
2010-03-03,1.0,-0.006706325243982847,5.551685702931408e-06
2010-03-04,1.0,0.007251740151494657,5.551685702931408e-06
2010-03-05,1.0,-0.001613670026782477,5.947938814809817e-06
2010-03-08,1.0,0.0,6.344152519766055e-06
2010-03-09,1.0,0.001989258138850758,6.344152519766055e-06
2010-03-10,1.0,-0.001737180742153899,5.947938814809817e-06
2010-03-11,1.0,-0.001615876424477691,6.344152519766055e-06
2010-03-12,1.0,-0.00610057103624595,5.947938814809817e-06
2010-03-15,1.0,0.005261156949916579,6.740326825349641e-06
2010-03-16,1.0,-0.006230529595015577,6.344152519766055e-06
2010-03-17,1.0,-0.001379317998138729,5.947938814809817e-06
2010-03-18,1.0,0.007282795523603225,6.344152519766055e-06
2010-03-19,1.0,0.006232859541155822,6.344152519766055e-06
2010-03-22,1.0,-0.0008671914490291366,5.947938814809817e-06
2010-03-23,1.0,0.003099813952511576,5.551685702931408e-06
2010-03-24,1.0,0.01161921871795046,5.551685702931408e-06
2010-03-25,1.0,0.003421388333588737,5.551685702931408e-06
2010-03-26,1.0,-0.005358042214928749,5.551685702931408e-06
2010-03-29,1.0,-0.003917723967049813,5.947938814809817e-06
2010-03-30,1.0,0.001352023224266974,6.344152519766055e-06
2010-03-31,1.0,-0.004909801397882663,6.344152519766055e-06
2010-04-01,1.0,-0.003577166851104097,6.344152519766055e-06
2010-04-05,1.0,0.003837553395373394,7.136461739776223e-06
2010-04-06,1.0,0.00369963084605085,6.740326825349641e-06
2010-04-07,1.0,0.0006143635843811612,6.740326825349641e-06
2010-04-08,1.0,0.001105063054920308,6.740326825349641e-06
2010-04-09,1.0,-0.005396816484657951,6.344152519766055e-06
2010-04-12,1.0,-0.006535932953905199,6.344152519766055e-06
2010-04-13,0.0,-0.0006205986082226111,6.344152519766055e-06
2010-04-14,0.0,-0.003974657636733769,6.344152519766055e-06
2010-04-15,1.0,0.003616422330692037,6.344152519766055e-06
2010-04-16,0.0,0.004224606407913889,6.344152519766055e-06
2010-04-19,1.0,0.002227175276608095,6.344152519766055e-06
2010-04-20,1.0,0.0006173216266396331,6.344152519766055e-06
2010-04-21,1.0,0.001357194401107042,5.947938814809817e-06
2010-04-22,1.0,0.005051700520144919,6.344152519766055e-06
2010-04-23,1.0,-0.00269708497641552,6.344152519766055e-06
2010-04-26,1.0,0.001598093242175747,6.344152519766055e-06
2010-04-27,1.0,0.008222853968357091,6.344152519766055e-06
2010-04-28,1.0,0.002799704482861154,6.344152519766055e-06
2010-04-29,1.0,-0.004612736903219616,6.740326825349641e-06
2010-04-30,1.0,-0.001585332358755687,6.344152519766055e-06
2010-05-03,1.0,0.004885719837123936,6.740326825349641e-06
2010-05-04,1.0,0.01251983044511551,6.344152519766055e-06
2010-05-05,1.0,0.009363730500852707,5.947938814809817e-06
2010-05-06,1.0,0.009633652960918226,4.362689847159373e-06
2010-05-07,1.0,-0.00518320702756303,5.155393176359269e-06
2010-05-10,1.0,-0.003433905229274781,6.344152519766055e-06
2010-05-11,1.0,0.003683430906661345,6.344152519766055e-06
2010-05-12,1.0,0.004261875282929761,6.344152519766055e-06
2010-05-13,1.0,0.004479514855779021,6.344152519766055e-06
2010-05-14,1.0,0.01044477642543029,6.344152519766055e-06
2010-05-17,1.0,0.001277591315923532,6.344152519766055e-06
2010-05-18,1.0,0.0110196565099816,6.740326825349641e-06
2010-05-19,1.0,-0.0088343763206572,6.740326825349641e-06
2010-05-20,1.0,-0.009491835867780685,6.740326825349641e-06
2010-05-21,1.0,-0.002337232078479023,6.740326825349641e-06
2010-05-24,1.0,0.009839478866881635,6.740326825349641e-06
2010-05-25,1.0,0.006611758506872345,6.740326825349641e-06
2010-05-26,1.0,0.003917999217191381,6.740326825349641e-06
2010-05-27,1.0,-0.01078974301849556,6.740326825349641e-06
2010-05-28,1.0,0.003481121497974637,6.344152519766055e-06
2010-06-01,1.0,0.001850092813415971,6.344152519766055e-06
2010-06-02,1.0,0.001731319562968903,6.344152519766055e-06
2010-06-03,1.0,0.004032705040085682,5.551685702931408e-06
2010-06-04,1.0,0.01250865245489829,5.551685702931408e-06
2010-06-07,1.0,0.001926761447096359,4.759061227099792e-06
2010-06-08,1.0,-0.0001131463354957507,4.759061227099792e-06
2010-06-09,1.0,-0.005543589400985094,3.966279028766451e-06
2010-06-10,1.0,-0.00830492996884269,3.966279028766451e-06
2010-06-11,1.0,0.003900470051934501,3.173339045314805e-06
2010-06-14,1.0,-0.01142726517642245,2.77680986426887e-06
2010-06-15,1.0,-0.006126445107032419,3.569828763927418e-06
2010-06-16,1.0,0.001163043384703855,3.966279028766451e-06
2010-06-17,1.0,-0.004530661958091819,3.569828763927418e-06
2010-06-18,1.0,0.0001166356231903087,4.362689847159373e-06
2010-06-21,1.0,0.002683819896428963,4.759061227099792e-06
2010-06-22,1.0,0.002094731811201234,5.155393176359269e-06
2010-06-23,1.0,-0.004296861502257943,5.155393176359269e-06
2010-06-24,1.0,-0.0001165676123741077,5.155393176359269e-06
2010-06-25,1.0,-0.004899169274392379,5.155393176359269e-06
2010-06-28,0.0,0.003985511393921115,6.740326825349641e-06
2010-06-29,1.0,0.004436628682407573,5.947938814809817e-06
2010-06-30,1.0,-0.0001162633543227987,7.136461739776223e-06
2010-07-01,1.0,-0.01511271184719432,6.740326825349641e-06
2010-07-02,0.0,-0.003423051361529872,6.740326825349641e-06
2010-07-06,0.0,-0.004145427843847083,6.740326825349641e-06
2010-07-07,0.0,-0.003092318394008808,6.344152519766055e-06
2010-07-08,0.0,0.0,5.947938814809817e-06
2010-07-09,0.0,0.001550909733849526,6.344152519766055e-06
2010-07-12,0.0,0.002977963181512999,6.344152519766055e-06
2010-07-13,0.0,-0.006650802599648342,5.947938814809817e-06
2010-07-14,0.0,-0.002510749473996876,5.947938814809817e-06
2010-07-15,0.0,-0.01042793651443941,5.947938814809817e-06
2010-07-16,0.0,-0.0008478645457146161,5.947938814809817e-06
2010-07-19,0.0,0.0002425054307064745,6.740326825349641e-06
2010-07-20,0.0,0.002908712368874689,6.344152519766055e-06
2010-07-21,0.0,0.007734131596959903,6.344152519766055e-06
2010-07-22,0.0,-0.009473569028775053,6.344152519766055e-06
2010-07-23,0.0,-0.001694907896303444,6.344152519766055e-06
2010-07-26,0.0,-0.004487057369513159,6.344152519766055e-06
2010-07-27,0.0,0.001096406033625374,5.947938814809817e-06
2010-07-28,0.0,0.0,5.947938814809817e-06
2010-07-29,0.0,-0.006570952951107878,5.947938814809817e-06
2010-07-30,0.0,-0.001224871078744472,5.947938814809817e-06
2010-08-02,0.0,-0.007358332933337541,6.344152519766055e-06
2010-08-03,0.0,-0.004200691339628859,6.344152519766055e-06
2010-08-04,0.0,0.003598026315353442,6.344152519766055e-06
2010-08-05,0.0,-0.0008653689622004634,5.947938814809817e-06
2010-08-06,0.0,-0.005072952663486618,5.947938814809817e-06
2010-08-09,0.0,0.003730822145262991,5.947938814809817e-06
2010-08-10,0.0,0.001115152624285853,5.947938814809817e-06
2010-08-11,0.0,0.0184405669244232,5.947938814809817e-06
2010-08-12,0.0,0.004253232108726968,6.344152519766055e-06
2010-08-13,1.0,0.003751180552798772,5.947938814809817e-06
2010-08-16,1.0,-0.005063269251322278,6.344152519766055e-06
2010-08-17,1.0,-0.003634986390409822,6.740326825349641e-06
2010-08-18,0.0,-0.000121636091720112,6.344152519766055e-06
2010-08-19,0.0,0.00279732089667184,6.344152519766055e-06
2010-08-20,1.0,0.007398430963369007,5.947938814809817e-06
2010-08-23,1.0,0.0007224318535039576,6.344152519766055e-06
2010-08-24,1.0,0.0003609092673917402,6.344152519766055e-06
2010-08-25,1.0,0.001322917718977079,6.344152519766055e-06
2010-08-26,1.0,-0.003963509759641104,6.344152519766055e-06
2010-08-27,1.0,-0.0001206093837412547,5.947938814809817e-06
2010-08-30,1.0,0.002894422316255474,5.551685702931408e-06
2010-08-31,1.0,0.0004809197254886932,5.551685702931408e-06
2010-09-01,1.0,-0.0081730808908419,5.155393176359269e-06
2010-09-02,0.0,-0.0007270669054103562,5.551685702931408e-06
2010-09-03,0.0,0.007761331515330427,5.551685702931408e-06
2010-09-07,1.0,-0.003369419788666672,5.551685702931408e-06
2010-09-08,0.0,-0.002777147522109558,5.551685702931408e-06
2010-09-09,0.0,0.0009686624845870462,5.551685702931408e-06
2010-09-10,0.0,0.0003628738352645655,5.551685702931408e-06
2010-09-13,0.0,-0.009552518927264608,5.947938814809817e-06
2010-09-14,0.0,-0.01013309478630431,5.947938814809817e-06
2010-09-15,0.0,0.005056685045088605,5.947938814809817e-06
2010-09-16,0.0,-0.00306786116767277,6.344152519766055e-06
2010-09-17,0.0,0.001969518295380501,6.344152519766055e-06
2010-09-20,0.0,-0.0007371644577820469,6.740326825349641e-06
2010-09-21,0.0,-0.01106459229166612,6.740326825349641e-06
2010-09-22,0.0,-0.007583299252084119,6.344152519766055e-06
2010-09-23,0.0,0.002254795202895288,6.344152519766055e-06
2010-09-24,0.0,-0.007749065492166474,5.947938814809817e-06
2010-09-27,0.0,-0.0006298406870164364,6.344152519766055e-06
2010-09-28,0.0,-0.004159241453135287,6.344152519766055e-06
2010-09-29,0.0,-0.004050116265943982,6.344152519766055e-06
2010-09-30,0.0,0.0003812273270573652,6.344152519766055e-06
2010-10-01,0.0,-0.008003110683982184,6.344152519766055e-06
2010-10-04,0.0,0.004610073341454246,5.155393176359269e-06
2010-10-05,0.0,-0.008922842262237607,4.759061227099792e-06
2010-10-06,0.0,-0.004630232930566747,5.155393176359269e-06
2010-10-07,0.0,0.0,5.155393176359269e-06
2010-10-08,0.0,-0.000904505690351276,4.759061227099792e-06
2010-10-11,0.0,0.001552027251108035,4.759061227099792e-06
2010-10-12,0.0,-0.001033081463488017,5.155393176359269e-06
2010-10-13,0.0,-0.003748719147353974,5.155393176359269e-06
2010-10-14,0.0,-0.005449567543900247,5.551685702931408e-06
2010-10-15,0.0,0.005088054558182398,5.551685702931408e-06
2010-10-18,0.0,-0.00142783760441767,5.947938814809817e-06
2010-10-19,0.0,0.01624853756715638,5.551685702931408e-06
2010-10-20,0.0,-0.01291893236490049,5.551685702931408e-06
2010-10-21,0.0,0.003239600958039324,5.155393176359269e-06
2010-10-22,0.0,0.0006458673849190077,5.155393176359269e-06
2010-10-25,0.0,-0.004776077717204785,5.551685702931408e-06
2010-10-26,0.0,0.007911810926381602,5.551685702931408e-06
2010-10-27,1.0,0.005662108436366831,5.551685702931408e-06
2010-10-28,0.0,-0.01074861101579117,5.155393176359269e-06
2010-10-29,0.0,-0.0005174093492503751,4.759061227099792e-06
2010-11-01,0.0,0.0003883319528279472,5.155393176359269e-06
2010-11-02,0.0,-0.007503257544069331,5.155393176359269e-06
2010-11-03,0.0,-0.003128230708431823,5.155393176359269e-06
2010-11-04,0.0,-0.007845267745548945,5.155393176359269e-06
2010-11-05,0.0,0.0088298078886615,5.155393176359269e-06
2010-11-08,0.0,0.006270355433095398,5.155393176359269e-06
2010-11-09,0.0,0.005322649209486663,5.155393176359269e-06
2010-11-10,1.0,0.002453445325695469,5.155393176359269e-06
2010-11-11,1.0,0.007600205953365302,5.155393176359269e-06
2010-11-12,1.0,-0.00178981574358994,5.155393176359269e-06
2010-11-15,1.0,0.00563517932496671,5.551685702931408e-06
2010-11-16,1.0,0.008787601514335774,5.947938814809817e-06
2010-11-17,1.0,-0.001641172262599522,5.551685702931408e-06
2010-11-18,1.0,-0.005816882572352355,5.947938814809817e-06
2010-11-19,1.0,-0.00152636405990525,5.551685702931408e-06
2010-11-22,1.0,0.00229299751816292,5.947938814809817e-06
2010-11-23,1.0,0.01270971016930988,5.947938814809817e-06
2010-11-24,1.0,0.002384568783616148,6.344152519766055e-06
2010-11-26,1.0,0.00613494236784029,6.344152519766055e-06
2010-11-29,1.0,0.005973067743820115,7.136461739776223e-06
2010-11-30,1.0,0.004453248721670633,6.740326825349641e-06
2010-12-01,1.0,-0.006034456677158073,6.344152519766055e-06
2010-12-02,1.0,-0.005079866650546383,6.344152519766055e-06
2010-12-03,1.0,-0.01145710788761556,5.551685702931408e-06
2010-12-06,0.0,0.002393580851353105,5.947938814809817e-06
2010-12-07,0.0,0.003644601189387808,5.551685702931408e-06
2010-12-08,1.0,0.001753060212602797,5.947938814809817e-06
2010-12-09,1.0,0.0008749961853027344,5.551685702931408e-06
2010-12-10,1.0,0.0,5.155393176359269e-06
2010-12-13,1.0,-0.00986637840062854,5.947938814809817e-06
2010-12-14,0.0,0.001135267011490582,5.947938814809817e-06
2010-12-15,1.0,0.01121329669711724,5.551685702931408e-06
2010-12-16,1.0,-0.0009967833157903394,5.155393176359269e-06
2010-12-17,1.0,0.002369698686493837,4.362689847159373e-06
2010-12-20,1.0,0.003234969490491846,5.551685702931408e-06
2010-12-21,1.0,0.001116259089061877,5.551685702931408e-06
2010-12-22,1.0,0.0001239114975124522,5.551685702931408e-06
2010-12-23,1.0,-0.002849044312765336,5.551685702931408e-06
2010-12-27,1.0,-0.001614872713266657,6.740326825349641e-06
2010-12-28,1.0,-0.0001244511122141523,5.947938814809817e-06
2010-12-29,1.0,-0.006968610681190257,5.155393176359269e-06
2010-12-30,0.0,-0.00350885210505314,4.759061227099792e-06
2010-12-31,0.0,-0.006161945227046939,4.759061227099792e-06
2011-01-03,0.0,0.001265322987038742,5.947938814809817e-06
2011-01-04,0.0,0.003917669641709587,5.551685702931408e-06
2011-01-05,0.0,0.01032225163171452,5.551685702931408e-06
2011-01-06,1.0,0.006603523114754983,5.947938814809817e-06
2011-01-07,1.0,0.002723124374427899,5.551685702931408e-06
2011-01-10,1.0,-0.001604800387412397,5.947938814809817e-06
2011-01-11,1.0,-0.0003709048011324434,5.947938814809817e-06
2011-01-12,1.0,-0.01014223513048906,5.947938814809817e-06
2011-01-13,0.0,-0.01049601837689795,5.947938814809817e-06
2011-01-14,0.0,-0.0003788202850362188,5.947938814809817e-06
2011-01-18,0.0,-0.002526586260536701,6.344152519766055e-06
2011-01-19,0.0,-0.004052681085797372,6.344152519766055e-06
2011-01-20,0.0,0.002288915393855895,6.344152519766055e-06
2011-01-21,0.0,-0.007739160272942969,6.344152519766055e-06
2011-01-24,0.0,-0.002045723495560203,6.344152519766055e-06
2011-01-25,0.0,-0.0006406540653771664,6.344152519766055e-06
2011-01-26,0.0,-0.001282031719501253,6.344152519766055e-06
2011-01-27,0.0,-0.0021822614328042,5.947938814809817e-06
2011-01-28,0.0,0.005145939524119347,5.947938814809817e-06
2011-01-31,0.0,-0.004991672895923172,5.947938814809817e-06
2011-02-01,0.0,-0.008618448512429988,5.947938814809817e-06
2011-02-02,0.0,0.001167821041151429,6.344152519766055e-06
2011-02-03,0.0,0.007646401113124313,5.551685702931408e-06
2011-02-04,0.0,0.003729915312248755,5.947938814809817e-06
2011-02-07,0.0,-0.0001281667877131021,6.344152519766055e-06
2011-02-08,0.0,-0.0003844518744864356,5.947938814809817e-06
2011-02-09,0.0,-0.004615392440404653,5.551685702931408e-06
2011-02-10,0.0,0.007856782781388016,4.759061227099792e-06
2011-02-11,0.0,0.002683694370257506,4.759061227099792e-06
2011-02-14,0.0,0.00191182166236592,5.155393176359269e-06
2011-02-15,1.0,-0.0005088527568599677,5.155393176359269e-06
2011-02-16,1.0,-0.004454607044425796,4.759061227099792e-06
2011-02-17,0.0,-0.002812595464967815,3.569828763927418e-06
2011-02-18,0.0,-0.00435892740885413,3.966279028766451e-06
2011-02-22,0.0,0.001416340146410455,4.759061227099792e-06
2011-02-23,0.0,-0.00462894427794891,4.759061227099792e-06
2011-02-24,0.0,-0.004521458299412862,5.155393176359269e-06
2011-02-25,0.0,0.002854934176916402,5.155393176359269e-06
2011-02-28,0.0,-0.005046576032722627,5.947938814809817e-06
2011-03-01,0.0,0.00208094242917789,5.551685702931408e-06
2011-03-02,0.0,-0.004931925603652965,5.155393176359269e-06
2011-03-03,0.0,-0.002478085516489203,5.155393176359269e-06
2011-03-04,0.0,-0.001046049000302918,4.759061227099792e-06
2011-03-07,0.0,0.001308880525181966,4.362689847159373e-06
2011-03-08,0.0,0.003921608519710018,4.362689847159373e-06
2011-03-09,0.0,-0.00104169046713154,3.966279028766451e-06
2011-03-10,0.0,0.007299238134561348,3.173339045314805e-06
2011-03-11,1.0,-0.006469979398265102,3.173339045314805e-06
2011-03-14,0.0,-0.005600420838919429,3.569828763927418e-06
2011-03-15,0.0,-0.0002619075765035728,3.966279028766451e-06
2011-03-16,0.0,0.004585332971637657,3.966279028766451e-06
2011-03-17,0.0,-0.008346366550617268,3.173339045314805e-06
2011-03-18,0.0,-0.004208307351017848,2.77680986426887e-06
2011-03-21,0.0,-0.004226092045237939,3.966279028766451e-06
2011-03-22,0.0,0.0003978617863367173,3.966279028766451e-06
2011-03-23,0.0,0.004772644954196936,3.569828763927418e-06
2011-03-24,0.0,-0.001715229606117252,3.569828763927418e-06
2011-03-25,0.0,0.00740150054835631,3.569828763927418e-06
2011-03-28,0.0,-0.001180844474464648,4.362689847159373e-06
2011-03-29,0.0,0.001576287283743927,3.966279028766451e-06
2011-03-30,0.0,-0.001704882012038889,3.966279028766451e-06
2011-03-31,0.0,-0.003415687425762037,3.569828763927418e-06
2011-04-01,0.0,-0.0003954492361654127,2.77680986426887e-06
2011-04-04,0.0,0.001055015549556781,2.380241213684187e-06
2011-04-05,0.0,-0.0003952892536399633,2.77680986426887e-06
2011-04-06,0.0,-0.004876056017132147,2.380241213684187e-06
2011-04-07,0.0,0.00105938550386786,1.586985470813929e-06
2011-04-08,0.0,-0.00687917275114025,1.586985470813929e-06
2011-04-11,0.0,-0.0001332374619839038,1.98363308512306e-06
2011-04-12,0.0,-0.002797749684293915,1.98363308512306e-06
2011-04-13,0.0,0.001736872217271257,2.380241213684187e-06
2011-04-14,0.0,-0.004001107473010967,2.77680986426887e-06
2011-04-15,0.0,0.002008590322253978,2.77680986426887e-06
2011-04-18,0.0,0.008953603535357235,2.77680986426887e-06
2011-04-19,1.0,-0.006225181731167262,2.380241213684187e-06
2011-04-20,0.0,-0.00879642867456576,2.380241213684187e-06
2011-04-21,0.0,-0.004975161125686967,2.380241213684187e-06
2011-04-25,0.0,-0.0001351640031144186,2.77680986426887e-06
2011-04-26,0.0,-0.00202732166792452,2.77680986426887e-06
2011-04-27,0.0,-0.004333690556536651,2.380241213684187e-06
2011-04-28,0.0,-0.005440613639120739,1.586985470813929e-06
2011-04-29,0.0,-0.002598501562763311,1.586985470813929e-06
2011-05-02,0.0,0.0002741895376763281,1.98363308512306e-06
2011-05-03,0.0,0.002604557222134707,1.190298363207276e-06
2011-05-04,0.0,-0.001503973356159594,1.190298363207276e-06
2011-05-05,0.0,0.01588393374639119,7.935717540874521e-07
2011-05-06,0.0,0.008761206026347335,7.935717540874521e-07
2011-05-09,1.0,-0.001336163535733181,1.190298363207276e-06
2011-05-10,1.0,-0.001739326426726917,1.190298363207276e-06
2011-05-11,1.0,0.009650197223068036,1.190298363207276e-06
2011-05-12,1.0,-0.001194795766592538,7.935717540874521e-07
2011-05-13,1.0,0.006911274418195168,1.190298363207276e-06
2011-05-16,1.0,-0.003827889484557701,1.586985470813929e-06
2011-05-17,1.0,-0.0009275168105471465,1.586985470813929e-06
2011-05-18,1.0,0.0009283778966528988,1.98363308512306e-06
2011-05-19,1.0,-0.004637584052735955,1.98363308512306e-06
2011-05-20,1.0,0.004126697913464206,1.98363308512306e-06
2011-05-23,1.0,0.00888238321933743,2.380241213684187e-06
2011-05-24,1.0,-0.002890949081660543,2.380241213684187e-06
2011-05-25,1.0,0.0006589754028432093,2.380241213684187e-06
2011-05-26,1.0,-0.005004573316089722,1.98363308512306e-06
2011-05-27,1.0,-0.007941840890523522,1.98363308512306e-06
2011-05-31,0.0,-0.004136058321761116,2.380241213684187e-06
2011-06-01,0.0,0.0005359179508901413,1.98363308512306e-06
2011-06-02,0.0,-0.004686642644494476,1.586985470813929e-06
2011-06-03,0.0,-0.007399475826839308,1.586985470813929e-06
2011-06-06,0.0,0.002304122685795162,1.98363308512306e-06
2011-06-07,0.0,-0.005814744055726462,1.98363308512306e-06
2011-06-08,0.0,0.005576763885068114,1.586985470813929e-06
2011-06-09,0.0,0.003516869135089973,1.98363308512306e-06
2011-06-10,0.0,0.008087322474412462,1.98363308512306e-06
2011-06-13,1.0,-0.003743799650612667,1.98363308512306e-06
2011-06-14,0.0,-0.002415787142868164,1.98363308512306e-06
2011-06-15,0.0,0.01708592239716333,1.98363308512306e-06
2011-06-16,1.0,0.001984147207757525,1.98363308512306e-06
2011-06-17,1.0,-0.01003303150139234,1.586985470813929e-06
2011-06-20,1.0,0.0005334166777817284,1.190298363207276e-06
2011-06-21,1.0,-0.006530692679482475,1.190298363207276e-06
2011-06-22,0.0,0.003219719088030537,7.935717540874521e-07
2011-06-23,0.0,0.008959590530654093,3.968056356828953e-07
2011-06-24,1.0,0.002915854600418877,7.935717540874521e-07
2011-06-27,1.0,-0.003700261478422839,7.935717540874521e-07
2011-06-28,1.0,-0.004377262683729399,1.190298363207276e-06
2011-06-29,1.0,-0.004929324929682677,7.935717540874521e-07
2011-06-30,0.0,-0.005221574198693957,1.190298363207276e-06
2011-07-01,0.0,0.0006728858722717668,7.935717540874521e-07
2011-07-05,0.0,0.004573019156194125,7.935717540874521e-07
2011-07-06,0.0,0.005757133366183886,3.968056356828953e-07
2011-07-07,0.0,-0.002129974124856604,1.190298363207276e-06
2011-07-08,1.0,0.002934914933165889,1.190298363207276e-06
2011-07-11,0.0,0.01077410954117797,1.190298363207276e-06
2011-07-12,1.0,-0.002368736810579697,1.190298363207276e-06
2011-07-13,1.0,-0.007914503277187901,3.968056356828953e-07
2011-07-14,0.0,0.0005318563490794848,3.968056356828953e-07
2011-07-15,0.0,-0.001594720884811052,7.935717540874521e-07
2011-07-18,0.0,0.004658673183961737,7.935717540874521e-07
2011-07-19,0.0,-0.003444649240421427,1.190298363207276e-06
2011-07-20,0.0,-0.00571656870775783,7.935717540874521e-07
2011-07-21,0.0,-0.01029555105007463,1.98363308512306e-06
2011-07-22,0.0,0.002431779429061143,1.98363308512306e-06
2011-07-25,0.0,-0.001886784304669042,1.98363308512306e-06
2011-07-26,0.0,-0.007966464452335953,2.77680986426887e-06
2011-07-27,0.0,0.008438751965241353,3.173339045314805e-06
2011-07-28,0.0,0.001754688746637312,2.77680986426887e-06
2011-07-29,0.0,-0.00431150214984044,3.966279028766451e-06
2011-08-01,0.0,0.004871456061140922,3.966279028766451e-06
2011-08-02,0.0,0.003366549862756196,2.380241213684187e-06
2011-08-03,0.0,-0.006307894339390829,7.935717540874521e-07
2011-08-04,0.0,0.0145867344367927,7.935717540874521e-07
2011-08-05,0.0,-0.006922314343027591,3.968056356828953e-07
2011-08-08,0.0,0.002546949668801535,1.98363308512306e-06
2011-08-09,0.0,-0.002406742919806693,1.190298363207276e-06
2011-08-10,0.0,0.0004020745081285693,7.935717540874521e-07
2011-08-11,0.0,0.0005359179508901413,1.190298363207276e-06
2011-08-12,0.0,-0.0009373285288989397,7.935717540874521e-07
2011-08-15,0.0,-0.0103203895746129,7.935717540874521e-07
2011-08-16,0.0,0.002302353829513937,1.190298363207276e-06
2011-08-17,0.0,-0.004594027259441358,3.968056356828953e-07
2011-08-18,0.0,0.007737202511082675,3.968056356828953e-07
2011-08-19,0.0,-0.003367456993449092,7.935717540874521e-07
2011-08-22,0.0,0.00108125197140807,3.968056356828953e-07
2011-08-23,0.0,-0.002700107318296174,3.968056356828953e-07
2011-08-24,0.0,0.00189521300180151,7.935717540874521e-07
2011-08-25,0.0,0.003648110191503795,3.968056356828953e-07
2011-08-26,0.0,-0.006327426338543773,3.968056356828953e-07
2011-08-29,0.0,-0.001219297396930275,7.935717540874521e-07
2011-08-30,0.0,0.002984281294902358,3.968056356828953e-07
2011-08-31,0.0,0.002569580818749362,7.935717540874521e-07
2011-09-01,0.0,0.004721517826570265,7.935717540874521e-07
2011-09-02,0.0,0.00362508902923242,7.935717540874521e-07
2011-09-06,0.0,0.01565214941732851,7.935717540874521e-07
2011-09-07,1.0,-0.006058997570692948,7.935717540874521e-07
2011-09-08,1.0,0.0103365861219229,7.935717540874521e-07
2011-09-09,1.0,0.01246071096872603,3.968056356828953e-07
2011-09-12,1.0,0.004922881738556928,3.968056356828953e-07
2011-09-13,1.0,-0.008508392874969739,3.968056356828953e-07
2011-09-14,1.0,-0.001040200588289686,3.968056356828953e-07
2011-09-15,1.0,-0.007679343397421046,3.968056356828953e-07
2011-09-16,1.0,0.004459653420934018,3.968056356828953e-07
2011-09-19,1.0,0.01057714206354698,3.968056356828953e-07
2011-09-20,1.0,-0.004651771717157027,3.968056356828953e-07
2011-09-21,1.0,0.004024374445103396,3.968056356828953e-07
2011-09-22,1.0,0.01344712910230417,0.0
2011-09-23,1.0,-0.001020594596367719,3.968056356828953e-07
2011-09-26,1.0,0.0007662523148830314,7.935717540874521e-07
2011-09-27,1.0,-0.01084735155054106,3.968056356828953e-07
2011-09-28,1.0,0.004386483402400776,7.935717540874521e-07
2011-09-29,1.0,0.0008991611585900117,7.935717540874521e-07
2011-09-30,1.0,0.008085278460178147,7.935717540874521e-07
2011-10-03,1.0,0.01145759212627095,7.935717540874521e-07
2011-10-04,1.0,0.001887999139592589,3.968056356828953e-07
2011-10-05,1.0,-0.00866827669897563,0.0
2011-10-06,1.0,-0.004815674378113921,3.968056356828953e-07
2011-10-07,1.0,0.002419488658598423,3.968056356828953e-07
2011-10-10,1.0,-0.01422767694631943,3.968056356828953e-07
2011-10-11,1.0,-0.0002576887043763687,7.935717540874521e-07
2011-10-12,1.0,-0.007605103807164171,7.935717540874521e-07
2011-10-13,1.0,0.0,7.935717540874521e-07
2011-10-14,1.0,-0.004805755649483046,7.935717540874521e-07
2011-10-17,0.0,0.006786695698592915,1.586985470813929e-06
2011-10-18,1.0,-0.0001296621248328966,1.586985470813929e-06
2011-10-19,1.0,-0.0002592589625111108,1.190298363207276e-06
2011-10-20,1.0,-0.001815580191159349,1.190298363207276e-06
2011-10-21,1.0,-0.008704666211764356,7.935717540874521e-07
2011-10-24,0.0,-0.003669808617195791,7.935717540874521e-07
2011-10-25,0.0,0.003025563892268046,3.968056356828953e-07
2011-10-26,0.0,-0.0006557777279713184,7.935717540874521e-07
2011-10-27,0.0,-0.0174539928467915,7.935717540874521e-07
2011-10-28,0.0,0.002938340900737302,3.968056356828953e-07
2011-10-31,0.0,0.01438276579738917,3.968056356828953e-07
2011-11-01,0.0,0.01431014826687438,3.968056356828953e-07
2011-11-02,1.0,-0.003235826987930679,3.968056356828953e-07
2011-11-03,1.0,-0.004415062431548655,3.968056356828953e-07
2011-11-04,1.0,0.003130370404277327,3.968056356828953e-07
2011-11-07,1.0,0.0006500509684399525,3.968056356828953e-07
2011-11-08,1.0,-0.003768203209163712,3.968056356828953e-07
2011-11-09,1.0,0.01643409633914428,3.968056356828953e-07
2011-11-10,1.0,-0.003721300069186362,3.968056356828953e-07
2011-11-11,1.0,-0.009015931913254449,3.968056356828953e-07
2011-11-14,1.0,0.008058163471721391,3.968056356828953e-07
2011-11-15,1.0,0.004125834256021976,3.968056356828953e-07
2011-11-16,1.0,0.003595357197821558,3.968056356828953e-07
2011-11-17,1.0,0.001663219643386338,7.935717540874521e-07
2011-11-18,1.0,-0.003448770843064164,3.968056356828953e-07
2011-11-21,1.0,0.003588905674687615,7.935717540874521e-07
2011-11-22,1.0,-0.0008939935133585042,7.935717540874521e-07
2011-11-23,1.0,0.009842727981912658,7.935717540874521e-07
2011-11-25,1.0,0.007721526713310833,7.935717540874521e-07
2011-11-28,1.0,-0.004019591663997679,1.190298363207276e-06
2011-11-29,1.0,-0.003657471461455786,7.935717540874521e-07
2011-11-30,1.0,-0.007721526713310944,3.968056356828953e-07
2011-12-01,1.0,-0.0008929671561327401,3.968056356828953e-07
2011-12-02,1.0,0.003958089374382912,7.935717540874521e-07
2011-12-05,1.0,-0.0002543131599249682,3.968056356828953e-07
2011-12-06,1.0,-0.001272083365280174,3.968056356828953e-07
2011-12-07,1.0,-0.0003821013690054054,7.935717540874521e-07
2011-12-08,1.0,0.004204818903476681,3.968056356828953e-07
2011-12-09,1.0,-0.002283978058011615,3.968056356828953e-07
2011-12-12,1.0,0.01195475612668151,3.968056356828953e-07
2011-12-13,1.0,0.008545938265474451,3.968056356828953e-07
2011-12-14,1.0,0.003489081361954804,3.968056356828953e-07
2011-12-15,1.0,-0.003601153854753347,0.0
2011-12-16,1.0,0.0001246527479654702,0.0
2011-12-19,1.0,0.0,3.968056356828953e-07
2011-12-20,1.0,-0.004610626125632789,3.968056356828953e-07
2011-12-21,1.0,0.001752621362821172,3.968056356828953e-07
2011-12-22,1.0,-0.001249668561811412,3.968056356828953e-07
2011-12-23,1.0,0.001126175792633299,3.968056356828953e-07
2011-12-27,1.0,-0.002749671476430349,7.935717540874521e-07
2011-12-28,1.0,0.008772990853619156,3.968056356828953e-07
2011-12-29,1.0,-0.0001241707926599167,7.935717540874521e-07
2011-12-30,1.0,-0.003851952970396755,7.935717540874521e-07
2012-01-03,1.0,-0.006985126249019591,7.935717540874521e-07
2012-01-04,1.0,0.006029339578684123,7.935717540874521e-07
2012-01-05,1.0,0.01061313700065036,7.935717540874521e-07
2012-01-06,1.0,0.003706392553922244,7.935717540874521e-07
2012-01-09,1.0,-0.002338685586012912,3.968056356828953e-07
2012-01-10,1.0,-0.003084515614889649,7.935717540874521e-07
2012-01-11,1.0,0.006806873782058798,7.935717540874521e-07
2012-01-12,1.0,-0.007129709181730282,1.190298363207276e-06
2012-01-13,1.0,0.008171396428627187,1.190298363207276e-06
2012-01-17,1.0,-0.003070121565308503,1.190298363207276e-06
2012-01-18,1.0,-0.007144639429346067,1.190298363207276e-06
2012-01-19,1.0,-0.004838702196423239,1.98363308512306e-06
2012-01-20,1.0,0.0001246993684655973,1.98363308512306e-06
2012-01-23,1.0,-0.006606815896682994,1.586985470813929e-06
2012-01-24,1.0,0.002133243364753401,1.586985470813929e-06
2012-01-25,1.0,-0.003631366307424666,1.586985470813929e-06
2012-01-26,1.0,-0.002010758242157573,1.98363308512306e-06
2012-01-27,0.0,-0.006422391546542894,2.380241213684187e-06
2012-01-30,0.0,0.003295337531079578,1.98363308512306e-06
2012-01-31,0.0,0.001515855376911013,2.380241213684187e-06
2012-02-01,1.0,-0.004540875578892822,2.380241213684187e-06
2012-02-02,0.0,0.0006335916487323345,3.173339045314805e-06
2012-02-03,0.0,-0.0003798756342048293,3.173339045314805e-06
2012-02-06,0.0,0.00190009997270657,3.173339045314805e-06
2012-02-07,0.0,-0.006574746075911575,3.173339045314805e-06
2012-02-08,0.0,0.000890921408885248,3.569828763927418e-06
2012-02-09,0.0,-0.001017317289872977,3.569828763927418e-06
2012-02-10,0.0,0.007001057393714927,3.569828763927418e-06
2012-02-13,0.0,-0.002148883423508274,4.362689847159373e-06
2012-02-14,0.0,0.00810741537693116,4.759061227099792e-06
2012-02-15,1.0,0.00113089137748057,4.362689847159373e-06
2012-02-16,1.0,-0.004142109183370324,3.966279028766451e-06
2012-02-17,0.0,-0.0001259705986546011,3.569828763927418e-06
2012-02-21,0.0,-0.003655627238543957,3.173339045314805e-06
2012-02-22,0.0,0.002150786525508819,3.569828763927418e-06
2012-02-23,0.0,-0.00504988676306295,3.569828763927418e-06
2012-02-24,0.0,-0.005836811302153078,3.966279028766451e-06
2012-02-27,0.0,0.002680269158422677,4.759061227099792e-06
2012-02-28,0.0,-0.003691457797093789,3.966279028766451e-06
2012-02-29,0.0,0.005877178147393414,3.173339045314805e-06
2012-03-01,0.0,0.0006350237550050153,3.173339045314805e-06
2012-03-02,0.0,0.007870052756905777,2.77680986426887e-06
2012-03-05,1.0,-0.001007579716841844,3.173339045314805e-06
2012-03-06,1.0,0.006807878436774439,3.173339045314805e-06
2012-03-07,1.0,-0.00187830609482198,3.173339045314805e-06
2012-03-08,1.0,-0.006899955196090546,3.173339045314805e-06
2012-03-09,0.0,0.01111669040812835,3.569828763927418e-06
2012-03-12,1.0,-0.002123915129945142,3.569828763927418e-06
2012-03-13,1.0,0.00400650662100932,3.173339045314805e-06
2012-03-14,1.0,0.004613980620063574,3.569828763927418e-06
2012-03-15,1.0,-0.005089325287238711,3.173339045314805e-06
2012-03-16,1.0,-0.004616378534472831,3.569828763927418e-06
2012-03-19,1.0,-0.004136398045926359,3.966279028766451e-06
2012-03-20,0.0,0.001762106922919671,3.966279028766451e-06
2012-03-21,1.0,0.0005025872266348763,3.569828763927418e-06
2012-03-22,1.0,0.001381396636263688,3.173339045314805e-06
2012-03-23,1.0,-0.00501632225476456,3.173339045314805e-06
2012-03-26,0.0,-0.005167583206945991,3.569828763927418e-06
2012-03-27,0.0,0.001393647661551478,3.569828763927418e-06
2012-03-28,0.0,0.001518253355162313,3.569828763927418e-06
2012-03-29,0.0,0.0002526104363480552,2.77680986426887e-06
2012-03-30,0.0,-0.003157362958277954,2.77680986426887e-06
2012-04-02,1.0,-0.001393647661551478,3.173339045314805e-06
2012-04-03,1.0,0.00837355575570653,3.173339045314805e-06
2012-04-04,1.0,0.003522883335062676,3.173339045314805e-06
2012-04-05,1.0,0.003886629266437014,3.173339045314805e-06
2012-04-09,1.0,-0.004246238780897693,3.569828763927418e-06
2012-04-10,1.0,0.002006723014905454,3.569828763927418e-06
2012-04-11,1.0,-0.001376900878607534,3.569828763927418e-06
2012-04-12,1.0,-0.006267234991857995,3.569828763927418e-06
2012-04-13,1.0,0.007568093886976435,3.569828763927418e-06
2012-04-16,1.0,-0.004131124349106563,3.173339045314805e-06
2012-04-17,1.0,-0.001005679798687598,3.173339045314805e-06
2012-04-18,1.0,0.0007549711548024973,2.77680986426887e-06
2012-04-19,1.0,0.0003772008016764694,2.77680986426887e-06
2012-04-20,1.0,-0.004776235106569882,3.173339045314805e-06
2012-04-23,1.0,0.003031041460527018,3.173339045314805e-06
2012-04-24,1.0,-0.00251821899840321,3.569828763927418e-06
2012-04-25,1.0,-0.002650834148406611,3.569828763927418e-06
2012-04-26,1.0,-0.001265643227659652,3.569828763927418e-06
2012-04-27,1.0,-0.002661344621987749,3.569828763927418e-06
2012-04-30,1.0,0.001143633682023415,3.966279028766451e-06
2012-05-01,1.0,0.0008884337353831651,3.569828763927418e-06
2012-05-02,1.0,0.003423746398385941,3.173339045314805e-06
2012-05-03,0.0,0.001137419062418488,3.569828763927418e-06
2012-05-04,0.0,0.003155768696639027,2.77680986426887e-06
2012-05-07,1.0,0.001635802836556399,3.966279028766451e-06
2012-05-08,1.0,0.001633227202319176,3.569828763927418e-06
2012-05-09,1.0,0.004389796304839377,3.569828763927418e-06
2012-05-10,1.0,0.000374610122514385,3.966279028766451e-06
2012-05-11,1.0,0.002122059264138221,3.966279028766451e-06
2012-05-14,1.0,0.003986045088315793,3.966279028766451e-06
2012-05-15,1.0,0.007692341914635303,3.569828763927418e-06
2012-05-16,1.0,0.0018468545139676,3.966279028766451e-06
2012-05-17,1.0,0.0001228279033866908,3.966279028766451e-06
2012-05-18,1.0,-0.001105877868370686,3.173339045314805e-06
2012-05-21,1.0,-0.002583332293117802,3.569828763927418e-06
2012-05-22,1.0,0.007276718359232381,3.569828763927418e-06
2012-05-23,1.0,0.005142624934024065,3.569828763927418e-06
2012-05-24,1.0,0.002436406219504361,3.966279028766451e-06
2012-05-25,1.0,0.001336743336100898,3.569828763927418e-06
2012-05-29,1.0,0.0004854479949831791,3.569828763927418e-06
2012-05-30,1.0,0.006914115452984593,2.77680986426887e-06
2012-05-31,1.0,0.0003613875258989818,2.77680986426887e-06
2012-06-01,1.0,-0.001806376736815052,2.77680986426887e-06
2012-06-04,1.0,-0.004101777541249296,3.173339045314805e-06
2012-06-05,1.0,0.003028467483438435,3.173339045314805e-06
2012-06-06,1.0,-0.005797141778286496,3.569828763927418e-06
2012-06-07,1.0,-0.003279842615006467,3.569828763927418e-06
2012-06-08,1.0,0.005606326232340031,3.569828763927418e-06
2012-06-11,1.0,0.0,3.569828763927418e-06
2012-06-12,1.0,-0.001211955781506235,3.966279028766451e-06
2012-06-13,1.0,-0.004368409105132476,3.966279028766451e-06
2012-06-14,1.0,-0.00182817209384234,4.362689847159373e-06
2012-06-15,1.0,-0.003785167059982553,3.569828763927418e-06
2012-06-18,1.0,0.004289816389574819,3.966279028766451e-06
2012-06-19,1.0,-0.006956305563107779,3.569828763927418e-06
2012-06-20,1.0,0.001474684934707593,3.569828763927418e-06
2012-06-21,1.0,0.01018532154636009,3.569828763927418e-06
2012-06-22,1.0,-0.001214753091494214,3.569828763927418e-06
2012-06-25,1.0,0.002918971785530688,3.966279028766451e-06
2012-06-26,1.0,-0.001091393874482538,3.966279028766451e-06
2012-06-27,1.0,0.002306601987088097,3.569828763927418e-06
2012-06-28,1.0,0.00133237177330936,3.569828763927418e-06
2012-06-29,1.0,-0.01233817183571151,3.569828763927418e-06
2012-07-02,1.0,0.002694442334252756,3.966279028766451e-06
2012-07-03,1.0,-0.00109935219574564,3.569828763927418e-06
2012-07-05,1.0,0.01259475170789104,3.173339045314805e-06
2012-07-06,1.0,0.005796442109468281,3.173339045314805e-06
2012-07-09,1.0,-0.001560778628755366,3.569828763927418e-06
2012-07-10,1.0,0.002404965601670694,3.569828763927418e-06
2012-07-11,1.0,0.002519182856706603,3.966279028766451e-06
2012-07-12,1.0,0.0009573032349745603,3.966279028766451e-06
2012-07-13,1.0,-0.004184082100857078,3.966279028766451e-06
2012-07-16,1.0,-0.002521088909645086,3.966279028766451e-06
2012-07-17,1.0,-0.0007220792061388703,3.966279028766451e-06
2012-07-18,1.0,-0.0009635292331792167,3.569828763927418e-06
2012-07-19,1.0,-0.0006027175913517757,3.569828763927418e-06
2012-07-20,1.0,0.00687575011257735,3.569828763927418e-06
2012-07-23,1.0,0.002875258898522803,3.966279028766451e-06
2012-07-24,1.0,0.003583837713999616,3.966279028766451e-06
2012-07-25,1.0,-0.005832704210261386,3.966279028766451e-06
2012-07-26,1.0,-0.008500947234312384,4.362689847159373e-06
2012-07-27,1.0,-0.001207565234503716,4.362689847159373e-06
2012-07-30,1.0,0.0009672570661376501,4.362689847159373e-06
2012-07-31,1.0,-0.001811831431575373,4.362689847159373e-06
2012-08-01,1.0,0.005082262488471434,3.966279028766451e-06
2012-08-02,1.0,0.00325071370572183,3.569828763927418e-06
2012-08-03,1.0,-0.01140051070156922,3.569828763927418e-06
2012-08-06,1.0,-0.001335283005814869,3.966279028766451e-06
2012-08-07,1.0,-0.0007292762980658507,4.362689847159373e-06
2012-08-08,1.0,0.002189518394116741,4.362689847159373e-06
2012-08-09,1.0,0.003034348851220114,4.362689847159373e-06
2012-08-10,1.0,-0.001089016681453336,3.966279028766451e-06
2012-08-13,1.0,-0.001332533086432441,4.362689847159373e-06
2012-08-14,1.0,0.0004852124495722254,4.362689847159373e-06
2012-08-15,1.0,0.00206108343872935,3.569828763927418e-06
2012-08-16,1.0,-0.003508782942206468,3.569828763927418e-06
2012-08-17,1.0,0.002914009980463428,3.569828763927418e-06
2012-08-20,1.0,-0.001694907896303444,4.362689847159373e-06
2012-08-21,1.0,-0.006669845118478124,4.362689847159373e-06
2012-08-22,0.0,-0.005127649610082163,4.362689847159373e-06
2012-08-23,0.0,-0.001595254102660482,4.362689847159373e-06
2012-08-24,0.0,0.002826889451986947,3.966279028766451e-06
2012-08-27,0.0,0.0008580380850713443,4.362689847159373e-06
2012-08-28,0.0,-0.003551321363237991,3.966279028766451e-06
2012-08-29,0.0,0.002212121163819747,4.759061227099792e-06
2012-08-30,0.0,0.001594080301081879,3.966279028766451e-06
2012-08-31,0.0,-0.005264450337526871,3.569828763927418e-06
2012-09-04,0.0,0.0008615347055287437,3.966279028766451e-06
2012-09-05,0.0,-0.0009837903511425994,4.362689847159373e-06
2012-09-06,0.0,-0.001969424383579388,4.362689847159373e-06
2012-09-07,0.0,-0.010236825509503,4.362689847159373e-06
2012-09-10,0.0,0.001370724116530386,3.966279028766451e-06
2012-09-11,0.0,-0.006222000948262751,3.966279028766451e-06
2012-09-12,0.0,-0.001502663982780872,3.966279028766451e-06
2012-09-13,0.0,-0.006019510163006281,3.966279028766451e-06
2012-09-14,0.0,-0.005172894916210979,4.362689847159373e-06
2012-09-17,0.0,0.002029215792082484,4.362689847159373e-06
2012-09-18,0.0,0.003037563058860826,3.966279028766451e-06
2012-09-19,0.0,-0.002397507147081979,4.362689847159373e-06
2012-09-20,0.0,0.004427094792865738,4.362689847159373e-06
2012-09-21,0.0,-0.001007452806514153,4.362689847159373e-06
2012-09-24,0.0,0.002394993163070236,4.362689847159373e-06
2012-09-25,0.0,0.0003773441896142149,4.362689847159373e-06
2012-09-26,0.0,0.004273995284065801,4.362689847159373e-06
2012-09-27,0.0,-0.004255805989337391,3.569828763927418e-06
2012-09-28,0.0,0.004902569134971557,3.966279028766451e-06
2012-10-01,0.0,-0.001501160156581083,3.569828763927418e-06
2012-10-02,0.0,-0.001002278017546487,3.569828763927418e-06
2012-10-03,0.0,0.002884416391966127,3.569828763927418e-06
2012-10-04,1.0,-0.007752941567062521,3.966279028766451e-06
2012-10-05,0.0,-0.0001260508685924089,4.362689847159373e-06
2012-10-08,0.0,0.002520854384526983,4.362689847159373e-06
2012-10-09,0.0,0.005154589238064888,3.966279028766451e-06
2012-10-10,1.0,-0.0003752192675666732,3.966279028766451e-06
2012-10-11,1.0,-0.001751744154854573,3.966279028766451e-06
2012-10-12,0.0,-0.001128056395934385,4.362689847159373e-06
2012-10-15,0.0,0.0006273738340019097,4.362689847159373e-06
2012-10-16,0.0,-0.00464001915098633,3.569828763927418e-06
2012-10-17,0.0,-0.004409803343879748,4.362689847159373e-06
2012-10-18,0.0,0.004429335843895377,3.966279028766451e-06
2012-10-19,0.0,0.003401746676618744,3.966279028766451e-06
2012-10-22,0.0,0.0001255918672415923,3.966279028766451e-06
2012-10-23,0.0,0.004143149086412334,4.362689847159373e-06
2012-10-24,1.0,-0.000125057962123698,4.362689847159373e-06
2012-10-25,1.0,0.0008753244186032738,4.362689847159373e-06
2012-10-26,1.0,0.0003747973382526304,4.759061227099792e-06
2012-10-31,1.0,-0.001873379873243652,4.362689847159373e-06
2012-11-01,1.0,0.001626687760148293,3.569828763927418e-06
2012-11-02,1.0,0.006745699756983914,3.569828763927418e-06
2012-11-05,1.0,0.001985403516318929,4.362689847159373e-06
2012-11-06,1.0,-0.001733738571497723,3.966279028766451e-06
2012-11-07,1.0,0.001860830228794796,3.966279028766451e-06
2012-11-08,1.0,0.0003714559002396811,3.966279028766451e-06
2012-11-09,1.0,0.002970638210791243,3.569828763927418e-06
2012-11-12,1.0,0.0001234374476262179,3.569828763927418e-06
2012-11-13,1.0,0.0004935947072488567,4.362689847159373e-06
2012-11-14,1.0,-0.0002467226444150539,3.966279028766451e-06
2012-11-15,1.0,0.0002467835315005384,3.173339045314805e-06
2012-11-16,1.0,0.002220033314143777,2.380241213684187e-06
2012-11-19,1.0,-0.00479940166620485,3.569828763927418e-06
2012-11-20,1.0,0.001112851920787472,3.173339045314805e-06
2012-11-21,1.0,-0.0003705382860191841,3.966279028766451e-06
2012-11-23,1.0,-0.009143678005425704,3.966279028766451e-06
2012-11-26,1.0,0.0007481925023957725,3.966279028766451e-06
2012-11-27,1.0,0.001869177892572127,3.966279028766451e-06
2012-11-28,1.0,-0.0007463331697694642,3.966279028766451e-06
2012-11-29,1.0,-0.001742586457928574,3.569828763927418e-06
2012-11-30,1.0,-0.0006233843424651164,3.173339045314805e-06
2012-12-03,1.0,-0.00336873695970874,3.966279028766451e-06
2012-12-04,0.0,-0.003004480120450403,3.966279028766451e-06
2012-12-05,1.0,0.001632311080038251,3.966279028766451e-06
2012-12-06,1.0,0.006142729268958202,3.966279028766451e-06
2012-12-07,1.0,0.001993471573091599,3.569828763927418e-06
2012-12-10,1.0,-0.001119079084055175,3.569828763927418e-06
2012-12-11,1.0,-0.003361188426570627,3.173339045314805e-06
2012-12-12,1.0,-0.002123384638138326,2.77680986426887e-06
2012-12-13,1.0,0.0005006999102885601,2.380241213684187e-06
2012-12-14,1.0,-0.004128635428434002,1.586985470813929e-06
2012-12-17,1.0,-0.0003768690938684705,1.98363308512306e-06
2012-12-18,1.0,-0.002639174126907951,2.380241213684187e-06
2012-12-19,1.0,-0.001386096389938918,1.98363308512306e-06
2012-12-20,1.0,0.0001262099208891865,2.380241213684187e-06
2012-12-21,1.0,0.004542021204248847,2.380241213684187e-06
2012-12-24,1.0,0.0002511509969429504,2.380241213684187e-06
2012-12-26,1.0,-0.0002510879359575169,3.569828763927418e-06
2012-12-27,1.0,0.0,3.173339045314805e-06
2012-12-28,1.0,0.0007535488134144952,3.968056356828953e-07
2012-12-31,1.0,0.001129472107755269,1.98363308512306e-06
2013-01-02,1.0,0.001002906285838989,3.173339045314805e-06
2013-01-03,0.0,0.007263642356144295,3.173339045314805e-06
2013-01-04,0.0,0.0008703182215419325,2.77680986426887e-06
2013-01-07,0.0,-0.002981339922602855,2.77680986426887e-06
2013-01-08,0.0,0.001121309936397363,2.77680986426887e-06
2013-01-09,0.0,0.002613554305670451,2.380241213684187e-06
2013-01-10,0.0,-0.01017874527898055,2.380241213684187e-06
2013-01-11,0.0,-0.002257340230724658,2.77680986426887e-06
2013-01-14,0.0,-0.0008798353063380615,3.173339045314805e-06
2013-01-15,0.0,0.003648269258031078,3.569828763927418e-06
2013-01-16,0.0,0.000250742952707661,3.173339045314805e-06
2013-01-17,0.0,-0.001879718297524535,2.77680986426887e-06
2013-01-18,0.0,0.005021990184757685,3.173339045314805e-06
2013-01-22,0.0,-0.002248598354948173,3.173339045314805e-06
2013-01-23,0.0,0.0006259599429576657,3.173339045314805e-06
2013-01-24,0.0,0.0003753601099121262,3.173339045314805e-06
2013-01-25,0.0,-0.00250152540182913,3.173339045314805e-06
2013-01-28,0.0,0.0003761602419671828,2.77680986426887e-06
2013-01-29,0.0,-0.002757598697284203,2.77680986426887e-06
2013-01-30,0.0,-0.003519341225352135,2.77680986426887e-06
2013-01-31,0.0,-0.0008829426829216613,2.77680986426887e-06
2013-02-01,0.0,-0.001009996616328279,2.380241213684187e-06
2013-02-04,0.0,0.005307794931355136,2.77680986426887e-06
2013-02-05,0.0,-0.0007543078024678795,2.77680986426887e-06
2013-02-06,0.0,0.002893488025094371,2.77680986426887e-06
2013-02-07,0.0,0.005895649943631343,2.77680986426887e-06
2013-02-08,0.0,0.0007481925023957725,2.77680986426887e-06
2013-02-11,0.0,0.0007476331288940319,3.569828763927418e-06
2013-02-12,0.0,-0.002490311970141379,3.569828763927418e-06
2013-02-13,0.0,-0.0002497100525343798,3.966279028766451e-06
2013-02-14,0.0,0.004619837226874424,4.362689847159373e-06
2013-02-15,0.0,0.00149145846318044,3.966279028766451e-06
2013-02-19,0.0,-0.001365110546686199,4.759061227099792e-06
2013-02-20,0.0,0.007704673888186742,4.759061227099792e-06
2013-02-21,0.0,0.004562865498726643,5.155393176359269e-06
2013-02-22,0.0,0.0002455717245981592,5.155393176359269e-06
2013-02-25,0.0,0.002331796811291476,4.759061227099792e-06
2013-02-26,0.0,0.002448935742878078,5.551685702931408e-06
2013-02-27,0.0,-0.003297963398104398,4.362689847159373e-06
2013-02-28,0.0,0.004656922670568608,4.362689847159373e-06
2013-03-01,0.0,0.004025301148420146,4.362689847159373e-06
2013-03-04,0.0,-0.001093382827846101,4.362689847159373e-06
2013-03-05,0.0,-0.00158118317784417,3.173339045314805e-06
2013-03-06,0.0,0.004507281801537255,3.966279028766451e-06
2013-03-07,0.0,-0.004608261673986869,3.966279028766451e-06
2013-03-08,0.0,0.007553546580854498,3.966279028766451e-06
2013-03-11,0.0,-0.001571913642262057,3.966279028766451e-06
2013-03-12,0.0,0.0001211352339522964,3.966279028766451e-06
2013-03-13,0.0,0.003753905930251156,3.569828763927418e-06
2013-03-14,0.0,-0.003377956102770141,3.966279028766451e-06
2013-03-15,0.0,-0.004236756706635814,3.569828763927418e-06
2013-03-18,0.0,0.00522733155858246,2.77680986426887e-06
2013-03-19,0.0,0.00362795275735861,2.77680986426887e-06
2013-03-20,0.0,-0.002530414385808033,2.77680986426887e-06
2013-03-21,0.0,0.000241655868034929,2.77680986426887e-06
2013-03-22,0.0,-0.00326092104479947,2.77680986426887e-06
2013-03-25,0.0,0.00411976217513832,3.173339045314805e-06
2013-03-26,0.0,0.0001206046398538607,2.77680986426887e-06
2013-03-27,0.0,0.003981682456451585,3.569828763927418e-06
2013-03-28,0.0,-0.002643927690466397,2.77680986426887e-06
2013-04-01,0.0,-0.003132841469194014,3.173339045314805e-06
2013-04-02,0.0,0.002538366686226645,2.77680986426887e-06
2013-04-03,0.0,-0.002652534533725714,2.380241213684187e-06
2013-04-04,0.0,-0.0004835700548482258,2.77680986426887e-06
2013-04-05,0.0,-0.002177071897815575,2.77680986426887e-06
2013-04-08,0.0,0.003030303030302939,2.77680986426887e-06
2013-04-09,0.0,-0.005317250047205402,2.380241213684187e-06
2013-04-10,0.0,0.00267283716715605,2.77680986426887e-06
2013-04-11,0.0,-0.003392690941940391,2.77680986426887e-06
2013-04-12,0.0,0.0007294535999240459,2.380241213684187e-06
2013-04-15,0.0,0.001336418583578025,2.380241213684187e-06
2013-04-16,0.0,-0.00812907284433495,2.380241213684187e-06
2013-04-17,0.0,0.01113154326739307,2.380241213684187e-06
2013-04-18,0.0,-0.001330759804962223,1.98363308512306e-06
2013-04-19,0.0,0.001938171130224209,1.98363308512306e-06
2013-04-22,0.0,-0.0003626983391238348,1.98363308512306e-06
2013-04-23,0.0,0.004233169724591646,1.98363308512306e-06
2013-04-24,0.0,-0.001204365597871404,2.380241213684187e-06
2013-04-25,0.0,-0.002291118301061768,1.98363308512306e-06
2013-04-26,0.0,-0.00314230739120902,1.98363308512306e-06
2013-04-29,0.0,-0.004000991969248635,1.98363308512306e-06
2013-04-30,0.0,-0.005112576520318157,1.98363308512306e-06
2013-05-01,0.0,-0.001101235330825623,2.380241213684187e-06
2013-05-02,0.0,0.006981867945683673,1.98363308512306e-06
2013-05-03,0.0,-0.001338044174389763,1.98363308512306e-06
2013-05-06,0.0,0.002679673870791488,1.586985470813929e-06
2013-05-07,0.0,-0.0002429135464108167,1.586985470813929e-06
2013-05-08,0.0,-0.004860285674927023,1.586985470813929e-06
2013-05-09,0.0,0.01086690321204964,1.586985470813929e-06
2013-05-10,0.0,0.004227545237959429,1.586985470813929e-06
2013-05-13,0.0,0.00144338161490265,1.98363308512306e-06
2013-05-14,0.0,0.003723247065097635,1.98363308512306e-06
2013-05-15,0.0,0.003111189866937147,1.586985470813929e-06
2013-05-16,0.0,-0.0007157960954028431,1.190298363207276e-06
2013-05-17,0.0,0.00608812410967996,1.586985470813929e-06
2013-05-20,0.0,-0.005576663829029105,1.98363308512306e-06
2013-05-21,0.0,0.0005966239495813763,1.586985470813929e-06
2013-05-22,0.0,0.004650600844382735,1.586985470813929e-06
2013-05-23,0.0,-0.005341210068156577,1.98363308512306e-06
2013-05-24,0.0,-0.001193390213289791,1.586985470813929e-06
2013-05-28,0.0,0.005256899133202264,1.98363308512306e-06
2013-05-29,0.0,-0.005942476867447088,1.98363308512306e-06
2013-05-30,0.0,-0.007532248421990517,1.586985470813929e-06
2013-05-31,0.0,0.004457235365206813,1.586985470813929e-06
2013-06-03,0.0,-0.008395262308712681,1.98363308512306e-06
2013-06-04,0.0,0.001088489810818105,1.586985470813929e-06
2013-06-05,0.0,-0.002416297648345278,1.98363308512306e-06
2013-06-06,0.0,-0.01271651999077861,1.98363308512306e-06
2013-06-07,0.0,0.002085449035090337,1.586985470813929e-06
2013-06-10,0.0,-0.0004896672093508414,1.98363308512306e-06
2013-06-11,0.0,-0.007226012936425441,1.98363308512306e-06
2013-06-12,0.0,-0.001233635296482793,1.98363308512306e-06
2013-06-13,0.0,-0.004199559557008903,1.98363308512306e-06
2013-06-14,0.0,0.0006201366988343171,1.98363308512306e-06
2013-06-17,0.0,-0.00123959931065909,1.98363308512306e-06
2013-06-18,0.0,0.0006206162584982966,1.98363308512306e-06
2013-06-19,0.0,0.01004710408085541,1.98363308512306e-06
2013-06-20,0.0,0.005034950646915171,1.98363308512306e-06
2013-06-21,0.0,0.005865143919995042,1.98363308512306e-06
2013-06-24,0.0,0.001336256204559794,2.380241213684187e-06
2013-06-25,0.0,0.001819744332446582,2.380241213684187e-06
2013-06-26,0.0,0.004480444526320682,2.380241213684187e-06
2013-06-27,0.0,-0.0004821372827508164,2.380241213684187e-06
2013-06-28,0.0,0.003135864134025557,1.586985470813929e-06
2013-07-01,0.0,-0.002284415248221761,1.586985470813929e-06
2013-07-02,1.0,0.006748584429250526,1.190298363207276e-06
2013-07-03,1.0,-0.003710767957821881,1.98363308512306e-06
2013-07-05,1.0,0.01429766627436502,1.586985470813929e-06
2013-07-08,1.0,-0.002606032047795637,1.98363308512306e-06
2013-07-09,1.0,0.004513122287238103,1.586985470813929e-06
2013-07-10,1.0,-0.006384498744821165,1.586985470813929e-06
2013-07-11,1.0,-0.01534984413938767,1.586985470813929e-06
2013-07-12,0.0,0.002900276299329763,1.586985470813929e-06
2013-07-15,0.0,0.0006025190148803983,1.586985470813929e-06
2013-07-16,0.0,-0.007345864687213655,1.190298363207276e-06
2013-07-17,0.0,0.003396806724011325,1.190298363207276e-06
2013-07-18,0.0,0.001329955405261485,1.190298363207276e-06
2013-07-19,0.0,-0.002897824977709185,1.190298363207276e-06
2013-07-22,0.0,-0.00435941635225523,1.586985470813929e-06
2013-07-23,0.0,-0.002554111911394319,7.935717540874521e-07
2013-07-24,0.0,0.003536165199040209,1.190298363207276e-06
2013-07-25,0.0,-0.004009742634482727,7.935717540874521e-07
2013-07-26,0.0,-0.004269836146259531,1.190298363207276e-06
2013-07-29,0.0,0.0004900871622308678,1.190298363207276e-06
2013-07-30,0.0,0.002081780079862927,1.586985470813929e-06
2013-07-31,0.0,-0.004643833243423989,1.586985470813929e-06
2013-08-01,0.0,0.01092694196433164,1.586985470813929e-06
2013-08-02,0.0,-0.005222160491928252,1.586985470813929e-06
2013-08-05,1.0,-0.0003663338707099451,1.98363308512306e-06
2013-08-06,1.0,-0.003419623701626184,1.586985470813929e-06
2013-08-07,0.0,-0.003798989759688065,1.98363308512306e-06
2013-08-08,0.0,-0.003444443057490365,1.98363308512306e-06
2013-08-09,0.0,0.001481238291855647,1.98363308512306e-06
2013-08-12,0.0,0.002465235848732705,2.380241213684187e-06
2013-08-13,0.0,0.004918253004713158,2.380241213684187e-06
2013-08-14,0.0,-0.0003671406761157625,1.98363308512306e-06
2013-08-15,0.0,-0.006976740711328588,1.98363308512306e-06
2013-08-16,0.0,0.00160242681145939,1.98363308512306e-06
2013-08-19,0.0,-0.0003691702991415191,2.380241213684187e-06
2013-08-20,0.0,-0.003939427324877842,1.586985470813929e-06
2013-08-21,0.0,0.005067309531056718,1.586985470813929e-06
2013-08-22,1.0,0.002090484131619164,1.190298363207276e-06
2013-08-23,0.0,-0.001840735425342244,1.190298363207276e-06
2013-08-26,0.0,0.000368901033223068,1.586985470813929e-06
2013-08-27,0.0,-0.002457964494109843,1.98363308512306e-06
2013-08-28,0.0,0.003079955718117144,1.190298363207276e-06
2013-08-29,0.0,0.00650944228956063,7.935717540874521e-07
2013-08-30,1.0,0.001708351371103367,1.190298363207276e-06
2013-09-03,1.0,0.003289125161482165,7.935717540874521e-07
2013-09-04,1.0,-0.002306974744999857,7.935717540874521e-07
2013-09-05,1.0,0.005598139159342264,7.935717540874521e-07
2013-09-06,1.0,-0.005808976685149347,7.935717540874521e-07
2013-09-09,1.0,-0.00438223498070367,7.935717540874521e-07
2013-09-10,0.0,0.0003667780775287177,7.935717540874521e-07
2013-09-11,0.0,-0.003666622499105099,7.935717540874521e-07
2013-09-12,0.0,-0.0003679928917100783,3.968056356828953e-07
2013-09-13,0.0,-0.0004908690216708367,3.968056356828953e-07
2013-09-16,0.0,-0.002455456792334498,7.935717540874521e-07
2013-09-17,0.0,-0.0009846379206730482,3.968056356828953e-07
2013-09-18,0.0,-0.0114574390311073,3.968056356828953e-07
2013-09-19,0.0,0.001495547729023716,3.968056356828953e-07
2013-09-20,0.0,0.0009955429373700309,3.968056356828953e-07
2013-09-23,0.0,0.0001242479678342789,7.935717540874521e-07
2013-09-24,0.0,0.001367316526094342,7.935717540874521e-07
2013-09-25,0.0,-0.002854961947730716,7.935717540874521e-07
2013-09-26,0.0,0.002365178733735096,0.0
2013-09-27,0.0,-0.003104818808031151,7.935717540874521e-07
2013-09-30,0.0,-0.0006228407182523599,7.935717540874521e-07
2013-10-01,0.0,-0.001495920527997407,7.935717540874521e-07
2013-10-02,0.0,-0.00274658208357148,7.935717540874521e-07
2013-10-03,0.0,-0.001377073286602526,1.190298363207276e-06
2013-10-04,0.0,0.004387691089943635,1.190298363207276e-06
2013-10-07,0.0,-0.002246633786884833,1.190298363207276e-06
2013-10-08,0.0,0.001501064717573053,1.98363308512306e-06
2013-10-09,0.0,0.003872160847386841,1.98363308512306e-06
2013-10-10,0.0,0.0006220657043016775,1.98363308512306e-06
2013-10-11,0.0,-0.0007460527227034497,3.173339045314805e-06
2013-10-14,0.0,-0.001244381201612521,3.173339045314805e-06
2013-10-15,0.0,0.002741106589178699,5.551685702931408e-06
2013-10-16,0.0,0.0002484672245566255,3.966279028766451e-06
2013-10-17,1.0,-0.01055898725616267,1.98363308512306e-06
2013-10-18,0.0,-0.0001255760959052443,1.586985470813929e-06
2013-10-21,0.0,0.0005022716704408126,1.586985470813929e-06
2013-10-22,0.0,-0.005522118972402512,1.586985470813929e-06
2013-10-23,0.0,0.0002524517036879281,1.586985470813929e-06
2013-10-24,0.0,-0.0008831654420586865,1.190298363207276e-06
2013-10-25,0.0,-0.0001263055426455884,1.586985470813929e-06
2013-10-28,0.0,0.0008840577741149325,1.586985470813929e-06
2013-10-29,0.0,0.004794918024201511,1.586985470813929e-06
2013-10-30,0.0,0.001507004278803681,1.586985470813929e-06
2013-10-31,0.0,0.005642594962284475,1.586985470813929e-06
2013-11-01,0.0,0.00660855896333068,1.586985470813929e-06
2013-11-04,1.0,-0.002229658091056241,1.98363308512306e-06
2013-11-05,1.0,0.001986294558077528,1.98363308512306e-06
2013-11-06,1.0,-0.002849655930467154,1.98363308512306e-06
2013-11-07,1.0,0.004224606407913889,1.98363308512306e-06
2013-11-08,1.0,0.004825530699345215,2.380241213684187e-06
2013-11-11,1.0,-0.001477684373043853,2.380241213684187e-06
2013-11-12,1.0,0.001233273005697422,3.173339045314805e-06
2013-11-13,1.0,-0.003202391038454655,3.173339045314805e-06
2013-11-14,1.0,0.0006178555735729674,3.173339045314805e-06
2013-11-15,1.0,-0.001728908535924112,3.173339045314805e-06
2013-11-18,1.0,-0.0001236331925865697,3.569828763927418e-06
2013-11-19,1.0,-0.001608374116880862,3.173339045314805e-06
2013-11-20,0.0,0.005080590800670581,3.173339045314805e-06
2013-11-21,1.0,-0.0007397060552616352,2.77680986426887e-06
2013-11-22,0.0,-0.004194990184861913,2.77680986426887e-06
2013-11-25,0.0,0.002601896752010502,3.173339045314805e-06
2013-11-26,1.0,-0.003830914058432611,2.77680986426887e-06
2013-11-27,0.0,0.00161266905388513,2.77680986426887e-06
2013-11-29,1.0,-0.0007430958655086917,2.380241213684187e-06
2013-12-02,0.0,0.002850810065240461,1.98363308512306e-06
2013-12-03,1.0,-0.003584240543832218,2.380241213684187e-06
2013-12-04,0.0,0.0001239705593580887,2.380241213684187e-06
2013-12-05,0.0,-0.004464847111678383,2.380241213684187e-06
2013-12-06,0.0,0.0,2.380241213684187e-06
2013-12-09,0.0,-0.001744106085751707,2.77680986426887e-06
2013-12-10,0.0,-0.001996705830512369,2.77680986426887e-06
2013-12-11,0.0,-0.001000398022176996,2.77680986426887e-06
2013-12-12,0.0,0.003880304931306755,2.77680986426887e-06
2013-12-13,0.0,0.0001247149203376097,2.77680986426887e-06
2013-12-16,0.0,-0.001745410687525317,2.77680986426887e-06
2013-12-17,0.0,-0.0001249174006318077,2.77680986426887e-06
2013-12-18,0.0,0.0006245697387290416,2.77680986426887e-06
2013-12-19,0.0,0.006491032818681797,2.380241213684187e-06
2013-12-20,1.0,-0.0006200598296703941,2.77680986426887e-06
2013-12-23,1.0,-0.001613364108443038,2.77680986426887e-06
2013-12-24,1.0,0.0009944292615220451,2.77680986426887e-06
2013-12-26,1.0,-0.0006208297916444616,2.77680986426887e-06
2013-12-27,1.0,-0.001118339507094501,2.77680986426887e-06
2013-12-30,0.0,-0.004851342114808532,2.77680986426887e-06
2013-12-31,0.0,0.0005000114440918413,2.77680986426887e-06
2014-01-02,0.0,0.007371268505022899,2.77680986426887e-06
2014-01-03,1.0,0.001984418548427902,2.77680986426887e-06
2014-01-06,1.0,-0.001732880159202144,1.98363308512306e-06
2014-01-07,0.0,0.00223186982976098,1.586985470813929e-06
2014-01-08,1.0,0.002598033894785523,1.98363308512306e-06
2014-01-09,1.0,-0.0003701724945455176,1.586985470813929e-06
2014-01-10,1.0,-0.004320435315290028,1.98363308512306e-06
2014-01-13,0.0,-0.001859676655945552,1.190298363207276e-06
2014-01-14,0.0,0.00124206274335803,1.586985470813929e-06
2014-01-15,0.0,0.004838101807412176,1.586985470813929e-06
2014-01-16,1.0,-0.0012345490632234,1.586985470813929e-06
2014-01-17,0.0,0.004449945655889742,1.98363308512306e-06
2014-01-21,1.0,-0.001969033446998059,1.586985470813929e-06
2014-01-22,0.0,0.0008631281891646747,1.586985470813929e-06
2014-01-23,0.0,-0.008993418060940006,1.586985470813929e-06
2014-01-24,0.0,0.0002485907814457899,1.586985470813929e-06
2014-01-27,0.0,0.0004971528210602205,1.98363308512306e-06
2014-01-28,0.0,0.0008695614263878326,1.98363308512306e-06
2014-01-29,0.0,-0.0007446637560010183,1.586985470813929e-06
2014-01-30,0.0,0.007204001816802252,7.935717540874521e-07
2014-01-31,1.0,0.002219759690526457,7.935717540874521e-07
2014-02-03,1.0,-0.003199145042146578,1.98363308512306e-06
2014-02-04,1.0,0.001357864553152011,2.380241213684187e-06
2014-02-05,1.0,-0.001109516324430238,2.77680986426887e-06
2014-02-06,1.0,-0.001727747646026234,2.77680986426887e-06
2014-02-07,0.0,-0.002472455801103446,3.173339045314805e-06
2014-02-10,0.0,-0.000247915130197951,2.77680986426887e-06
2014-02-11,0.0,-0.0004958586393366549,1.98363308512306e-06
2014-02-12,0.0,0.0006201544519548463,1.98363308512306e-06
2014-02-13,0.0,-0.004833904166748226,1.190298363207276e-06
2014-02-14,0.0,-0.001992821774628117,7.935717540874521e-07
2014-02-18,0.0,-0.001497505569705737,1.98363308512306e-06
2014-02-19,0.0,0.001999700392988579,2.380241213684187e-06
2014-02-20,0.0,0.001496853552735988,1.98363308512306e-06
2014-02-21,0.0,-0.0006227805603143954,1.98363308512306e-06
2014-02-24,0.0,-0.0003738631617090649,1.98363308512306e-06
2014-02-25,0.0,-0.0007480059752970059,1.98363308512306e-06
2014-02-26,0.0,0.003243944245547192,1.98363308512306e-06
2014-02-27,1.0,-0.001492385786801997,1.586985470813929e-06
2014-02-28,0.0,-0.006352000627911747,1.98363308512306e-06
2014-03-03,0.0,0.003635007770927734,1.98363308512306e-06
2014-03-04,0.0,0.001124066037569538,1.98363308512306e-06
2014-03-05,0.0,-0.0006237905373430719,2.380241213684187e-06
2014-03-06,0.0,-0.00536762329171947,1.98363308512306e-06
2014-03-07,0.0,0.000502019520257857,2.380241213684187e-06
2014-03-10,0.0,0.0003763017917401967,1.98363308512306e-06
2014-03-11,0.0,0.0002507416058483702,1.98363308512306e-06
2014-03-12,0.0,-0.002005716929270429,1.98363308512306e-06
2014-03-13,0.0,0.0001256391929880252,1.98363308512306e-06
2014-03-14,0.0,-0.002260742262829241,1.98363308512306e-06
2014-03-17,0.0,-0.0006294442374255027,2.380241213684187e-06
2014-03-18,0.0,0.0002519747148850282,1.98363308512306e-06
2014-03-19,0.0,0.007303792657258112,2.380241213684187e-06
2014-03-20,1.0,0.002750359127122515,2.380241213684187e-06
2014-03-21,1.0,-0.001246708331411162,2.380241213684187e-06
2014-03-24,0.0,-0.002246914290405355,2.380241213684187e-06
2014-03-25,1.0,0.0001251361965755038,1.98363308512306e-06
2014-03-26,1.0,0.000500386718860435,1.98363308512306e-06
2014-03-27,1.0,0.001625371942507003,1.586985470813929e-06
2014-03-28,1.0,0.0008737947109087596,1.586985470813929e-06
2014-03-31,1.0,-0.000997777884138018,1.98363308512306e-06
2014-04-01,1.0,-0.0002496459856097255,1.586985470813929e-06
2014-04-02,1.0,0.001748244086504869,7.935717540874521e-07
2014-04-03,1.0,0.003116429770577911,7.935717540874521e-07
2014-04-04,1.0,-0.0006213874860107049,1.190298363207276e-06
2014-04-07,0.0,-0.002486905655257998,1.190298363207276e-06
2014-04-08,0.0,-0.005858903185628761,1.190298363207276e-06
2014-04-09,0.0,-0.003385537844092901,1.586985470813929e-06
2014-04-10,0.0,-0.001258254897983702,1.586985470813929e-06
2014-04-11,0.0,0.000881830401187278,1.586985470813929e-06
2014-04-14,0.0,0.003524309873464304,1.586985470813929e-06
2014-04-15,0.0,0.0008779592609677866,1.586985470813929e-06
2014-04-16,0.0,0.0002505844899960419,1.586985470813929e-06
2014-04-17,0.0,0.0001253086478165688,1.190298363207276e-06
2014-04-21,0.0,0.001503133088252229,1.586985470813929e-06
2014-04-22,0.0,-0.0005002287387040338,1.190298363207276e-06
2014-04-23,0.0,-0.000625742078166347,7.935717540874521e-07
2014-04-24,0.0,-0.000751284224082216,3.968056356828953e-07
2014-04-25,0.0,-0.0003760201446602052,1.190298363207276e-06
2014-04-28,0.0,-0.001128197839763145,1.190298363207276e-06
2014-04-29,0.0,0.001631491628012904,7.935717540874521e-07
2014-04-30,0.0,-0.004009518915086829,1.190298363207276e-06
2014-05-01,0.0,0.000503219481725159,1.190298363207276e-06
2014-05-02,0.0,-0.0001257655775680488,7.935717540874521e-07
2014-05-05,0.0,-0.0003772482465200788,1.190298363207276e-06
2014-05-06,0.0,-0.004403050490967675,1.190298363207276e-06
2014-05-07,0.0,0.001010889962998363,1.190298363207276e-06
2014-05-08,0.0,0.002650834148406611,1.190298363207276e-06
2014-05-09,0.0,0.005917175108867578,1.190298363207276e-06
2014-05-12,1.0,0.0,1.190298363207276e-06
2014-05-13,1.0,0.003003727899702158,1.190298363207276e-06
2014-05-14,1.0,-0.0008734676236253902,1.190298363207276e-06
2014-05-15,1.0,-0.0008742312363059224,1.190298363207276e-06
2014-05-16,1.0,0.0005000114440918413,1.190298363207276e-06
2014-05-19,1.0,-0.0006247257769347314,1.190298363207276e-06
2014-05-20,1.0,0.0006251163032029439,1.190298363207276e-06
2014-05-21,1.0,0.0007495946765052608,1.586985470813929e-06
2014-05-22,1.0,0.001872678261378047,1.190298363207276e-06
2014-05-23,1.0,0.001744540680977513,1.586985470813929e-06
2014-05-27,1.0,-0.0004975857175152365,1.586985470813929e-06
2014-05-28,1.0,0.002738036401755295,1.586985470813929e-06
2014-05-29,1.0,-0.0009929481364988613,1.586985470813929e-06
2014-05-30,1.0,-0.001490807806835748,1.586985470813929e-06
2014-06-02,1.0,0.003359420602706109,1.586985470813929e-06
2014-06-03,1.0,-0.001116026023955774,1.586985470813929e-06
2014-06-04,1.0,0.00148969723949488,1.586985470813929e-06
2014-06-05,1.0,-0.003718797931977269,1.586985470813929e-06
2014-06-06,1.0,0.0004977095204721227,1.586985470813929e-06
2014-06-09,0.0,0.002984676692442623,1.586985470813929e-06
2014-06-10,1.0,0.002107850783992449,1.586985470813929e-06
2014-06-11,1.0,-0.0003711801461290243,1.586985470813929e-06
2014-06-12,1.0,-0.00259932023880316,1.586985470813929e-06
2014-06-13,0.0,0.0,1.586985470813929e-06
2014-06-16,0.0,-0.001365110546686199,1.586985470813929e-06
2014-06-17,1.0,0.001988269296480105,1.586985470813929e-06
2014-06-18,0.0,-0.0006200598296703941,1.190298363207276e-06
2014-06-19,0.0,-0.003226633535893808,7.935717540874521e-07
2014-06-20,0.0,0.000622547957517483,7.935717540874521e-07
2014-06-23,0.0,-0.001368677449202105,1.190298363207276e-06
2014-06-24,0.0,0.0008721616366942353,1.190298363207276e-06
2014-06-25,1.0,-0.001369358992209579,1.190298363207276e-06
2014-06-26,0.0,0.000124683820472038,1.586985470813929e-06
2014-06-27,0.0,-0.002368221780584379,1.190298363207276e-06
2014-06-30,0.0,-0.003248402464473554,1.586985470813929e-06
2014-07-01,0.0,0.0005013902749986254,7.935717540874521e-07
2014-07-02,1.0,0.001753938739460059,7.935717540874521e-07
2014-07-03,1.0,0.003126563317439324,3.968056356828953e-07
2014-07-07,1.0,0.0001246993684655973,1.586985470813929e-06
2014-07-08,1.0,-0.0004986401759990988,1.190298363207276e-06
2014-07-09,1.0,-0.002369698686493837,1.190298363207276e-06
2014-07-10,1.0,0.001750211193740414,7.935717540874521e-07
2014-07-11,1.0,0.0007488479975670259,7.935717540874521e-07
2014-07-14,1.0,0.0,1.190298363207276e-06
2014-07-15,1.0,0.002494038435630674,7.935717540874521e-07
2014-07-16,1.0,0.002114668120860808,7.935717540874521e-07
2014-07-17,1.0,-0.0004965357092798772,7.935717540874521e-07
2014-07-18,1.0,0.0,7.935717540874521e-07
2014-07-21,1.0,0.0004967823794710391,1.190298363207276e-06
2014-07-22,1.0,0.002730899048787983,1.190298363207276e-06
2014-07-23,1.0,0.0003713639483808873,1.190298363207276e-06
2014-07-24,1.0,0.0007425465883075244,1.190298363207276e-06
2014-07-25,1.0,0.001978434861888312,1.190298363207276e-06
2014-07-28,1.0,0.0,1.586985470813929e-06
2014-07-29,1.0,0.002221403281345902,7.935717540874521e-07
2014-07-30,1.0,0.002585877192957664,1.586985470813929e-06
2014-07-31,1.0,0.0004912910393874981,1.190298363207276e-06
2014-08-01,1.0,-0.001964105505929736,1.190298363207276e-06
2014-08-04,1.0,0.0003689886613875704,1.586985470813929e-06
2014-08-05,1.0,0.002336097476136612,1.190298363207276e-06
2014-08-06,1.0,-0.0009812831814801637,1.190298363207276e-06
2014-08-07,1.0,0.0009822470439844189,1.190298363207276e-06
2014-08-08,1.0,-0.001594667060490162,1.190298363207276e-06
2014-08-11,1.0,0.0009829442395212773,1.586985470813929e-06
2014-08-12,1.0,0.0003682187166735851,1.190298363207276e-06
2014-08-13,1.0,0.001226975142590181,1.586985470813929e-06
2014-08-14,1.0,-0.0001225752011948522,1.586985470813929e-06
2014-08-15,1.0,-0.002083566326456232,1.190298363207276e-06
2014-08-18,1.0,0.00196516415754977,1.190298363207276e-06
2014-08-19,1.0,0.003677315710099549,1.190298363207276e-06
2014-08-20,1.0,0.004518841707296106,1.586985470813929e-06
2014-08-21,1.0,-0.001215786919405382,7.935717540874521e-07
2014-08-22,1.0,0.002312779165948742,1.190298363207276e-06
2014-08-25,1.0,0.0025504824290421,1.586985470813929e-06
2014-08-26,1.0,0.001211368509076882,1.190298363207276e-06
2014-08-27,1.0,-0.002661841701651291,1.586985470813929e-06
2014-08-28,1.0,0.0006066122961627674,1.190298363207276e-06
2014-08-29,1.0,0.003273480020338893,1.190298363207276e-06
2014-09-02,1.0,0.002900276299329763,1.190298363207276e-06
2014-09-03,1.0,-0.001445898545321955,1.190298363207276e-06
2014-09-04,1.0,0.01146370117963302,1.190298363207276e-06
2014-09-05,1.0,-0.0007157904892888256,1.190298363207276e-06
2014-09-08,1.0,0.005611284726792398,7.935717540874521e-07
2014-09-09,1.0,0.0005935583565326308,7.935717540874521e-07
2014-09-10,1.0,-0.0003559418572778306,7.935717540874521e-07
2014-09-11,1.0,0.000593508032733725,7.935717540874521e-07
2014-09-12,1.0,-0.0007118052884462767,7.935717540874521e-07
2014-09-15,1.0,0.0002374676278278365,7.935717540874521e-07
2014-09-16,1.0,-0.002254954148933619,7.935717540874521e-07
2014-09-17,1.0,0.007493722561018989,7.935717540874521e-07
2014-09-18,1.0,-0.004486390402707707,7.935717540874521e-07
2014-09-19,1.0,0.005692639452927528,7.935717540874521e-07
2014-09-22,1.0,-0.00153307639308875,3.968056356828953e-07
2014-09-23,1.0,-0.0001180407116107007,3.968056356828953e-07
2014-09-24,1.0,0.004606654533172216,7.935717540874521e-07
2014-09-25,1.0,0.001763596603201689,3.968056356828953e-07
2014-09-26,1.0,0.005164348088809723,3.968056356828953e-07
2014-09-29,1.0,-0.0005838749663029663,7.935717540874521e-07
2014-09-30,1.0,0.004089334250393817,7.935717540874521e-07
2014-10-01,1.0,0.0003490665399659143,7.935717540874521e-07
2014-10-02,1.0,-0.004303858803400007,3.968056356828953e-07
2014-10-03,1.0,0.01273369143358916,3.968056356828953e-07
2014-10-06,1.0,-0.01130468715346933,7.935717540874521e-07
2014-10-07,1.0,-0.0004667006878382729,7.935717540874521e-07
2014-10-08,1.0,-0.004318841194064782,3.968056356828953e-07
2014-10-09,1.0,0.002579057250151617,3.968056356828953e-07
2014-10-10,1.0,0.004560419017212158,3.968056356828953e-07
2014-10-13,1.0,-0.005587281299876179,3.968056356828953e-07
2014-10-14,1.0,0.004565133890381157,7.935717540874521e-07
2014-10-15,1.0,-0.007807016678254786,7.935717540874521e-07
2014-10-16,1.0,-0.001761615069769795,1.190298363207276e-06
2014-10-17,1.0,0.00223532284007355,7.935717540874521e-07
2014-10-20,1.0,-0.002817296470077446,7.935717540874521e-07
2014-10-21,1.0,0.004237794270562478,7.935717540874521e-07
2014-10-22,1.0,0.005040444467020899,7.935717540874521e-07
2014-10-23,1.0,0.001166299004112137,3.968056356828953e-07
2014-10-24,1.0,-0.001281372153419835,3.968056356828953e-07
2014-10-27,1.0,-0.002682880531054921,7.935717540874521e-07
2014-10-28,1.0,-0.001052588747258776,7.935717540874521e-07
2014-10-29,1.0,0.006322365800018881,1.190298363207276e-06
2014-10-30,1.0,0.002326987606028119,3.968056356828953e-07
2014-10-31,1.0,0.008473542827736047,3.968056356828953e-07
2014-11-03,1.0,0.004949359101860118,7.935717540874521e-07
2014-11-04,1.0,-0.003779569475290567,1.190298363207276e-06
2014-11-05,1.0,0.005288561355705879,1.190298363207276e-06
2014-11-06,1.0,0.006518752046080767,1.190298363207276e-06
2014-11-07,1.0,-0.004204098825146052,1.190298363207276e-06
2014-11-10,1.0,0.001939732657795901,7.935717540874521e-07
2014-11-11,1.0,-0.003188689068235551,7.935717540874521e-07
2014-11-12,1.0,0.003313160283008543,7.935717540874521e-07
2014-11-13,1.0,-0.001708056552040094,7.935717540874521e-07
2014-11-14,1.0,-0.001596890527802319,7.935717540874521e-07
2014-11-17,1.0,0.004569879258052856,1.190298363207276e-06
2014-11-18,1.0,-0.003980421618405172,7.935717540874521e-07
2014-11-19,1.0,0.0007992657383046886,3.968056356828953e-07
2014-11-20,1.0,-0.0006845999651302614,7.935717540874521e-07
2014-11-21,1.0,0.008220130731888764,3.968056356828953e-07
2014-11-24,1.0,-0.001811754468781235,7.935717540874521e-07
2014-11-25,1.0,-0.002609226919480734,7.935717540874521e-07
2014-11-26,1.0,-0.00352590497099492,7.935717540874521e-07
2014-11-28,1.0,0.008560666530932348,7.935717540874521e-07
2014-12-01,1.0,-0.004640150059724402,1.190298363207276e-06
2014-12-02,1.0,0.007959119976418627,1.190298363207276e-06
2014-12-03,1.0,0.003496870313118405,3.968056356828953e-07
2014-12-04,1.0,-0.002922685913964385,7.935717540874521e-07
2014-12-05,1.0,0.007102648303134895,7.935717540874521e-07
2014-12-08,1.0,-0.00324639997294307,1.190298363207276e-06
2014-12-09,1.0,-0.003930800432640824,1.586985470813929e-06
2014-12-10,1.0,-0.004735661143062009,1.190298363207276e-06
2014-12-11,1.0,0.004418341836128326,1.190298363207276e-06
2014-12-12,1.0,-0.003383747342275645,7.935717540874521e-07
2014-12-15,1.0,0.001131716539501504,1.586985470813929e-06
2014-12-16,1.0,-0.003730520398712245,1.190298363207276e-06
2014-12-17,1.0,0.01134687428985726,1.190298363207276e-06
2014-12-18,1.0,0.001234159247630151,1.586985470813929e-06
2014-12-19,1.0,0.004034072377513187,1.586985470813929e-06
2014-12-22,1.0,0.001897301025004072,1.98363308512306e-06
2014-12-23,1.0,0.003230488207328408,1.190298363207276e-06
2014-12-24,1.0,-0.0009992931415756523,3.968056356828953e-07
2014-12-26,1.0,0.0006668618181584485,3.968056356828953e-07
2014-12-29,1.0,0.001777226083292671,1.190298363207276e-06
2014-12-30,1.0,-0.002217591442761679,1.190298363207276e-06
2014-12-31,1.0,0.003111443337522335,1.586985470813929e-06
2015-01-02,1.0,0.00897313856331583,7.935717540874521e-07
2015-01-05,1.0,0.003293757315900647,1.190298363207276e-06
2015-01-06,1.0,0.001313227732424149,1.190298363207276e-06
2015-01-07,1.0,0.004262288411458259,1.190298363207276e-06
2015-01-08,1.0,0.005223673524016537,1.190298363207276e-06
2015-01-09,1.0,-0.004655194244775451,7.935717540874521e-07
2015-01-12,1.0,0.0004350762939433483,1.190298363207276e-06
2015-01-13,1.0,0.003587673294374705,1.190298363207276e-06
2015-01-14,1.0,-0.001624893299224328,1.586985470813929e-06
2015-01-15,1.0,0.002061575569249241,1.190298363207276e-06
2015-01-16,1.0,0.001840803159222082,1.190298363207276e-06
2015-01-20,1.0,0.005728560613076139,1.190298363207276e-06
2015-01-21,1.0,-0.001612052885108128,1.190298363207276e-06
2015-01-22,1.0,0.01442407229150966,1.190298363207276e-06
2015-01-23,1.0,0.008064538979819513,7.935717540874521e-07
2015-01-26,1.0,-0.002105231034128296,1.190298363207276e-06
2015-01-27,1.0,-0.008227915438626554,7.935717540874521e-07
2015-01-28,1.0,0.004786264557582243,7.935717540874521e-07
2015-01-29,1.0,0.003281439129756425,1.190298363207276e-06
2015-01-30,1.0,0.0002110600624454229,7.935717540874521e-07
2015-02-02,1.0,-0.003164589051690481,7.935717540874521e-07
2015-02-03,1.0,-0.009523825670676223,7.935717540874521e-07
2015-02-04,1.0,0.004166660213742013,3.968056356828953e-07
2015-02-05,1.0,0.007553985536862484,7.935717540874521e-07
2015-02-06,1.0,0.0,7.935717540874521e-07
2015-02-09,1.0,-0.002639915607775989,3.968056356828953e-07
2015-02-10,1.0,0.003282214907409209,3.968056356828953e-07
2015-02-11,1.0,0.002427139324125527,3.968056356828953e-07
2015-02-12,1.0,-0.009474697822076439,7.935717540874521e-07
2015-02-13,1.0,0.001169099953586272,3.968056356828953e-07
2015-02-17,1.0,-0.001486193144203174,7.935717540874521e-07
2015-02-18,1.0,0.001488405201809817,7.935717540874521e-07
2015-02-19,1.0,0.002123190914184558,7.935717540874521e-07
2015-02-20,1.0,-0.001588999189134355,7.935717540874521e-07
2015-02-23,1.0,0.00339522222625166,7.935717540874521e-07
2015-02-24,1.0,-0.0008459535932415774,7.935717540874521e-07
2015-02-25,1.0,-0.002963263685332729,7.935717540874521e-07
2015-02-26,1.0,0.01146377074142957,1.190298363207276e-06
2015-02-27,1.0,-0.0004197808284502891,7.935717540874521e-07
2015-03-02,1.0,0.002204714797613194,7.935717540874521e-07
2015-03-03,1.0,-0.0008380665390944619,7.935717540874521e-07
2015-03-04,1.0,0.006185824955703856,3.968056356828953e-07
2015-03-05,1.0,0.004272126992808545,7.935717540874521e-07
2015-03-06,1.0,0.0128657971415338,3.968056356828953e-07
2015-03-09,1.0,-0.0003073797157053804,7.935717540874521e-07
2015-03-10,1.0,0.01055442614348667,7.935717540874521e-07
2015-03-11,1.0,0.01196512139842421,1.190298363207276e-06
2015-03-12,1.0,-0.006513041142311438,1.190298363207276e-06
2015-03-13,1.0,0.0119011627535659,1.190298363207276e-06
2015-03-16,1.0,-0.007276022561654716,1.98363308512306e-06
2015-03-17,1.0,-0.0001004230560612829,1.98363308512306e-06
2015-03-18,1.0,-0.01044274851265492,1.190298363207276e-06
2015-03-19,1.0,0.005580876766431153,1.190298363207276e-06
2015-03-20,1.0,-0.01200802048773464,3.968056356828953e-07
2015-03-23,1.0,-0.008987895515247146,1.190298363207276e-06
2015-03-24,1.0,0.0016490123067332,7.935717540874521e-07
2015-03-25,1.0,-0.00216070664880641,1.586985470813929e-06
2015-03-26,1.0,0.004743236425550856,1.190298363207276e-06
2015-03-27,1.0,-0.001539424488100849,1.586985470813929e-06
2015-03-30,1.0,0.007092223608933246,1.586985470813929e-06
2015-03-31,1.0,0.003878314353936707,1.190298363207276e-06
2015-04-01,1.0,-0.001728326229060828,1.190298363207276e-06
2015-04-02,1.0,-0.007638252177939897,7.935717540874521e-07
2015-04-06,1.0,-0.00338671821414549,1.190298363207276e-06
2015-04-07,1.0,0.007414284998226828,7.935717540874521e-07
2015-04-08,1.0,0.002453213321859993,1.190298363207276e-06
2015-04-09,1.0,0.01111455053203891,1.190298363207276e-06
2015-04-10,1.0,0.002319440490570868,7.935717540874521e-07
2015-04-13,1.0,0.001006122092113815,1.190298363207276e-06
2015-04-14,1.0,-0.007337378060241151,7.935717540874521e-07
2015-04-15,1.0,-0.004353992465316425,7.935717540874521e-07
2015-04-16,1.0,-0.009254588072447056,7.935717540874521e-07
2015-04-17,1.0,0.001026467624724026,3.968056356828953e-07
2015-04-20,1.0,0.004306868465932201,1.190298363207276e-06
2015-04-21,1.0,0.0004084226519320833,1.190298363207276e-06
2015-04-22,1.0,0.0004081780441169691,1.190298363207276e-06
2015-04-23,1.0,-0.007549458162747991,1.190298363207276e-06
2015-04-24,1.0,-0.003700664215347205,1.190298363207276e-06
2015-04-27,1.0,-0.001547683952876633,7.935717540874521e-07
2015-04-28,1.0,-0.00702697456613488,7.935717540874521e-07
2015-04-29,1.0,-0.01009463657275733,3.968056356828953e-07
2015-04-30,1.0,-0.005466823564401313,3.968056356828953e-07
2015-05-01,1.0,0.007399625675768018,3.968056356828953e-07
2015-05-04,1.0,0.001888775439786938,7.935717540874521e-07
2015-05-05,1.0,-0.003665752945223422,3.968056356828953e-07
2015-05-06,1.0,-0.01051193134523165,7.935717540874521e-07
2015-05-07,1.0,0.005205625278463133,3.968056356828953e-07
2015-05-08,1.0,0.00179664092169407,3.968056356828953e-07
2015-05-11,1.0,0.002320932783819396,7.935717540874521e-07
2015-05-12,1.0,-0.005052134997800994,1.190298363207276e-06
2015-05-13,1.0,-0.009626531730307586,7.935717540874521e-07
2015-05-14,1.0,-0.002777207098938694,3.968056356828953e-07
2015-05-15,1.0,-0.002356482639940483,7.935717540874521e-07
2015-05-18,1.0,0.01127338478246243,7.935717540874521e-07
2015-05-19,1.0,0.01146612351275822,7.935717540874521e-07
2015-05-20,1.0,0.001889370331880746,7.935717540874521e-07
2015-05-21,1.0,-0.001990516690270283,7.935717540874521e-07
2015-05-22,1.0,0.007873188989933277,7.935717540874521e-07
2015-05-26,1.0,0.0134361096430029,7.935717540874521e-07
2015-05-27,1.0,0.0007194213014256601,3.968056356828953e-07
2015-05-28,1.0,-0.004108057046274927,3.968056356828953e-07
2015-05-29,1.0,-0.0006187228817002843,3.968056356828953e-07
2015-06-01,1.0,0.004953004946864237,7.935717540874521e-07
2015-06-02,1.0,-0.0159154231591726,3.968056356828953e-07
2015-06-03,1.0,-0.003860550201640778,7.935717540874521e-07
2015-06-04,1.0,-0.0001047673206513444,7.935717540874521e-07
2015-06-05,1.0,0.008904237191212694,1.190298363207276e-06
2015-06-08,1.0,-0.01048691239163901,7.935717540874521e-07
2015-06-09,1.0,-0.001364164518881439,7.935717540874521e-07
2015-06-10,1.0,-0.005463871525386743,7.935717540874521e-07
2015-06-11,1.0,0.003486548607867235,3.968056356828953e-07
2015-06-12,1.0,-0.0001053078108754768,7.935717540874521e-07
2015-06-15,1.0,-0.001684781089320353,7.935717540874521e-07
2015-06-16,1.0,0.002004033818151063,3.968056356828953e-07
2015-06-17,1.0,-0.007368388928865155,3.968056356828953e-07
2015-06-18,1.0,-0.002757180570691631,3.968056356828953e-07
2015-06-19,1.0,0.0005316399604056166,3.968056356828953e-07
2015-06-22,1.0,0.002550807763900487,3.968056356828953e-07
2015-06-23,1.0,0.01166117303899972,3.968056356828953e-07
2015-06-24,1.0,-0.001781391264819021,3.968056356828953e-07
2015-06-25,1.0,-0.0007348277687849736,3.968056356828953e-07
2015-06-26,1.0,0.002941472550851421,3.968056356828953e-07
2015-06-29,1.0,-0.007122659437321932,7.935717540874521e-07
2015-06-30,1.0,0.007384712960030404,3.968056356828953e-07
2015-07-01,1.0,0.008587283623087583,3.968056356828953e-07
2015-07-02,1.0,-0.002076595922666402,3.968056356828953e-07
2015-07-06,1.0,0.001976926856722905,7.935717540874521e-07
2015-07-07,1.0,0.005918999758679711,7.935717540874521e-07
2015-07-08,1.0,-0.005987424534011909,7.935717540874521e-07
2015-07-09,1.0,0.003323291014452723,1.190298363207276e-06
2015-07-10,1.0,-0.0060035382195468,3.968056356828953e-07
2015-07-13,1.0,0.008643151531869231,7.935717540874521e-07
2015-07-14,1.0,-0.002271332018550676,3.968056356828953e-07
2015-07-15,1.0,0.005070342165399699,7.935717540874521e-07
2015-07-16,1.0,0.005456670685458631,7.935717540874521e-07
2015-07-17,1.0,0.002047890034226896,1.190298363207276e-06
2015-07-20,1.0,0.001737156835121878,1.586985470813929e-06
2015-07-21,1.0,-0.007140640181156677,1.190298363207276e-06
2015-07-22,1.0,0.002774033062642456,1.586985470813929e-06
2015-07-23,1.0,-0.004917989088558561,1.190298363207276e-06
2015-07-24,1.0,0.001235534532475269,1.586985470813929e-06
2015-07-27,1.0,-0.007610015220344324,1.98363308512306e-06
2015-07-28,1.0,0.002797892674263336,1.98363308512306e-06
2015-07-29,1.0,0.002170163492325017,2.380241213684187e-06
2015-07-30,1.0,0.005980554563660867,2.77680986426887e-06
2015-07-31,1.0,-0.001947466346517768,3.173339045314805e-06
2015-08-03,1.0,0.001232362265612741,3.173339045314805e-06
2015-08-04,1.0,0.004513308555212925,3.173339045314805e-06
2015-08-05,1.0,0.0003063287981557306,3.173339045314805e-06
2015-08-06,1.0,-0.001327044249008869,1.586985470813929e-06
2015-08-07,1.0,-0.002759933225057187,2.380241213684187e-06
2015-08-10,1.0,-0.004099978541349802,4.759061227099792e-06
2015-08-11,1.0,0.001337970857535842,3.966279028766451e-06
2015-08-12,1.0,-0.01058689248231359,3.966279028766451e-06
2015-08-13,1.0,0.001973766962344747,3.966279028766451e-06
2015-08-14,1.0,0.001244196478787041,3.569828763927418e-06
2015-08-17,1.0,0.002588795700424917,3.966279028766451e-06
2015-08-18,1.0,0.001549282445276967,2.77680986426887e-06
2015-08-19,1.0,-0.005259380528104818,1.98363308512306e-06
2015-08-20,1.0,-0.007360554542934272,7.935717540874521e-07
2015-08-21,1.0,-0.009608335968097292,1.190298363207276e-06
2015-08-24,1.0,-0.01602872765065344,2.380241213684187e-06
2015-08-25,1.0,0.01307471067006549,2.77680986426887e-06
2015-08-26,1.0,0.006029828648945745,2.380241213684187e-06
2015-08-27,1.0,0.005362798574273908,2.380241213684187e-06
2015-08-28,1.0,0.005229578462588869,2.380241213684187e-06
2015-08-31,1.0,-0.00166479722290358,3.173339045314805e-06
2015-09-01,1.0,-0.005211047586272555,1.190298363207276e-06
2015-09-02,1.0,0.003981193242138747,1.190298363207276e-06
2015-09-03,1.0,0.006052403422439845,7.935717540874521e-07
2015-09-04,1.0,-0.001867029336567905,7.935717540874521e-07
2015-09-08,1.0,-0.003637182700881647,2.380241213684187e-06
2015-09-09,1.0,0.001355912458663067,1.190298363207276e-06
2015-09-10,1.0,-0.005728601599002126,7.935717540874521e-07
2015-09-11,1.0,-0.002828374666413835,1.586985470813929e-06
2015-09-14,1.0,0.0006302926468635395,2.77680986426887e-06
2015-09-15,1.0,0.003779533966945525,2.77680986426887e-06
2015-09-16,1.0,-0.001987265350834821,2.380241213684187e-06
2015-09-17,1.0,-0.009117534415030382,3.968056356828953e-07
2015-09-18,1.0,0.003278662597441251,0.0
2015-09-21,1.0,0.01085809374519942,3.968056356828953e-07
2015-09-22,1.0,0.004067153948595692,0.0
2015-09-23,1.0,-0.002181128865134663,3.968056356828953e-07
2015-09-24,1.0,-0.0008327451994256663,3.968056356828953e-07
2015-09-25,1.0,0.002916957865696013,0.0
2015-09-28,1.0,-0.002492966366866689,3.968056356828953e-07
2015-09-29,1.0,-0.00145787140922693,3.968056356828953e-07
2015-09-30,1.0,0.004797153899265938,0.0
2015-10-01,1.0,-0.001660571201335448,0.0
2015-10-02,1.0,-0.00374259903539198,0.0
2015-10-05,1.0,0.002921827965635559,3.968056356828953e-07
2015-10-06,1.0,-0.006763099799719452,0.0
2015-10-07,1.0,0.0004190332695472865,0.0
2015-10-08,1.0,-0.00188481994948464,0.0
2015-10-09,1.0,-0.005350421085431045,3.968056356828953e-07
2015-10-12,1.0,0.0003164094512113635,3.968056356828953e-07
2015-10-13,1.0,-0.0008434648328660144,3.968056356828953e-07
2015-10-14,1.0,-0.008758989155165375,0.0
2015-10-15,1.0,0.004684365378225142,3.968056356828953e-07
2015-10-16,1.0,0.001801400487417837,3.968056356828953e-07
2015-10-19,1.0,0.004442544583012964,7.935717540874521e-07
2015-10-20,1.0,-0.001158388915460162,7.935717540874521e-07
2015-10-21,1.0,0.002108640810271512,3.968056356828953e-07
2015-10-22,1.0,0.01357173324266348,0.0
2015-10-23,1.0,0.007577365421244986,3.968056356828953e-07
2015-10-26,1.0,-0.002163377821498558,7.935717540874521e-07
2015-10-27,1.0,0.000516240465029183,1.190298363207276e-06
2015-10-28,1.0,0.008977350988664368,1.586985470813929e-06
2015-10-29,1.0,-0.005113520211107447,2.77680986426887e-06
2015-10-30,1.0,-0.003392288601929083,3.173339045314805e-06
2015-11-02,1.0,-0.0002062572841243782,3.173339045314805e-06
2015-11-03,1.0,0.002372881009073069,2.380241213684187e-06
2015-11-04,1.0,0.008130848665672596,1.98363308512306e-06
2015-11-05,1.0,-0.000102036826414742,1.98363308512306e-06
2015-11-06,1.0,0.01245661823863031,3.173339045314805e-06
2015-11-09,1.0,-0.00181525109447489,5.551685702931408e-06
2015-11-10,1.0,0.003131921075773869,5.155393176359269e-06
2015-11-11,1.0,-0.002820009836993487,5.155393176359269e-06
2015-11-12,1.0,-0.003636002450098208,5.551685702931408e-06
2015-11-13,1.0,0.003446490954198689,5.551685702931408e-06
2015-11-16,1.0,0.00454596007018826,5.947938814809817e-06
2015-11-17,1.0,0.001910647700593904,5.551685702931408e-06
2015-11-18,1.0,0.0002007856369810046,4.759061227099792e-06
2015-11-19,1.0,-0.006623217782269375,4.362689847159373e-06
2015-11-20,1.0,0.005859196318529936,4.759061227099792e-06
2015-11-23,1.0,0.002309966432043176,5.551685702931408e-06
2015-11-24,1.0,-0.002705453549143755,6.344152519766055e-06
2015-11-25,1.0,0.002712792884280724,7.532557270595319e-06
2015-11-27,1.0,0.002204344534884495,7.136461739776223e-06
2015-11-30,1.0,0.001499715366060084,8.720607641343747e-06
2015-12-01,1.0,-0.003693671997112902,8.32463021360752e-06
2015-12-02,1.0,0.001903755573165578,8.32463021360752e-06
2015-12-03,1.0,-0.02370232191040222,8.32463021360752e-06
2015-12-04,1.0,0.007477931847985175,9.116545717002822e-06
2015-12-07,1.0,0.003152060933380163,1.149134821565312e-05
2015-12-08,1.0,-0.001925830471859347,1.0699904655187e-05
2015-12-09,1.0,-0.01137405029651362,1.030412390967683e-05
2015-12-10,1.0,0.006060646908402356,9.512444448356305e-06
2015-12-11,1.0,-0.003777851106379071,9.116545717002822e-06
2015-12-14,1.0,0.000307459048792813,1.030412390967683e-05
2015-12-15,1.0,0.006352487256917616,9.908303843175759e-06
2015-12-16,1.0,-0.003563413457251308,1.0699904655187e-05
2015-12-17,1.0,0.01430462712982061,9.116545717002822e-06
2015-12-18,1.0,-0.005741913106673158,7.532557270595319e-06
2015-12-21,1.0,-0.002431589373760423,9.512444448356305e-06
2015-12-22,1.0,-0.002234422331391372,8.32463021360752e-06
2015-12-23,1.0,0.001017899799425459,7.92861342602258e-06
2015-12-24,1.0,-0.003660697522502643,7.92861342602258e-06
2015-12-28,1.0,-0.0006124227998818288,9.116545717002822e-06
2015-12-29,1.0,0.00183823844507458,9.116545717002822e-06
2015-12-30,1.0,0.001732906947905288,8.32463021360752e-06
2015-12-31,1.0,0.003663382748033905,6.344152519766055e-06
2016-01-04,1.0,0.002433392475388541,8.720607641343747e-06
2016-01-05,0.0,0.005360561996294644,7.92861342602258e-06
2016-01-06,0.0,-0.002213291924807903,8.32463021360752e-06
2016-01-07,0.0,-0.009679361580144707,7.92861342602258e-06
2016-01-08,0.0,0.003257989114713755,7.92861342602258e-06
2016-01-11,0.0,0.001928175762542672,8.32463021360752e-06
2016-01-12,0.0,0.002430850355609415,8.32463021360752e-06
2016-01-13,0.0,-0.000404172123208757,8.720607641343747e-06
2016-01-14,0.0,0.001617265058337036,9.908303843175759e-06
2016-01-15,0.0,-0.001311910972069175,9.512444448356305e-06
2016-01-18,0.0,0.001616851895610782,9.512444448356305e-06
2016-01-19,0.0,-0.001311590791062467,1.030412390967683e-05
2016-01-20,0.0,0.001010187658138095,1.030412390967683e-05
2016-01-21,0.0,-0.0003027427632006363,1.109564608792191e-05
2016-01-22,0.0,0.005148416604076722,1.228263458696865e-05
2016-01-25,0.0,-0.002109059808338754,1.228263458696865e-05
2016-01-26,0.0,0.0,1.228263458696865e-05
2016-01-27,0.0,-0.004629620386946032,1.26782188460961e-05
2016-01-28,0.0,-0.003943370916393629,1.386473601239224e-05
2016-01-29,0.0,0.01116636331608123,1.307376383175018e-05
2016-02-01,0.0,-0.006123889234151525,1.386473601239224e-05
2016-02-02,0.0,-0.00131310356987846,1.346926955103633e-05
2016-02-03,0.0,-0.01598059863621581,1.307376383175018e-05
2016-02-04,0.0,-0.008428406692443047,1.149134821565312e-05
2016-02-05,0.0,0.005804888063726699,1.188701104593015e-05
2016-02-08,0.0,-0.004740792438006403,1.26782188460961e-05
2016-02-09,0.0,-0.005177591400849946,1.188701104593015e-05
2016-02-10,0.0,-0.001873636991231109,1.228263458696865e-05
2016-02-11,0.0,-0.003441462437743126,1.109564608792191e-05
2016-02-12,0.0,0.004395205201656704,1.188701104593015e-05
2016-02-16,0.0,0.009272758475936671,1.188701104593015e-05
2016-02-17,0.0,-0.0008258679548505121,1.188701104593015e-05
2016-02-18,0.0,0.001653022328768072,1.188701104593015e-05
2016-02-19,0.0,-0.003610092678063115,1.228263458696865e-05
2016-02-22,0.0,0.008074521652356337,1.307376383175018e-05
2016-02-23,0.0,0.00102696761487242,1.26782188460961e-05
2016-02-24,0.0,-0.0002052141133775942,1.307376383175018e-05
2016-02-25,0.0,-0.001744286584673294,1.26782188460961e-05
2016-02-26,0.0,0.00883955804562353,1.307376383175018e-05
2016-02-29,0.0,0.0006112843368415444,1.307376383175018e-05
2016-03-01,0.0,0.001425510548350717,1.307376383175018e-05
2016-03-02,0.0,-0.001423481360655843,1.426016322336743e-05
2016-03-03,0.0,-0.006516641845174642,1.109564608792191e-05
2016-03-04,0.0,-0.002357316364179463,1.149134821565312e-05
2016-03-07,0.0,-0.002773748235300744,1.26782188460961e-05
2016-03-08,0.0,0.001442251880999113,1.149134821565312e-05
2016-03-09,0.0,-0.0004114897222926572,1.188701104593015e-05
2016-03-10,0.0,-0.01132035087835004,1.26782188460961e-05
2016-03-11,0.0,0.001040891791805443,1.307376383175018e-05
2016-03-14,0.0,0.004679261580583294,1.346926955103633e-05
2016-03-15,0.0,0.0001034413843079562,1.346926955103633e-05
2016-03-16,0.0,-0.007658055312045997,1.228263458696865e-05
2016-03-17,0.0,-0.01178430765054272,1.149134821565312e-05
2016-03-18,0.0,0.002427139324125527,1.188701104593015e-05
2016-03-21,0.0,0.003158259379983042,1.228263458696865e-05
2016-03-22,0.0,0.003777947391045755,1.188701104593015e-05
2016-03-23,0.0,0.004181929111320315,1.188701104593015e-05
2016-03-24,0.0,0.0009369738160458496,1.188701104593015e-05
2016-03-28,0.0,-0.002080267833491578,1.149134821565312e-05
2016-03-29,0.0,-0.008130068370315602,9.116545717002822e-06
2016-03-30,0.0,-0.003362834299113993,7.92861342602258e-06
2016-03-31,0.0,-0.002636018659356698,8.32463021360752e-06
2016-04-01,0.0,0.0003172260265686955,9.116545717002822e-06
2016-04-04,0.0,-0.001162551333317663,9.116545717002822e-06
2016-04-05,0.0,0.001269655216117105,9.116545717002822e-06
2016-04-06,0.0,-0.002113462475398786,9.116545717002822e-06
2016-04-07,0.0,0.0005295250619106184,9.116545717002822e-06
2016-04-08,0.0,-0.002540278203180701,9.116545717002822e-06
2016-04-11,0.0,-0.003077259360155793,9.116545717002822e-06
2016-04-12,0.0,0.000106462336938451,8.720607641343747e-06
2016-04-13,0.0,0.008301391942284297,9.116545717002822e-06
2016-04-14,0.0,0.001688871286860794,8.720607641343747e-06
2016-04-15,0.0,-0.002107529762074623,8.720607641343747e-06
2016-04-18,0.0,-0.002217519442872073,8.720607641343747e-06
2016-04-19,0.0,-0.005397338537050489,8.32463021360752e-06
2016-04-20,0.0,0.005426627884859592,9.116545717002822e-06
2016-04-21,0.0,0.001164150839649158,9.116545717002822e-06
2016-04-22,0.0,0.00549687400474097,9.116545717002822e-06
2016-04-25,0.0,-0.002943717415961333,9.908303843175759e-06
2016-04-26,0.0,-0.002846864756346879,9.512444448356305e-06
2016-04-27,0.0,-0.001903355247505956,9.512444448356305e-06
2016-04-28,0.0,-0.006674406796182919,8.720607641343747e-06
2016-04-29,0.0,-0.007252562816581043,8.720607641343747e-06
2016-05-02,0.0,-0.00483460000842606,8.720607641343747e-06
2016-05-03,0.0,0.003346704061106376,8.32463021360752e-06
2016-05-04,0.0,0.002582288115613451,7.532557270595319e-06
2016-05-05,0.0,0.006439133635501415,7.92861342602258e-06
2016-05-06,0.0,0.001172964510379737,7.532557270595319e-06
2016-05-09,0.0,0.002769220768140013,9.512444448356305e-06
2016-05-10,0.0,0.001486982340727305,9.512444448356305e-06
2016-05-11,0.0,-0.004984634808988808,1.030412390967683e-05
2016-05-12,0.0,0.003410783370977555,1.0699904655187e-05
2016-05-13,0.0,0.004992577265247045,1.149134821565312e-05
2016-05-16,0.0,-0.0004227979628927958,1.109564608792191e-05
2016-05-17,0.0,-0.0002114480610229119,1.109564608792191e-05
2016-05-18,0.0,0.005605486644000957,1.188701104593015e-05
2016-05-19,0.0,0.002208656714645318,1.228263458696865e-05
2016-05-20,0.0,0.0002098503817218322,1.307376383175018e-05
2016-05-23,0.0,-0.0008393054633222263,1.386473601239224e-05
2016-05-24,0.0,0.0035702648945235,1.386473601239224e-05
2016-05-25,0.0,-0.00230199038825607,1.307376383175018e-05
2016-05-26,0.0,-0.001887785087113958,1.228263458696865e-05
2016-05-27,0.0,0.003677613542660607,1.26782188460961e-05
2016-05-31,0.0,0.00387356322848964,1.346926955103633e-05
2016-06-01,0.0,-0.00448430814383971,1.188701104593015e-05
2016-06-02,0.0,0.001047543212655988,1.149134821565312e-05
2016-06-03,0.0,-0.01601087084958053,1.188701104593015e-05
2016-06-06,0.0,-0.001382508296348006,1.109564608792191e-05
2016-06-07,0.0,-0.0007454706462909355,1.109564608792191e-05
2016-06-08,0.0,-0.002557875823089084,9.512444448356305e-06
2016-06-09,0.0,0.005449323177545429,1.030412390967683e-05
2016-06-10,0.0,0.005313496366713633,1.030412390967683e-05
2016-06-13,0.0,-0.002431244516372555,1.0699904655187e-05
2016-06-14,0.0,0.005934063179986904,1.0699904655187e-05
2016-06-15,0.0,-0.003370901651695957,1.030412390967683e-05
2016-06-16,0.0,-0.0004227979628927958,1.0699904655187e-05
2016-06-17,0.0,-0.003806710495011911,1.0699904655187e-05
2016-06-20,0.0,-0.00636873452873199,1.109564608792191e-05
2016-06-21,0.0,0.004379831535536782,1.0699904655187e-05
2016-06-22,0.0,-0.003190761891878946,1.0699904655187e-05
2016-06-23,0.0,-0.002027341431193652,1.228263458696865e-05
2016-06-24,0.0,0.02052815346951875,1.0699904655187e-05
2016-06-27,0.0,0.01141963333824103,1.0699904655187e-05
2016-06-28,0.0,-0.003003945647163331,1.030412390967683e-05
2016-06-29,0.0,-0.004987047864245087,1.030412390967683e-05
2016-06-30,0.0,0.003863451598113965,1.030412390967683e-05
2016-07-01,0.0,-0.005096711742046178,1.109564608792191e-05
2016-07-05,0.0,0.005436452010151971,1.109564608792191e-05
2016-07-06,0.0,-0.00114381420865084,1.0699904655187e-05
2016-07-07,0.0,0.002810787833887218,1.149134821565312e-05
2016-07-08,0.0,-0.0003114167832103387,1.109564608792191e-05
2016-07-11,0.0,0.002803703369783861,1.228263458696865e-05
2016-07-12,0.0,-0.001346145322861925,1.149134821565312e-05
2016-07-13,0.0,-0.002281223715613123,1.228263458696865e-05
2016-07-14,0.0,-0.001454992598964089,1.26782188460961e-05
2016-07-15,0.0,0.005203996570266378,1.26782188460961e-05
2016-07-18,0.0,-0.0002071264452441213,1.26782188460961e-05
2016-07-19,0.0,0.005074622054197064,1.228263458696865e-05
2016-07-20,0.0,0.001545532115072579,1.26782188460961e-05
2016-07-21,0.0,-0.002057581836640177,1.26782188460961e-05
2016-07-22,0.0,0.004845373409310572,1.307376383175018e-05
2016-07-25,0.0,-0.001846725176171904,1.26782188460961e-05
2016-07-26,0.0,-0.00133618308350969,1.228263458696865e-05
2016-07-27,0.0,-0.001132159388693599,1.228263458696865e-05
2016-07-28,0.0,-0.003194283134880016,9.908303843175759e-06
2016-07-29,0.0,-0.01250774355170647,1.109564608792191e-05
2016-08-01,0.0,0.001884228069463756,1.149134821565312e-05
2016-08-02,0.0,-0.006791364874063177,1.149134821565312e-05
2016-08-03,0.0,0.005259836028207454,1.109564608792191e-05
2016-08-04,0.0,0.002092973867167336,1.030412390967683e-05
2016-08-05,0.0,0.004490395734996433,1.109564608792191e-05
2016-08-08,0.0,0.002183169551332353,1.228263458696865e-05
2016-08-09,0.0,-0.00228217030312039,1.149134821565312e-05
2016-08-10,0.0,-0.005510488434343985,1.109564608792191e-05
2016-08-11,0.0,0.002195494836618961,1.109564608792191e-05
2016-08-12,0.0,-0.001460456799051157,1.149134821565312e-05
2016-08-15,0.0,-0.0009402838083718557,1.228263458696865e-05
2016-08-16,0.0,-0.008783816396696564,1.0699904655187e-05
2016-08-17,0.0,-0.0007384712960030182,1.188701104593015e-05
2016-08-18,0.0,-0.005912136310988081,1.188701104593015e-05
2016-08-19,0.0,0.003717060965471752,1.188701104593015e-05
2016-08-22,0.0,0.0001057507841502048,1.149134821565312e-05
2016-08-23,0.0,0.0002116406387155934,1.188701104593015e-05
2016-08-24,0.0,0.002644383304199138,1.228263458696865e-05
2016-08-25,0.0,-0.0002110377916206829,1.307376383175018e-05
2016-08-26,0.0,0.008441522423714654,1.346926955103633e-05
2016-08-29,0.0,0.0001046576986754033,1.307376383175018e-05
2016-08-30,0.0,0.004917359402585975,1.307376383175018e-05
2016-08-31,0.0,-0.0003124040368351899,1.307376383175018e-05
2016-09-01,0.0,-0.003853313165203209,1.307376383175018e-05
2016-09-02,0.0,0.002404555398536345,1.307376383175018e-05
2016-09-06,0.0,-0.011055460877748,1.26782188460961e-05
2016-09-07,0.0,0.001476475322706339,1.346926955103633e-05
2016-09-08,0.0,0.0007371492786341083,1.386473601239224e-05
2016-09-09,0.0,0.003262102100134889,1.386473601239224e-05
2016-09-12,0.0,-0.002517284172310674,1.465555119151141e-05
2016-09-13,0.0,0.005573068220827482,1.426016322336743e-05
2016-09-14,0.0,-0.003137043092956482,1.307376383175018e-05
2016-09-15,0.0,-0.0004196046864473058,1.149134821565312e-05
2016-09-16,0.0,0.00860530682071392,1.188701104593015e-05
2016-09-19,0.0,-0.002809325468174584,1.188701104593015e-05
2016-09-20,0.0,0.001878133473014465,1.188701104593015e-05
2016-09-21,0.0,-0.003749145943997778,8.720607641343747e-06
2016-09-22,0.0,-0.002195345032694918,7.136461739776223e-06
2016-09-23,0.0,0.0003143678329049493,7.136461739776223e-06
2016-09-26,0.0,-0.001780538252646569,9.908303843175759e-06
2016-09-27,0.0,0.001364021468289067,1.030412390967683e-05
2016-09-28,0.0,-0.0001048002512008539,1.0699904655187e-05
2016-09-29,0.0,0.001152683747247085,1.030412390967683e-05
2016-09-30,0.0,-0.000837364771698268,1.149134821565312e-05
2016-10-03,0.0,0.003037931262399374,1.26782188460961e-05
2016-10-04,0.0,0.00386425844994287,1.307376383175018e-05
2016-10-05,0.0,0.00010397946889662,1.26782188460961e-05
2016-10-06,0.0,0.005513434139545526,1.307376383175018e-05
2016-10-07,0.0,-0.00144844831097235,1.307376383175018e-05
2016-10-11,0.0,0.0122254490905076,1.386473601239224e-05
2016-10-12,0.0,0.002763605740990771,1.465555119151141e-05
2016-10-13,0.0,-0.004593289497087594,1.188701104593015e-05
2016-10-14,0.0,0.005127153580922084,1.26782188460961e-05
2016-10-17,0.0,-0.001326231971740865,1.346926955103633e-05
2016-10-18,0.0,0.0001021773040437157,1.346926955103633e-05
2016-10-19,0.0,-0.0003064226642421897,1.386473601239224e-05
2016-10-20,0.0,0.00459790472681787,1.386473601239224e-05
2016-10-21,0.0,0.003864902914945567,1.346926955103633e-05
2016-10-24,0.0,-0.0003039390093659833,1.307376383175018e-05
2016-10-25,0.0,0.0005067705755117391,1.346926955103633e-05
2016-10-26,0.0,-0.0009117095438839762,1.307376383175018e-05
2016-10-27,0.0,0.002636136504824416,1.188701104593015e-05
2016-10-28,0.0,-0.005460622093844125,1.188701104593015e-05
2016-10-31,0.0,0.001016761318480386,1.346926955103633e-05
2016-11-01,0.0,-0.007618080479924183,1.386473601239224e-05
2016-11-02,0.0,-0.003070577602189761,1.465555119151141e-05
2016-11-03,0.0,-0.002464043737265942,1.505089992526187e-05
2016-11-04,0.0,-0.0009263479198514668,1.505089992526187e-05
2016-11-07,0.0,0.00731429985273313,1.623671079520328e-05
2016-11-08,0.0,0.0008181819600474594,1.702705534412097e-05
2016-11-09,0.0,0.006539948760032388,1.781724314131594e-05
2016-11-10,0.0,0.002944171731242173,1.900223106310328e-05
2016-11-14,0.0,0.01336167307006053,2.17658330252668e-05
2016-11-15,1.0,0.0007991392524906438,2.018686664317926e-05
2016-11-16,1.0,0.00219584005731388,1.86072742485166e-05
2016-11-17,1.0,0.004780357634028398,1.742216883293679e-05
2016-11-18,1.0,0.003171768230351812,1.742216883293679e-05
2016-11-21,1.0,-0.001580832271141142,1.821227827725203e-05
2016-11-22,1.0,-9.89820477825809e-05,1.939714872856158e-05
2016-11-23,1.0,0.00653202718462631,2.018686664317926e-05
2016-11-25,1.0,-0.002064887814889227,1.939714872856158e-05
2016-11-28,1.0,-0.001576470943763009,1.900223106310328e-05
2016-11-29,1.0,-0.003947513260147972,1.900223106310328e-05
2016-11-30,1.0,0.005647475409697122,1.900223106310328e-05
2016-12-01,1.0,-0.004532010684460075,1.900223106310328e-05
2016-12-02,1.0,-0.002672251286761407,1.939714872856158e-05
2016-12-05,0.0,-0.006251833625136483,1.939714872856158e-05
2016-12-06,0.0,0.003495091634255543,1.939714872856158e-05
2016-12-07,0.0,-0.002587267512816238,2.058166690788177e-05
2016-12-08,0.0,0.008380687516284624,2.018686664317926e-05
2016-12-09,0.0,0.004947066404568323,2.137115009137602e-05
2016-12-12,0.0,-0.006005716374759329,2.018686664317926e-05
2016-12-13,0.0,0.0006933408821214737,2.137115009137602e-05
2016-12-14,0.0,0.009601120780196037,2.17658330252668e-05
2016-12-15,0.0,0.01107840444527453,2.018686664317926e-05
2016-12-16,1.0,-0.001745372927078548,2.018686664317926e-05
2016-12-19,1.0,0.001845579864385272,2.058166690788177e-05
2016-12-20,1.0,0.001454348717922826,2.058166690788177e-05
2016-12-21,1.0,-0.002614040759683078,2.058166690788177e-05
2016-12-22,1.0,0.0006794767725213369,2.018686664317926e-05
2016-12-23,1.0,-0.0007759647347149734,2.058166690788177e-05
2016-12-27,1.0,9.702462507177323e-05,2.018686664317926e-05
2016-12-28,0.0,0.002329698126429136,2.097642805476418e-05
2016-12-29,1.0,-0.005616907021651074,1.86072742485166e-05
2016-12-30,0.0,-0.002824317439282131,2.018686664317926e-05
2017-01-03,0.0,0.008008591656532449,2.097642805476418e-05
2017-01-04,1.0,-0.004941402390800209,2.097642805476418e-05
2017-01-05,1.0,-0.01148977935968665,2.058166690788177e-05
2017-01-06,0.0,0.006895238384392766,2.097642805476418e-05
2017-01-09,0.0,-0.002837027118608226,1.979202725266305e-05
2017-01-10,0.0,0.0007848703111466016,2.058166690788177e-05
2017-01-11,0.0,-0.002254713774306527,2.058166690788177e-05
2017-01-12,0.0,-0.004224801634240882,2.058166690788177e-05
2017-01-13,0.0,-0.001677337656681877,2.097642805476418e-05
2017-01-17,0.0,-0.008400854630928656,2.17658330252668e-05
2017-01-18,0.0,0.005980249807345128,2.097642805476418e-05
2017-01-19,0.0,0.002179740612681114,2.058166690788177e-05
2017-01-20,0.0,-0.004053422203898926,1.979202725266305e-05
2017-01-23,0.0,-0.005757337839578103,2.018686664317926e-05
2017-01-24,0.0,0.001896912989866051,2.018686664317926e-05
2017-01-25,0.0,-0.003188836070652346,1.979202725266305e-05
2017-01-26,0.0,0.003498935103391609,2.018686664317926e-05
2017-01-27,0.0,0.001494336819916509,2.058166690788177e-05
2017-01-30,0.0,-0.00099471277564267,2.018686664317926e-05
2017-01-31,0.0,-0.009160591119682704,2.058166690788177e-05
2017-02-01,0.0,0.001306373737586686,2.018686664317926e-05
2017-02-02,0.0,0.002107578138890176,2.058166690788177e-05
2017-02-03,0.0,0.0002003432425301543,2.018686664317926e-05
2017-02-06,0.0,0.0004005298330556073,2.097642805476418e-05
2017-02-07,0.0,0.003503137436615456,2.097642805476418e-05
2017-02-08,0.0,0.0001994478619622431,2.137115009137602e-05
2017-02-09,0.0,0.003689696361049322,2.137115009137602e-05
2017-02-10,0.0,0.001490328103376459,2.17658330252668e-05
2017-02-13,0.0,0.001587262181259597,2.058166690788177e-05
2017-02-14,0.0,0.002872433816928366,2.137115009137602e-05
2017-02-15,0.0,-0.0006913550106094624,2.137115009137602e-05
2017-02-16,1.0,-0.007313677224131676,2.097642805476418e-05
2017-02-17,0.0,0.005077603489043403,2.097642805476418e-05
2017-02-21,0.0,0.004160533046426274,2.097642805476418e-05
2017-02-22,0.0,-0.0003946030822086222,2.058166690788177e-05
2017-02-23,0.0,-0.002763236694337978,2.018686664317926e-05
2017-02-24,0.0,0.0003957771887677097,2.058166690788177e-05
2017-02-27,0.0,0.0003956960824660349,1.979202725266305e-05
2017-02-28,0.0,-9.882831115826107e-05,2.097642805476418e-05
2017-03-01,0.0,0.006526859323460643,2.492188974012599e-05
2017-03-02,0.0,0.004126529514468125,2.649898106499293e-05
2017-03-03,0.0,-0.006457887010007934,2.807544836191944e-05
2017-03-06,0.0,0.0009848185268805931,2.925738961367941e-05
2017-03-07,0.0,0.001672551849333459,3.004515569715593e-05
2017-03-08,0.0,0.002553797686526416,2.886344815444808e-05
2017-03-09,0.0,-0.002155395526216131,2.886344815444808e-05
2017-03-10,0.0,-0.005891001306922439,2.965129212539885e-05
2017-03-13,0.0,0.001283923490548178,3.122651284970246e-05
2017-03-14,0.0,0.003156438187942534,3.08327660516472e-05
2017-03-15,0.0,-0.009439519304619726,2.886344815444808e-05
2017-03-16,0.0,-0.004665487697733339,2.886344815444808e-05
2017-03-17,0.0,0.0002992561054748766,2.886344815444808e-05
2017-03-20,0.0,0.001096715922280111,3.004515569715593e-05
2017-03-21,0.0,-0.005975561016158704,3.043898033650017e-05
2017-03-22,0.0,-0.001302447215687508,3.043898033650017e-05
2017-03-23,0.0,0.0008025865851701841,3.004515569715593e-05
2017-03-24,0.0,-0.001303176423703034,3.08327660516472e-05
2017-03-27,0.0,-0.004617074145878086,3.08327660516472e-05
2017-03-28,0.0,0.005445204451929087,3.08327660516472e-05
2017-03-29,0.0,0.002908443668539817,3.08327660516472e-05
2017-03-30,0.0,0.004100036621093928,3.08327660516472e-05
2017-03-31,0.0,-0.0005976016910649307,3.004515569715593e-05
2017-04-03,0.0,0.001893397551522735,3.122651284970246e-05
2017-04-04,0.0,0.0,3.122651284970246e-05
2017-04-05,0.0,0.000198892409831064,3.162022073865955e-05
2017-04-06,0.0,0.001093880399981151,3.122651284970246e-05
2017-04-07,0.0,0.005066078727592682,3.240751982014345e-05
2017-04-10,0.0,-0.001581376375042409,3.240751982014345e-05
2017-04-11,0.0,-0.003068675201891136,3.240751982014345e-05
2017-04-12,0.0,0.0006950620143040265,3.201388972629005e-05
2017-04-13,0.0,-0.002182984951060507,3.201388972629005e-05
2017-04-17,0.0,-0.00258546651897551,3.280111102821337e-05
2017-04-18,0.0,-0.007976101968261928,3.240751982014345e-05
2017-04-19,0.0,0.002412038831854479,3.201388972629005e-05
2017-04-20,0.0,0.0004010518987775935,3.122651284970246e-05
2017-04-21,0.0,0.002004455603162647,3.122651284970246e-05
2017-04-24,0.0,-0.0089018502616528,3.201388972629005e-05
2017-04-25,0.0,-0.002724761863404757,3.240751982014345e-05
2017-04-26,0.0,0.001416711091689837,3.280111102821337e-05
2017-04-27,0.0,0.001212638921708198,3.201388972629005e-05
2017-04-28,0.0,-0.0003027733018013956,3.162022073865955e-05
2017-05-01,0.0,0.0009085950037133195,3.280111102821337e-05
2017-05-02,0.0,-0.001613839355455449,3.240751982014345e-05
2017-05-03,0.0,0.002323658514232108,3.358817681675674e-05
2017-05-04,0.0,-0.004535802362613084,3.398165141277332e-05
2017-05-05,0.0,-0.001113817415676288,3.555516132158765e-05
2017-05-08,0.0,0.00506842364182658,3.594844171850298e-05
2017-05-09,0.0,0.004437668232379011,3.594844171850298e-05
2017-05-10,0.0,0.0008033119188322058,3.555516132158765e-05
2017-05-11,0.0,-0.0005016095443137747,3.516184210039519e-05
2017-05-12,0.0,-0.003714141099988355,3.4768484046932e-05
2017-05-15,0.0,-0.003425655797386629,3.555516132158765e-05
2017-05-16,0.0,-0.008088191508825893,3.555516132158765e-05
2017-05-17,0.0,-0.007032947070774398,3.555516132158765e-05
2017-05-18,0.0,0.00472181372529823,3.673488606925623e-05
2017-05-19,0.0,-0.00745806853313502,3.634168329846865e-05
2017-05-22,0.0,-0.001749852457799794,3.673488606925623e-05
2017-05-23,0.0,0.003815169152198816,3.634168329846865e-05
2017-05-24,0.0,-0.001129949790197537,3.673488606925623e-05
2017-05-25,0.0,0.000102860309031394,3.712805003863728e-05
2017-05-26,0.0,0.001542432142713768,3.712805003863728e-05
2017-05-30,0.0,-0.001232061033902054,3.673488606925623e-05
2017-05-31,0.0,-0.003700664215347205,3.870031805486285e-05
2017-06-01,0.0,0.00288896806218264,3.870031805486285e-05
2017-06-02,0.0,-0.00493822780462283,3.870031805486285e-05
2017-06-05,0.0,0.0008271487804485389,3.79142616035999e-05
2017-06-06,0.0,-0.001652930341580872,3.830730921472458e-05
2017-06-07,0.0,0.00113825135602541,3.948621945371045e-05
2017-06-08,0.0,0.001757087017522529,3.987911202774086e-05
2017-06-09,0.0,0.003611210077728133,3.987911202774086e-05
2017-06-12,0.0,-0.001336457879144382,3.870031805486285e-05
2017-06-13,0.0,-0.001647066437308387,3.948621945371045e-05
2017-06-14,0.0,-0.0004124656026265328,3.987911202774086e-05
2017-06-15,0.0,0.005054650829678931,4.027196586142701e-05
2017-06-16,0.0,-0.002771185899832829,4.066478096254045e-05
2017-06-19,0.0,0.003808101103765171,4.027196586142701e-05
2017-06-20,0.0,0.002255728734304352,3.987911202774086e-05
2017-06-21,0.0,-0.001943758991368338,3.90932881320083e-05
2017-06-22,0.0,-0.0002049676462363426,3.79142616035999e-05
2017-06-23,0.0,-0.002460507089572128,3.830730921472458e-05
2017-06-26,0.0,0.00133604572806445,3.90932881320083e-05
2017-06-27,0.0,-0.009853218530901042,3.948621945371045e-05
2017-06-28,0.0,-0.004353666047794968,4.027196586142701e-05
2017-06-29,0.0,-0.004372782769340611,4.105755733907479e-05
2017-06-30,0.0,0.0003137761116094318,4.066478096254045e-05
2017-07-03,0.0,0.005644922281627496,4.184299394793811e-05
2017-07-05,0.0,0.00093559220520123,4.145029499813546e-05
2017-07-06,0.0,-0.00488110100980732,4.105755733907479e-05
2017-07-07,0.0,0.00198291006064899,4.145029499813546e-05
2017-07-10,0.0,0.0004166327948893489,4.105755733907479e-05
2017-07-11,0.0,-0.00322753959540456,4.145029499813546e-05
2017-07-12,0.0,0.0005222796414614539,4.145029499813546e-05
2017-07-13,0.0,-0.000626344691724734,4.145029499813546e-05
2017-07-14,0.0,-0.006476577090155589,4.105755733907479e-05
2017-07-17,0.0,0.000210247533782848,4.223565419558817e-05
2017-07-18,0.0,-0.004940540364534729,4.223565419558817e-05
2017-07-19,0.0,0.001478970887727415,4.380590832075981e-05
2017-07-20,0.0,-0.005590784721832165,4.537554382633147e-05
2017-07-21,0.0,-0.003500522047429455,4.576785610077572e-05
2017-07-24,0.0,0.0004258134392991497,4.616012974967276e-05
2017-07-25,0.0,0.0007448360536694842,4.655236478057212e-05
2017-07-26,0.0,-0.004040455826496592,4.459080337038124e-05
2017-07-27,0.0,0.002028423669482304,4.380590832075981e-05
2017-07-28,0.0,-0.006392483168755958,4.262827574930128e-05
2017-07-31,0.0,-0.004289100543817259,4.223565419558817e-05
2017-08-01,0.0,0.001830693170664865,4.262827574930128e-05
2017-08-02,0.0,-0.002149811360490861,4.262827574930128e-05
2017-08-03,0.0,-0.0002154936126936846,4.262827574930128e-05
2017-08-04,0.0,0.007865568108357257,4.262827574930128e-05
2017-08-07,0.0,-0.001175974014057335,4.027196586142701e-05
2017-08-08,0.0,0.002247662247530036,4.184299394793811e-05
2017-08-09,0.0,-0.001281532970570431,4.184299394793811e-05
2017-08-10,0.0,-0.001283095824366587,4.145029499813546e-05
2017-08-11,0.0,-0.003533210124876174,4.066478096254045e-05
2017-08-14,0.0,0.004190387782607052,4.027196586142701e-05
2017-08-15,0.0,0.004172901706279042,4.105755733907479e-05
2017-08-16,0.0,-0.003835914930257922,4.027196586142701e-05
2017-08-17,0.0,0.001390575310547648,3.948621945371045e-05
2017-08-18,0.0,-0.002029506898440947,4.027196586142701e-05
2017-08-21,0.0,-0.003532075671377366,3.948621945371045e-05
2017-08-22,0.0,0.004833561600560143,3.948621945371045e-05
2017-08-23,0.0,-0.004275804519831006,3.948621945371045e-05
2017-08-24,0.0,0.00139556898860449,4.027196586142701e-05
2017-08-25,0.0,-0.005789032189044141,4.066478096254045e-05
2017-08-28,0.0,-0.005714888845214539,3.870031805486285e-05
2017-08-29,0.0,0.001518266902054588,4.066478096254045e-05
2017-08-30,0.0,0.005739023151639655,4.066478096254045e-05
2017-08-31,0.0,-0.00226097212190568,3.987911202774086e-05
2017-09-01,0.0,0.001510730467407573,4.027196586142701e-05
2017-09-05,0.0,-0.005387350642740096,4.066478096254045e-05
2017-09-06,0.0,-0.0002166248899931889,4.223565419558817e-05
2017-09-07,0.0,-0.00823493475664927,4.145029499813546e-05
2017-09-08,0.0,-0.002185042618917055,4.105755733907479e-05
2017-09-11,0.0,0.005803118018953723,4.145029499813546e-05
2017-09-12,0.0,0.0005443397716695664,4.066478096254045e-05
2017-09-13,0.0,0.006636850795910698,4.105755733907479e-05
2017-09-14,0.0,-0.004323323724572892,4.145029499813546e-05
2017-09-15,0.0,-0.002713851417131874,4.145029499813546e-05
2017-09-18,0.0,0.001959293564759212,4.145029499813546e-05
2017-09-19,0.0,-0.002824574987621453,4.105755733907479e-05
2017-09-20,0.0,0.007844004940861904,4.105755733907479e-05
2017-09-21,0.0,-0.002702410487807061,4.105755733907479e-05
2017-09-22,0.0,-0.0009755469889568547,4.066478096254045e-05
2017-09-25,0.0,0.005207804778879943,4.145029499813546e-05
2017-09-26,0.0,0.003453855256924543,4.184299394793811e-05
2017-09-27,0.0,0.004194894961038198,4.223565419558817e-05
2017-09-28,0.0,-0.002892076592713733,4.184299394793811e-05
2017-09-29,0.0,-0.0001073639191010445,4.184299394793811e-05
2017-10-02,0.0,0.005156808316466144,3.987911202774086e-05
2017-10-03,0.0,0.0001069061189769016,4.223565419558817e-05
2017-10-04,0.0,-0.001175596993804873,4.262827574930128e-05
2017-10-05,0.0,0.005349882354996449,4.223565419558817e-05
2017-10-06,1.0,-0.001702810071028238,4.223565419558817e-05
2017-10-09,1.0,-0.0006397141368446047,4.223565419558817e-05
2017-10-10,0.0,-0.004800479608460861,4.262827574930128e-05
2017-10-11,0.0,-0.003537376222704669,4.341340280400452e-05
2017-10-12,0.0,0.00172120980728474,4.302085861618288e-05
2017-10-13,0.0,-0.0003222337608072001,4.302085861618288e-05
2017-10-16,0.0,0.002041061863581994,4.341340280400452e-05
2017-10-17,0.0,0.002251276664030799,4.302085861618288e-05
2017-10-18,0.0,-0.001390493704015228,4.302085861618288e-05
2017-10-19,0.0,-0.0009640527709591229,4.341340280400452e-05
2017-10-20,0.0,0.004610274693386485,4.380590832075981e-05
2017-10-23,0.0,0.002561424770340492,4.302085861618288e-05
2017-10-24,0.0,0.0002128661118450115,4.419837517355418e-05
2017-10-25,0.0,-0.002660706709620597,4.419837517355418e-05
2017-10-26,0.0,0.00960411412519191,4.380590832075981e-05
2017-10-27,1.0,0.003276583411836897,4.341340280400452e-05
2017-10-30,1.0,-0.004530133938797976,4.419837517355418e-05
2017-10-31,1.0,0.0006350427489139054,4.537554382633147e-05
2017-11-01,1.0,0.002855596344281564,4.655236478057212e-05
2017-11-02,1.0,-0.001370989810550061,4.616012974967276e-05
2017-11-03,1.0,0.002640194250229211,4.655236478057212e-05
2017-11-06,1.0,-0.002317265799934076,4.69445612010233e-05
2017-11-07,1.0,0.002005937911292222,4.812091887673731e-05
2017-11-08,1.0,-0.0004214615318081094,4.851296093222324e-05
2017-11-09,1.0,-0.004532521268333922,4.890496441523062e-05
2017-11-10,0.0,-0.0005294689799361096,4.851296093222324e-05
2017-11-13,0.0,0.001059418103270593,4.890496441523062e-05
2017-11-14,0.0,-0.00698482429501579,4.968885569511805e-05
2017-11-15,0.0,-0.0002131969740014616,4.929692933375307e-05
2017-11-16,0.0,0.001279210635381167,5.008074350687508e-05
2017-11-17,0.0,-0.002874445248474355,5.086440351265153e-05
2017-11-20,0.0,0.004484285207381644,5.125617572176999e-05
2017-11-21,0.0,-0.001381854594836862,5.125617572176999e-05
2017-11-22,0.0,-0.007770045250147462,5.086440351265153e-05
2017-11-24,0.0,-0.004934553512647821,5.086440351265153e-05
2017-11-27,0.0,0.001509264622944206,5.008074350687508e-05
2017-11-28,0.0,0.003875141059618503,5.125617572176999e-05
2017-11-29,0.0,0.0,5.086440351265153e-05
2017-11-30,0.0,-0.002680677613912219,5.008074350687508e-05
2017-12-01,0.0,-0.001182675065316552,5.008074350687508e-05
2017-12-04,0.0,0.003121645971626341,5.086440351265153e-05
2017-12-05,0.0,0.002038789645178785,5.125617572176999e-05
2017-12-06,0.0,0.002463090208809859,5.125617572176999e-05
2017-12-07,0.0,0.002029723749251255,5.086440351265153e-05
2017-12-08,0.0,0.001066081778972938,5.047259277701777e-05
2017-12-11,0.0,-0.0003194758126665587,5.243126126464048e-05
2017-12-12,0.0,0.00245015149472172,5.282287944297082e-05
2017-12-13,0.0,-0.007120065672791442,5.125617572176999e-05
2017-12-14,0.0,0.0006421658824551368,5.203960459021495e-05
2017-12-15,0.0,0.004706411931332033,5.164790941170061e-05
2017-12-18,0.0,-0.002448667690687967,5.438896734411003e-05
2017-12-19,0.0,-0.002454596958696875,5.399750307555351e-05
2017-12-20,0.0,-0.001283863753234304,5.438896734411003e-05
2017-12-21,0.0,-0.0007498628384404737,5.321445913253342e-05
2017-12-22,0.0,0.000750425554676859,5.243126126464048e-05
2017-12-26,0.0,-0.0009640743370292748,5.791041604052971e-05
2017-12-27,0.0,-0.002466259400226156,5.673694559393816e-05
2017-12-28,0.0,-0.004622168234097335,5.478039315431893e-05
2017-12-29,0.0,-0.005183539259703163,5.478039315431893e-05
2018-01-02,0.0,-0.002931005909799111,5.673694559393816e-05
2018-01-03,0.0,0.003375124585065947,5.556312942989194e-05
2018-01-04,0.0,-0.003363771437389085,5.556312942989194e-05
2018-01-05,0.0,0.001088715033014109,5.478039315431893e-05
2018-01-08,0.0,0.004132734044856923,5.71281408126012e-05
2018-01-09,0.0,0.002166110086385009,5.673694559393816e-05
2018-01-10,0.0,-0.002161428194970783,5.595443991035509e-05
2018-01-11,0.0,-0.005198779891848138,5.634571196244664e-05
2018-01-12,0.0,-0.009580808579609412,5.634571196244664e-05
2018-01-16,0.0,-0.006375748304625617,5.71281408126012e-05
2018-01-17,0.0,0.001659492497972925,5.673694559393816e-05
2018-01-18,0.0,-0.0004418037897377936,5.71281408126012e-05
2018-01-19,0.0,0.0007734772908754017,5.673694559393816e-05
2018-01-22,0.0,-0.001876981003843703,5.673694559393816e-05
2018-01-23,0.0,-0.003097331577109785,5.673694559393816e-05
2018-01-24,0.0,-0.01009768790917942,5.634571196244664e-05
2018-01-25,0.0,0.002017714460520681,5.595443991035509e-05
2018-01-26,0.0,-0.003579815382136364,5.556312942989194e-05
2018-01-29,0.0,0.00269448596151145,5.673694559393816e-05
2018-01-30,0.0,-0.00134357989550693,5.673694559393816e-05
2018-01-31,0.0,-0.0006727793064890131,5.75192976255412e-05
2018-02-01,0.0,-0.005160990672587684,5.83014960653383e-05
2018-02-02,0.0,0.005977205258164808,5.83014960653383e-05
2018-02-05,0.0,0.003923835375450935,5.947450587262537e-05
2018-02-06,0.0,0.0004466028450016424,5.986543241132125e-05
2018-02-07,0.0,0.007478578253456991,6.10379819414586e-05
2018-02-08,0.0,-0.0003323596120859973,6.10379819414586e-05
2018-02-09,0.0,0.002327375337025428,6.10379819414586e-05
2018-02-12,0.0,-0.002543159561308128,6.377258964507249e-05
2018-02-13,0.0,-0.00565349896249201,6.260084472953231e-05
2018-02-14,0.0,-0.006465933348858588,6.221018650132137e-05
2018-02-15,0.0,-0.005947109429501607,6.221018650132137e-05
2018-02-16,0.0,0.005756881784770185,6.377258964507249e-05
2018-02-20,0.0,0.006958504570144353,6.533438035116745e-05
2018-02-21,0.0,0.004012490029575488,6.455356152268443e-05
2018-02-22,0.0,-0.003663430554470937,6.416309471890536e-05
2018-02-23,0.0,0.001448437363988475,6.455356152268443e-05
2018-02-26,0.0,-0.0006675295997683461,6.533438035116745e-05
2018-02-27,0.0,0.006012034261434707,6.533438035116745e-05
2018-02-28,0.0,0.002766710915353299,6.494399006440332e-05
2018-03-01,0.0,-0.003200539825338189,6.416309471890536e-05
2018-03-02,0.0,-0.004207232669418914,6.494399006440332e-05
2018-03-05,0.0,0.001556586455950359,6.689555910033285e-05
2018-03-06,0.0,-0.005106561668763998,6.611504619025155e-05
2018-03-07,0.0,0.0002231270079622316,6.611504619025155e-05
2018-03-08,0.0,0.005354789828222906,6.572473239052634e-05
2018-03-09,0.0,-0.0003329605834099247,6.572473239052634e-05
2018-03-12,0.0,-0.002108944608002039,6.728575822556593e-05
2018-03-13,0.0,-0.002669609117864624,6.806604185438658e-05
2018-03-14,0.0,0.0004460549241502854,6.923618085541428e-05
2018-03-15,0.0,0.004905267072195407,6.962615083461188e-05
2018-03-16,0.0,0.000998490879682512,7.001608264878278e-05
2018-03-19,0.0,-0.003657340338881099,7.079583181268667e-05
2018-03-20,0.0,0.005228044635436691,7.118564917729664e-05
2018-03-21,0.0,-0.006528758983660343,6.845612637285114e-05
2018-03-22,0.0,0.0008910874598178076,6.767591914114135e-05
2018-03-23,0.0,-0.004673916827204305,6.845612637285114e-05
2018-03-26,0.0,-0.004584119531727104,7.040597630569856e-05
2018-03-27,0.0,0.003818982050398656,6.962615083461188e-05
2018-03-28,0.0,0.007720653360258511,6.806604185438658e-05
2018-03-29,0.0,0.0009993778561518951,6.806604185438658e-05
2018-04-02,0.0,-0.001109245395768399,6.962615083461188e-05
2018-04-03,0.0,0.00166567341922419,6.884617270408455e-05
2018-04-04,0.0,-0.0006651614259829408,6.728575822556593e-05
2018-04-05,0.0,0.003550029920024178,6.767591914114135e-05
2018-04-06,0.0,-0.003869096591458732,6.806604185438658e-05
2018-04-09,0.0,-0.002996385202886365,6.923618085541428e-05
2018-04-10,0.0,-0.002782724957598459,6.845612637285114e-05
2018-04-11,0.0,-0.0002232017399687036,6.806604185438658e-05
2018-04-12,0.0,0.002009604843017376,6.884617270408455e-05
2018-04-13,0.0,0.0005571370669394948,6.923618085541428e-05
2018-04-16,0.0,-0.004120297706101117,7.040597630569856e-05
2018-04-17,0.0,0.001006332747215843,7.079583181268667e-05
2018-04-18,0.0,0.00111713703380012,7.118564917729664e-05
2018-04-19,0.0,0.003570628040807877,7.157542840707798e-05
2018-04-20,0.0,0.004225008262208174,7.118564917729664e-05
2018-04-23,0.0,0.006864512274987966,7.352375279379153e-05
2018-04-24,0.0,-0.001869428125971129,7.352375279379153e-05
2018-04-25,0.0,0.0044067592891055,7.274453736161313e-05
2018-04-26,1.0,0.004277716326436032,7.157542840707798e-05
2018-04-27,1.0,-0.0002183993403189755,7.157542840707798e-05
2018-04-30,1.0,0.003277205804707251,7.352375279379153e-05
2018-05-01,1.0,0.006641992973380528,7.274453736161313e-05
2018-05-02,1.0,0.0006490555972855638,7.23548724916867e-05
2018-05-03,1.0,-0.001080947700918156,7.23548724916867e-05
2018-05-04,1.0,0.001731371349143807,7.23548724916867e-05
2018-05-07,1.0,0.001944477754879381,7.31341641264649e-05
2018-05-08,1.0,0.003989247941585283,7.352375279379153e-05
2018-05-09,1.0,-0.0008591261672575845,7.39133033709205e-05
2018-05-10,1.0,-0.004191738884466778,7.469229028500557e-05
2018-05-11,1.0,-0.001187270464543255,7.5471124928006e-05
2018-05-14,1.0,0.0005402574223973833,7.586048516672328e-05
2018-05-15,1.0,0.006804243522306797,7.5471124928006e-05
2018-05-16,1.0,0.001823623328890855,7.5471124928006e-05
2018-05-17,1.0,0.0008566423768876508,7.5471124928006e-05
2018-05-18,1.0,0.00181874576575547,7.508172663661661e-05
2018-05-21,1.0,0.0004271776568567365,7.586048516672328e-05
2018-05-22,1.0,-0.00074722133428895,7.586048516672328e-05
2018-05-23,1.0,0.004273064023831097,7.5471124928006e-05
2018-05-24,1.0,-0.002446583892214971,7.508172663661661e-05
2018-05-25,1.0,0.004371973421265274,7.469229028500557e-05
2018-05-29,1.0,0.006794769859429284,7.586048516672328e-05
2018-05-30,1.0,-0.007170729643001028,7.62498073600959e-05
2018-05-31,1.0,-0.001699454694808367,7.586048516672328e-05
2018-06-01,1.0,0.002127934697121692,7.5471124928006e-05
2018-06-04,1.0,-0.00180492402519683,7.62498073600959e-05
2018-06-05,1.0,-0.001382655371829911,7.62498073600959e-05
2018-06-06,1.0,-0.002449629662735098,7.663909151545134e-05
2018-06-07,0.0,-0.002776020991505201,7.62498073600959e-05
2018-06-08,0.0,0.00160601202814048,7.586048516672328e-05
2018-06-11,0.0,0.0003206710670045076,7.62498073600959e-05
2018-06-12,0.0,0.002350942684317348,7.5471124928006e-05
2018-06-13,1.0,-0.0009595305368539364,7.62498073600959e-05
2018-06-14,0.0,0.01131146696136698,7.62498073600959e-05
2018-06-15,1.0,0.0002110823379710691,7.62498073600959e-05
2018-06-18,1.0,-0.0004219950959066798,7.62498073600959e-05
2018-06-19,1.0,0.003588351851088412,7.62498073600959e-05
2018-06-20,1.0,-0.0003154777626689365,7.62498073600959e-05
2018-06-21,1.0,-0.001998683114783462,7.62498073600959e-05
2018-06-22,1.0,-0.003689323214742246,7.586048516672328e-05
2018-06-25,1.0,-0.002539122643812952,7.586048516672328e-05
2018-06-26,0.0,0.004242697614106783,7.586048516672328e-05
2018-06-27,1.0,0.006442760967314998,7.586048516672328e-05
2018-06-28,1.0,0.00104941203862241,7.586048516672328e-05
2018-06-29,1.0,-0.007967314614669596,7.586048516672328e-05
2018-07-02,0.0,0.002536251718589178,7.780671582890974e-05
2018-07-03,1.0,-0.002951474655686126,7.780671582890974e-05
2018-07-05,1.0,-0.001268581476193908,7.702833764056116e-05
2018-07-06,1.0,-0.004551712709002786,7.741754574253079e-05
2018-07-09,0.0,0.000425360645873285,7.780671582890974e-05
2018-07-10,0.0,0.0003188645696536874,7.81958479070255e-05
2018-07-11,0.0,0.006481783087826987,7.741754574253079e-05
2018-07-12,1.0,0.0009501302442018744,7.780671582890974e-05
2018-07-13,1.0,-0.0006328189024229491,7.780671582890974e-05
2018-07-16,1.0,-0.002532958984375,7.897399806910954e-05
2018-07-17,0.0,0.004867200021957396,7.936301616751074e-05
2018-07-18,1.0,0.001158266915211703,7.85849419846496e-05
2018-07-19,1.0,0.0009465327740583174,7.85849419846496e-05
2018-07-20,1.0,-0.007460324662529327,7.81958479070255e-05
2018-07-23,0.0,0.002223153573025716,7.81958479070255e-05
2018-07-24,0.0,-0.0006337547243497887,7.936301616751074e-05
2018-07-25,0.0,-0.002642426787730634,7.897399806910954e-05
2018-07-26,0.0,0.004133100753770602,7.81958479070255e-05
2018-07-27,0.0,-0.0007387830588307942,7.85849419846496e-05
2018-07-30,0.0,-0.003379802427046719,8.01409384370011e-05
2018-07-31,0.0,0.001377673299884474,7.97519962878468e-05
2018-08-01,0.0,0.001375858670247032,7.97519962878468e-05
2018-08-02,0.0,0.005812676034646858,7.936301616751074e-05
2018-08-03,1.0,-0.0003152125656619154,7.897399806910954e-05
2018-08-06,1.0,0.002312394598638745,8.052984262252316e-05
2018-08-07,1.0,-0.001468114395473674,8.091870885218455e-05
2018-08-08,1.0,-0.001260268273929999,8.091870885218455e-05
2018-08-09,0.0,0.004206114955803697,8.091870885218455e-05
2018-08-10,1.0,0.009005241993210067,8.052984262252316e-05
2018-08-13,1.0,0.0003113198329893763,8.091870885218455e-05
2018-08-14,1.0,0.003527378041685791,8.16963274727911e-05
2018-08-15,1.0,-0.0003102078739797287,8.130753713309069e-05
2018-08-16,1.0,-0.0005170157594734937,8.130753713309069e-05
2018-08-17,1.0,-0.005690667802116356,8.052984262252316e-05
2018-08-20,1.0,-0.002081133729633144,8.091870885218455e-05
2018-08-21,1.0,-0.006673611881807262,8.16963274727911e-05
2018-08-22,0.0,-0.001154740792407849,8.20850798783912e-05
2018-08-23,0.0,0.004939581851454822,8.16963274727911e-05
2018-08-24,0.0,-0.004915302313353354,8.20850798783912e-05
2018-08-27,0.0,-0.003888625755632757,8.325110956697301e-05
2018-08-28,0.0,-0.000633019195679263,8.363971031166706e-05
2018-08-29,0.0,-0.001266920872418642,8.363971031166706e-05
2018-08-30,0.0,0.001268527997015267,8.286247091815468e-05
2018-08-31,0.0,0.004434102233241033,8.286247091815468e-05
2018-09-04,0.0,0.002943018510543904,8.363971031166706e-05
2018-09-05,0.0,-0.003039204790319605,8.402827315934225e-05
2018-09-06,0.0,-0.001156318863949179,8.363971031166706e-05
2018-09-07,0.0,0.003683499430445103,8.402827315934225e-05
2018-09-10,0.0,-0.002306817808191863,8.402827315934225e-05
2018-09-11,0.0,-0.0009459166142070652,8.441679811777014e-05
2018-09-12,0.0,-0.002735056948383385,8.480528519427821e-05
2018-09-13,0.0,-0.002742638479542148,8.441679811777014e-05
2018-09-14,0.0,0.004654140439446453,8.480528519427821e-05
2018-09-17,0.0,-0.004948422868936597,8.480528519427821e-05
2018-09-18,0.0,0.0011639044319669,8.519373439619393e-05
2018-09-19,0.0,-0.0007397980637529056,8.480528519427821e-05
2018-09-20,0.0,-0.006768898667280809,8.519373439619393e-05
2018-09-21,0.0,0.003301006777820303,8.558214573084477e-05
2018-09-24,0.0,0.0004245480259934542,8.713541254601331e-05
2018-09-25,0.0,-0.001379215784703791,8.6747152605815e-05
2018-09-26,0.0,0.0006374714728476505,8.635885482832784e-05
2018-09-27,0.0,0.008599612884580221,8.558214573084477e-05
2018-09-28,0.0,0.002000025699013142,8.597051920578025e-05
2018-10-01,0.0,0.001155589951993941,8.75236346555841e-05
2018-10-02,0.0,0.002203558003650796,8.75236346555841e-05
2018-10-03,0.0,0.002617526901982581,8.75236346555841e-05
2018-10-04,0.0,-0.0001044500418477812,8.713541254601331e-05
2018-10-05,0.0,-0.001357673664939663,8.75236346555841e-05
2018-10-08,0.0,0.001568645598995611,8.75236346555841e-05
2018-10-09,0.0,-0.0009397132822928089,8.829996541415142e-05
2018-10-10,0.0,-0.00177673670989853,8.907614494035876e-05
2018-10-11,0.0,-0.005130410241904748,8.907614494035876e-05
2018-10-12,0.0,0.002104868287756467,8.946417800981266e-05
2018-10-15,0.0,-0.001575315311446279,9.062805053217105e-05
2018-10-16,0.0,-0.0002103359959040318,9.024013079850235e-05
2018-10-17,0.0,0.005575999603159021,9.062805053217105e-05
2018-10-18,0.0,0.00334797749208926,9.101593250226969e-05
2018-10-19,0.0,-0.001981255874693333,9.062805053217105e-05
2018-10-22,0.0,0.003134500623002134,9.179158318017855e-05
2018-10-23,0.0,-0.0005208108597567485,9.140377671590372e-05
2018-10-24,0.0,0.004897886881901625,9.179158318017855e-05
2018-10-25,1.0,0.002592554176177764,9.179158318017855e-05
2018-10-26,1.0,-0.003309885124266887,9.140377671590372e-05
2018-10-29,1.0,0.002283117676521673,9.179158318017855e-05
2018-10-30,1.0,0.004452270625630916,9.140377671590372e-05
2018-10-31,1.0,0.001236935517422211,9.179158318017855e-05
2018-11-01,1.0,-0.008751142779335197,9.101593250226969e-05
2018-11-02,0.0,0.002700479222340624,9.140377671590372e-05
2018-11-05,0.0,-0.001968121396357825,9.256708289151483e-05
2018-11-06,0.0,-0.0003113521512398965,9.217935190308779e-05
2018-11-07,0.0,-0.003322255978385535,9.295477615278713e-05
2018-11-08,0.0,0.006666660308837891,9.217935190308779e-05
2018-11-09,0.0,0.002793918399898621,9.256708289151483e-05
2018-11-12,0.0,0.006500848515232249,9.256708289151483e-05
2018-11-13,1.0,-0.002460507089572128,9.334243169467626e-05
2018-11-14,1.0,-0.005138745984766602,9.334243169467626e-05
2018-11-15,0.0,0.001342946790491961,9.295477615278713e-05
2018-11-16,1.0,-0.004745683307793125,9.256708289151483e-05
2018-11-19,0.0,-0.002902444031863349,9.334243169467626e-05
2018-11-20,0.0,0.006445525537492003,9.37300495240656e-05
2018-11-21,0.0,-0.001032935405876567,9.450517207554299e-05
2018-11-23,0.0,0.002171430942618846,9.450517207554299e-05
2018-11-26,0.0,0.001547683952876522,9.450517207554299e-05
2018-11-27,1.0,0.003090584657473805,9.450517207554299e-05
2018-11-28,1.0,-0.005956678799365123,9.411762964850467e-05
2018-11-29,0.0,-0.0001033385281109522,9.295477615278713e-05
2018-11-30,0.0,0.005063007542363662,9.295477615278713e-05
2018-12-03,0.0,-0.002364508435042212,9.334243169467626e-05
2018-12-04,0.0,-0.0007213488681347968,9.489267681228597e-05
2018-12-06,0.0,-0.001650032588379702,9.450517207554299e-05
2018-12-07,0.0,-0.003098806217629702,9.411762964850467e-05
2018-12-10,0.0,0.007356740946606211,9.450517207554299e-05
2018-12-11,0.0,0.001748592540740557,9.450517207554299e-05
2018-12-12,1.0,-0.003593782486031039,9.52801438660611e-05
2018-12-13,0.0,0.0002060659818399202,9.52801438660611e-05
2018-12-14,0.0,0.003915154464980253,9.489267681228597e-05
2018-12-17,0.0,-0.003489367392920717,9.411762964850467e-05
2018-12-18,0.0,0.0004119558821413793,9.37300495240656e-05
2018-12-19,0.0,-0.001029426340842132,9.411762964850467e-05
2018-12-20,0.0,-0.007831843869128163,9.37300495240656e-05
2018-12-21,0.0,0.007062736952609949,9.37300495240656e-05
2018-12-24,0.0,-0.004228506977992597,9.605496495423971e-05
2018-12-26,0.0,0.005178663741025158,9.566757324419584e-05
2018-12-27,0.0,-0.005873257876357063,9.450517207554299e-05
2018-12-28,0.0,-0.0009328769087225686,9.411762964850467e-05
2018-12-31,0.0,-0.002282407117918828,9.605496495423971e-05
2019-01-02,0.0,0.00675888050592488,9.489267681228597e-05
2019-01-03,0.0,-0.00526752879403003,9.450517207554299e-05
2019-01-04,0.0,-0.001245925866777187,9.489267681228597e-05
2019-01-07,0.0,-0.00499015848581541,9.605496495423971e-05
2019-01-08,0.0,0.001985189042145397,9.644231900329814e-05
2019-01-09,0.0,-0.007090722568886321,9.605496495423971e-05
2019-01-10,0.0,0.003360635273281565,9.52801438660611e-05
2019-01-11,0.0,0.001360657862384818,9.52801438660611e-05
2019-01-14,0.0,-0.0008362269529200717,9.605496495423971e-05
2019-01-15,0.0,0.00397536245810981,9.605496495423971e-05
2019-01-16,0.0,0.0009377548895062038,9.52801438660611e-05
2019-01-17,0.0,0.0001041238443126868,9.489267681228597e-05
2019-01-18,0.0,0.002810415779370024,9.450517207554299e-05
2019-01-22,0.0,-0.0004151265066748566,9.52801438660611e-05
2019-01-23,0.0,-0.001869161988281909,9.450517207554299e-05
2019-01-24,0.0,0.004993713210813766,9.295477615278713e-05
2019-01-25,0.0,-0.008385068026794507,9.37300495240656e-05
2019-01-28,0.0,-0.0004175896768454646,9.489267681228597e-05
2019-01-29,0.0,0.0007310673088691821,9.489267681228597e-05
2019-01-30,0.0,-0.005009427660846888,9.489267681228597e-05
2019-01-31,0.0,0.002517364195331773,9.450517207554299e-05
2019-02-01,0.0,0.0,9.411762964850467e-05
2019-02-04,0.0,0.002824823581230484,9.489267681228597e-05
2019-02-05,0.0,0.00260824208638355,9.489267681228597e-05
2019-02-06,0.0,0.00332986160151072,9.489267681228597e-05
2019-02-07,0.0,0.0009334574672719143,9.489267681228597e-05
2019-02-08,0.0,0.001346982183613177,9.52801438660611e-05
2019-02-11,0.0,0.004346007570342536,9.605496495423971e-05
2019-02-12,0.0,-0.003606001266482695,9.52801438660611e-05
2019-02-13,0.0,0.00434286188523747,9.566757324419584e-05
2019-02-14,0.0,-0.001544259247666102,9.52801438660611e-05
2019-02-15,0.0,-0.000618737738824704,9.52801438660611e-05
2019-02-19,0.0,-0.00412713096817896,9.605496495423971e-05
2019-02-20,0.0,-0.0007252351560173009,9.605496495423971e-05
2019-02-21,0.0,0.001658928638382795,9.605496495423971e-05
2019-02-22,0.0,-0.001035073734492631,9.644231900329814e-05
2019-02-25,0.0,-0.001036146222232359,9.682963539892064e-05
2019-02-26,0.0,-0.00425270870797112,9.605496495423971e-05
2019-02-27,0.0,0.001562515894572014,9.605496495423971e-05
2019-02-28,0.0,0.0001040263762011051,9.605496495423971e-05
2019-03-01,0.0,0.003847702819226306,9.566757324419584e-05
2019-03-04,0.0,0.001553936887763507,9.644231900329814e-05
2019-03-05,0.0,0.001758359209854232,9.644231900329814e-05
2019-03-06,0.0,0.0002065490219524957,9.682963539892064e-05
2019-03-07,0.0,0.008258443271196292,9.605496495423971e-05
2019-03-08,0.0,-0.00307152071247474,9.644231900329814e-05
2019-03-11,0.0,-0.001540531186686955,9.644231900329814e-05
2019-03-12,0.0,-0.002880053237823366,9.644231900329814e-05
2019-03-13,0.0,-0.004023100679042879,9.605496495423971e-05
2019-03-14,0.0,0.002485736470053457,9.605496495423971e-05
2019-03-15,0.0,-0.001963037913100929,9.605496495423971e-05
2019-03-18,0.0,-0.0008281763179956991,9.566757324419584e-05
2019-03-19,0.0,-0.001450470312034491,9.644231900329814e-05
2019-03-20,0.0,-0.006432819411244739,9.72169141484347e-05
2019-03-21,0.0,0.00772762998393417,9.760415525894572e-05
2019-03-22,0.0,0.001554419957294328,9.644231900329814e-05
2019-03-25,0.0,-0.0008277478509223224,9.644231900329814e-05
2019-03-26,0.0,0.001760362115382996,9.644231900329814e-05
2019-03-27,0.0,0.0003100969605056569,9.566757324419584e-05
2019-03-28,0.0,0.004443529193886686,9.52801438660611e-05
2019-03-29,0.0,0.0008230641313424769,9.411762964850467e-05
2019-04-01,0.0,-0.0003083756134181215,9.52801438660611e-05
2019-04-02,0.0,0.001131111674566254,9.489267681228597e-05
2019-04-03,0.0,-0.002773256684144187,9.566757324419584e-05
2019-04-04,0.0,0.002265951478023442,9.566757324419584e-05
2019-04-05,0.0,0.0009249200446332928,9.566757324419584e-05
2019-04-08,0.0,-0.003593413435708182,9.52801438660611e-05
2019-04-09,0.0,-0.0004121681016950873,9.489267681228597e-05
2019-04-10,0.0,-0.000618546404153375,9.52801438660611e-05
2019-04-11,0.0,0.002372391585080624,9.52801438660611e-05
2019-04-12,0.0,-0.002160929036974624,9.566757324419584e-05
2019-04-15,0.0,-0.0003093614408501422,9.52801438660611e-05
2019-04-16,0.0,0.001031550150636162,9.52801438660611e-05
2019-04-17,0.0,-0.0003091382833249057,9.566757324419584e-05
2019-04-18,0.0,0.004741769656150252,9.489267681228597e-05
2019-04-22,0.0,-0.001949342762149198,9.566757324419584e-05
2019-04-23,0.0,0.002981094974983334,9.605496495423971e-05
2019-04-24,0.0,0.005431985046167709,9.566757324419584e-05
2019-04-25,0.0,0.001019352453379252,9.52801438660611e-05
2019-04-26,0.0,-0.001934774113199422,9.489267681228597e-05
2019-04-29,0.0,-0.001530471611156714,9.566757324419584e-05
2019-04-30,0.0,-0.003883070213038353,9.52801438660611e-05
2019-05-01,0.0,0.002154278592951142,9.52801438660611e-05
2019-05-02,0.0,0.001433098435353219,9.682963539892064e-05
2019-05-03,0.0,-0.00316881510974143,9.52801438660611e-05
2019-05-06,0.0,0.0,9.566757324419584e-05
2019-05-07,0.0,0.001127980046535138,9.52801438660611e-05
2019-05-08,0.0,-0.0001023712702766799,9.52801438660611e-05
2019-05-09,0.0,-0.002560950552818464,9.52801438660611e-05
2019-05-10,0.0,-0.0004108135400946455,9.52801438660611e-05
2019-05-13,0.0,-0.0001027651910233685,9.450517207554299e-05
2019-05-14,0.0,0.002157820439079083,9.450517207554299e-05
2019-05-15,0.0,0.0004101396086126918,9.489267681228597e-05
2019-05-16,0.0,0.002767209633195655,9.411762964850467e-05
2019-05-17,0.0,0.001635360467071134,9.37300495240656e-05
2019-05-20,0.0,-0.0007142826002470848,9.37300495240656e-05
2019-05-21,0.0,0.001327450760878923,9.37300495240656e-05
2019-05-22,0.0,0.0005099230369440821,9.334243169467626e-05
2019-05-23,0.0,-0.002650108394791295,9.295477615278713e-05
2019-05-24,0.0,-0.002452711982749878,9.217935190308779e-05
2019-05-28,0.0,0.003585682531836554,9.295477615278713e-05
2019-05-29,0.0,0.001837487820110839,9.295477615278713e-05
2019-05-30,0.0,0.0,9.334243169467626e-05
2019-05-31,0.0,-0.003973908621091482,9.217935190308779e-05
2019-06-03,0.0,-0.006240415451166825,9.217935190308779e-05
2019-06-04,0.0,-0.0007206062926090606,9.217935190308779e-05
2019-06-05,0.0,0.003090584657473805,9.217935190308779e-05
2019-06-06,0.0,-0.003491875913468556,9.140377671590372e-05
2019-06-07,0.0,-0.004328539361323047,8.946417800981266e-05
2019-06-10,0.0,0.001552650087270901,8.985217329349204e-05
2019-06-11,0.0,-0.0007234362678668615,8.907614494035876e-05
2019-06-12,0.0,0.003206097329262247,8.791181894252098e-05
2019-06-13,0.0,0.0001031148064996046,8.597051920578025e-05
2019-06-14,0.0,0.005772575469149555,8.635885482832784e-05
2019-06-17,0.0,-0.0001025124142846057,8.75236346555841e-05
2019-06-18,0.0,0.0008200269891012191,8.713541254601331e-05
2019-06-19,0.0,-0.005325651846752599,8.558214573084477e-05
2019-06-20,0.0,-0.005045361195495923,8.402827315934225e-05
2019-06-21,0.0,-0.004242947784005469,8.286247091815468e-05
2019-06-24,0.0,-0.002494261699488409,8.363971031166706e-05
2019-06-25,0.0,0.001875393820381488,8.325110956697301e-05
2019-06-26,0.0,0.0005199190979543467,8.441679811777014e-05
2019-06-27,0.0,-0.000207843709143507,8.402827315934225e-05
2019-06-28,0.0,-0.0006238193831509253,8.325110956697301e-05
2019-07-01,0.0,0.007385822373436213,8.6747152605815e-05
2019-07-02,0.0,-0.00113582182069949,8.635885482832784e-05
2019-07-03,0.0,0.0004134527524539688,8.6747152605815e-05
2019-07-05,0.0,0.004960249804534689,8.75236346555841e-05
2019-07-08,0.0,0.001336732682961195,8.868807407758084e-05
2019-07-09,0.0,0.001129601699056293,8.868807407758084e-05
2019-07-10,0.0,-0.004000404125492074,8.635885482832784e-05
2019-07-11,0.0,-0.0005148859232639857,8.519373439619393e-05
2019-07-12,0.0,-0.002473008610170413,8.402827315934225e-05
2019-07-15,0.0,0.001239569771803728,8.480528519427821e-05
2019-07-16,0.0,0.004848872580453634,8.441679811777014e-05
2019-07-17,0.0,-0.001848052385583943,8.402827315934225e-05
2019-07-18,0.0,-0.004422961322532948,8.052984262252316e-05
2019-07-19,0.0,0.003719398769979954,8.091870885218455e-05
2019-07-22,0.0,0.001132275950837425,8.20850798783912e-05
2019-07-23,0.0,0.004626742117606497,8.091870885218455e-05
2019-07-24,0.0,0.0002047310679396119,8.24737943578846e-05
2019-07-25,0.0,0.0009208670295643984,8.24737943578846e-05
2019-07-26,0.0,0.001942368043334808,8.325110956697301e-05
2019-07-29,0.0,0.0003060787536273146,8.325110956697301e-05
2019-07-30,0.0,0.0001020209724302834,8.16963274727911e-05
2019-07-31,0.0,0.004793407207346112,8.16963274727911e-05
2019-08-01,0.0,-0.001319501196177852,8.130753713309069e-05
2019-08-02,0.0,-0.002947463332923395,8.091870885218455e-05
2019-08-05,0.0,-0.006116192491882444,8.052984262252316e-05
2019-08-06,0.0,0.001333305163261134,8.052984262252316e-05
2019-08-07,0.0,-0.0009218103085368856,7.936301616751074e-05
2019-08-08,0.0,0.0008201951025608167,7.936301616751074e-05
2019-08-09,0.0,-0.001331744306031113,7.85849419846496e-05
2019-08-12,0.0,-0.001128327138803287,7.85849419846496e-05
2019-08-13,0.0,0.004415694365412337,7.85849419846496e-05
2019-08-14,0.0,0.00184030579356631,7.702833764056116e-05
2019-08-15,0.0,0.001530784050913558,7.508172663661661e-05
2019-08-16,0.0,0.0,7.352375279379153e-05
2019-08-19,0.0,0.002139790969825528,7.62498073600959e-05
2019-08-20,0.0,-0.001626802594785426,7.62498073600959e-05
2019-08-21,0.0,0.001120283202123318,7.741754574253079e-05
2019-08-22,0.0,-0.001322531828855111,7.85849419846496e-05
2019-08-23,0.0,-0.005398785669576744,7.741754574253079e-05
2019-08-26,0.0,0.004506374888946452,7.897399806910954e-05
2019-08-27,0.0,-0.0008156793389185735,7.780671582890974e-05
2019-08-28,0.0,0.002142847800741476,7.81958479070255e-05
2019-08-29,0.0,0.003054709851893822,7.81958479070255e-05
2019-08-30,0.0,0.004161973645557815,7.81958479070255e-05
2019-09-03,0.0,0.0003032630393466906,7.780671582890974e-05
2019-09-04,0.0,-0.005053057255388627,7.741754574253079e-05
2019-09-05,0.0,-0.0004062294298885494,7.741754574253079e-05
2019-09-06,0.0,-0.000203274786266916,7.702833764056116e-05
2019-09-09,0.0,-0.001118006007052919,7.702833764056116e-05
2019-09-10,0.0,0.0005087815667366158,7.663909151545134e-05
2019-09-11,0.0,0.003254344440815071,7.702833764056116e-05
2019-09-12,0.0,-0.003446568292205909,7.663909151545134e-05
2019-09-13,0.0,-0.0005085487092346686,7.702833764056116e-05
2019-09-16,0.0,0.003969055375225183,7.81958479070255e-05
2019-09-17,0.0,-0.003953364253584168,7.81958479070255e-05
2019-09-18,0.0,0.003460170267646001,7.663909151545134e-05
2019-09-19,0.0,-0.003346874606101502,7.586048516672328e-05
2019-09-20,0.0,0.002442306923402082,7.508172663661661e-05
2019-09-23,0.0,0.000913575636372066,7.62498073600959e-05
2019-09-24,0.0,-0.002636938542130984,7.5471124928006e-05
2019-09-25,0.0,0.007118208294736306,7.430281586562337e-05
2019-09-26,0.0,0.001716459686731175,7.196516950935816e-05
2019-09-27,0.0,-0.001007947535973108,7.079583181268667e-05
2019-09-30,0.0,0.002724211899946205,7.39133033709205e-05
2019-10-01,0.0,-0.002515596769061101,7.157542840707798e-05
2019-10-02,0.0,-0.0009078618015145867,7.040597630569856e-05
2019-10-03,0.0,-0.001817450560499312,6.689555910033285e-05
2019-10-04,0.0,-0.000505796595681729,6.728575822556593e-05
2019-10-07,0.0,0.001821681101338291,6.884617270408455e-05
2019-10-08,0.0,0.001515320023396161,6.767591914114135e-05
2019-10-09,0.0,-0.0002017010610199099,6.650532175767054e-05
2019-10-10,0.0,-0.00413643715444223,6.611504619025155e-05
2019-10-11,0.0,-0.004153541044651266,6.611504619025155e-05
2019-10-14,0.0,0.00152587885887856,6.611504619025155e-05
2019-10-15,0.0,-0.001625150204920378,6.572473239052634e-05
2019-10-16,0.0,-0.002848700546228655,6.533438035116745e-05
2019-10-17,0.0,-0.004081231682077857,6.533438035116745e-05
2019-10-18,0.0,-0.003380819885167474,6.533438035116745e-05
2019-10-21,0.0,0.0005140116404735995,6.572473239052634e-05
2019-10-22,0.0,0.002054833499226083,6.494399006440332e-05
2019-10-23,0.0,-0.0006151702998532516,6.494399006440332e-05
2019-10-24,0.0,0.001641490004217427,6.572473239052634e-05
2019-10-25,0.0,0.00204859759565057,6.533438035116745e-05
2019-10-28,0.0,-0.0007155238016360865,6.494399006440332e-05
2019-10-29,0.0,-0.0007160361425389006,6.416309471890536e-05
2019-10-30,0.0,-0.000409467852673373,6.377258964507249e-05
2019-10-31,0.0,-0.003072227824577167,6.064717043807732e-05
2019-11-01,0.0,-0.001129949790197537,5.986543241132125e-05
2019-11-04,0.0,0.002776679127854509,6.025632059736274e-05
2019-11-05,0.0,0.004820030872797032,6.142875511461199e-05
2019-11-06,0.0,-0.0003062503333675082,6.142875511461199e-05
2019-11-07,0.0,0.001939790171781697,6.142875511461199e-05
2019-11-08,0.0,0.002139790969825528,6.10379819414586e-05
2019-11-11,0.0,-0.001525180764678669,6.10379819414586e-05
2019-11-12,0.0,0.001120169182994291,6.260084472953231e-05
2019-11-13,0.0,0.0006103670987531729,6.18194899655311e-05
2019-11-14,0.0,-0.002134787827684059,6.18194899655311e-05
2019-11-15,0.0,-0.001630029096781116,6.18194899655311e-05
2019-11-18,0.0,-0.002142847800741365,6.18194899655311e-05
2019-11-19,0.0,0.0007158164860299188,6.18194899655311e-05
2019-11-20,0.0,0.0007153044593053437,6.18194899655311e-05
2019-11-21,0.0,0.0006126575963114611,6.221018650132137e-05
2019-11-22,0.0,0.002857422036952606,6.221018650132137e-05
2019-11-25,0.0,0.0005088333516427568,6.338204629385835e-05
2019-11-26,0.0,-0.0007119578421632689,6.299146465793548e-05
2019-11-27,0.0,0.001628536001113234,6.377258964507249e-05
2019-11-29,0.0,-0.001422690924021142,6.260084472953231e-05
2019-12-02,0.0,-0.004172138462607444,6.299146465793548e-05
2019-12-03,0.0,-0.001226269628383125,6.18194899655311e-05
2019-12-04,0.0,-0.000920772865332542,6.10379819414586e-05
2019-12-05,0.0,-0.002457735381662274,6.064717043807732e-05
2019-12-06,0.0,0.002977038037476287,6.025632059736274e-05
2019-12-09,0.0,-0.0006140999024343285,6.064717043807732e-05
2019-12-10,0.0,-0.002355548227947257,6.142875511461199e-05
2019-12-11,0.0,-0.002566471518337998,6.18194899655311e-05
2019-12-12,0.0,0.00247013024622933,6.142875511461199e-05
2019-12-13,0.0,-0.002361430732344294,6.18194899655311e-05
2019-12-16,0.0,-0.001029108531495848,6.18194899655311e-05
2019-12-17,0.0,0.001442251880999113,6.142875511461199e-05
2019-12-18,0.0,0.002057448611463508,6.142875511461199e-05
2019-12-19,0.0,0.0001026024685371052,6.18194899655311e-05
2019-12-20,0.0,0.002976810931821561,6.221018650132137e-05
2019-12-23,0.0,-0.0005116715058001153,6.260084472953231e-05
2019-12-24,0.0,-0.0001024179383104507,6.221018650132137e-05
2019-12-26,0.0,-0.0006144924429148935,6.221018650132137e-05
2019-12-27,0.0,-0.006865439021286002,6.18194899655311e-05
2019-12-30,0.0,-0.001857204999756723,6.18194899655311e-05
2019-12-31,0.0,-0.003617929314139179,6.10379819414586e-05
2020-01-02,0.0,0.004772269814144803,6.064717043807732e-05
2020-01-03,0.0,-0.0001032745109762478,5.986543241132125e-05
2020-01-06,0.0,-0.001755454103407494,6.142875511461199e-05
2020-01-07,0.0,0.003206839700632846,6.064717043807732e-05
2020-01-08,0.0,0.003299646151242897,6.064717043807732e-05
2020-01-09,0.0,0.001541561066597197,6.064717043807732e-05
2020-01-10,0.0,-0.0009235129882910753,6.064717043807732e-05
2020-01-13,0.0,-0.000102733526784804,6.18194899655311e-05
2020-01-14,0.0,0.0002054881640933814,6.18194899655311e-05
2020-01-15,0.0,-0.001437808212995551,6.18194899655311e-05
2020-01-16,0.0,0.0009256025381407795,6.10379819414586e-05
2020-01-17,0.0,0.002979869671565272,6.142875511461199e-05
2020-01-21,0.0,-0.0008196069107103687,6.142875511461199e-05
2020-01-22,0.0,0.0,6.10379819414586e-05
2020-01-23,0.0,0.001640558434450989,6.10379819414586e-05
2020-01-24,0.0,0.00163779331268632,6.064717043807732e-05
2020-01-27,0.0,0.001124175902574631,6.10379819414586e-05
2020-01-28,0.0,0.0006124699791187904,6.18194899655311e-05
2020-01-29,0.0,-0.0003060475446261535,6.142875511461199e-05
2020-01-30,0.0,-0.001224564953601903,6.18194899655311e-05
2020-01-31,0.0,-0.004904499269060891,6.10379819414586e-05
2020-02-03,0.0,0.004209915439767009,6.18194899655311e-05
2020-02-04,0.0,0.001635951203704744,6.18194899655311e-05
2020-02-05,0.0,0.003164532069119597,6.18194899655311e-05
2020-02-06,0.0,0.002340524725659821,6.18194899655311e-05
2020-02-07,0.0,0.001827414265743954,6.142875511461199e-05
2020-02-10,0.0,0.001520080314298955,6.221018650132137e-05
2020-02-11,0.0,-0.001113028516781855,6.18194899655311e-05
2020-02-12,0.0,0.003342806188959768,6.221018650132137e-05
2020-02-13,0.0,0.0002018843255962022,6.260084472953231e-05
2020-02-14,0.0,0.0005047244565645759,6.221018650132137e-05
2020-02-18,0.0,0.003430148592306725,6.221018650132137e-05
2020-02-19,0.0,0.001407594921949862,6.221018650132137e-05
2020-02-20,0.0,0.002710886311219074,6.221018650132137e-05
2020-02-21,0.0,-0.006107946265901498,6.142875511461199e-05
2020-02-24,0.0,0.0003022242459325142,6.025632059736274e-05
2020-02-25,0.0,-0.003222879362207554,6.025632059736274e-05
2020-02-26,0.0,0.0003031098204189231,6.025632059736274e-05
2020-02-27,0.0,-0.00565654099589652,5.71281408126012e-05
2020-02-28,0.0,-0.00314917899532563,5.008074350687508e-05
2020-03-02,0.0,-0.007846699934963897,4.459080337038124e-05
2020-03-03,0.0,-0.002156933886156231,3.752117521416132e-05
2020-03-04,0.0,0.001955685116084238,2.846946773971126e-05
2020-03-05,0.0,-0.0053420655704709,2.452751934667319e-05
2020-03-06,0.0,-0.008985775142783203,1.781724314131594e-05
2020-03-09,0.0,-0.01094315222260689,1.307376383175018e-05
2020-03-10,0.0,0.01591150802899288,1.742216883293679e-05
2020-03-11,0.0,0.001037220934785532,1.6631902667541e-05
2020-03-12,0.0,0.009947146028631781,1.307376383175018e-05
2020-03-13,0.0,0.0131322331308743,1.109564608792191e-05
2020-03-16,0.0,-0.006683581388449378,9.512444448356305e-06
2020-03-17,0.0,0.01519018808025474,7.532557270595319e-06
2020-03-18,0.0,0.01586665798355091,7.935717540874521e-07
2020-03-19,0.0,0.01581651261565131,1.586985470813929e-06
2020-03-20,0.0,0.0005838610095996177,1.98363308512306e-06
2020-03-23,0.0,-0.0032095101345474,7.935717540874521e-07
2020-03-24,0.0,-0.007317787253707464,3.968056356828953e-07
2020-03-25,0.0,-0.0067819424660851,0.0
2020-03-26,1.0,-0.01613067623538411,0.0
2020-03-27,0.0,-0.01056120943171834,1.190298363207276e-06
2020-03-30,0.0,0.008234192700801612,4.759061227099792e-06
2020-03-31,0.0,-0.001310720437769364,4.362689847159373e-06
2020-04-01,0.0,0.006259415427413151,3.569828763927418e-06
2020-04-02,0.0,0.005116907249922864,3.569828763927418e-06
2020-04-03,0.0,0.003992828155923167,3.966279028766451e-06
2020-04-06,0.0,0.001093662839023013,5.947938814809817e-06
2020-04-07,0.0,-0.007051336451061929,5.551685702931408e-06
2020-04-08,0.0,0.001400273904258675,8.720607641343747e-06
2020-04-09,0.0,-0.005992869427244196,9.908303843175759e-06
2020-04-13,0.0,-0.001708181015670829,1.030412390967683e-05
2020-04-14,0.0,-0.004630086477479645,7.92861342602258e-06
2020-04-15,0.0,0.005763977129560782,5.551685702931408e-06
2020-04-16,0.0,0.00573094409884467,5.551685702931408e-06
2020-04-17,0.0,-0.002499250255432073,4.759061227099792e-06
2020-04-20,0.0,0.001803971811764837,4.759061227099792e-06
2020-04-21,0.0,0.00300123103747052,4.362689847159373e-06
2020-04-22,0.0,0.001296601342988923,4.759061227099792e-06
2020-04-23,0.0,0.0003984551824942617,4.362689847159373e-06
2020-04-24,0.0,-0.0004978895908179792,4.759061227099792e-06
2020-04-27,0.0,-0.003387092520358848,4.759061227099792e-06
2020-04-28,0.0,-0.001699301953113852,4.362689847159373e-06
2020-04-29,0.0,-0.003003935551289194,3.966279028766451e-06
2020-04-30,0.0,-0.005523782800477384,3.569828763927418e-06
2020-05-01,0.0,-0.002221708733253114,4.759061227099792e-06
2020-05-04,0.0,0.006882593969349982,5.155393176359269e-06
2020-05-05,0.0,0.002311979491132821,5.155393176359269e-06
2020-05-06,0.0,0.003811024540236962,4.759061227099792e-06
2020-05-07,0.0,-0.001998171201515464,4.362689847159373e-06
2020-05-08,0.0,-0.00160172223137911,4.759061227099792e-06
2020-05-11,0.0,0.005113752027167129,4.759061227099792e-06
2020-05-12,0.0,-0.003092553523544761,5.155393176359269e-06
2020-05-13,0.0,0.00310214707942591,5.155393176359269e-06
2020-05-14,0.0,0.002294526754142323,4.759061227099792e-06
2020-05-15,0.0,-0.0006967223447168491,4.759061227099792e-06
2020-05-18,0.0,-0.007270949659751058,5.155393176359269e-06
2020-05-19,0.0,-0.003009886905533721,5.155393176359269e-06
2020-05-20,0.0,-0.002515849784542779,4.759061227099792e-06
2020-05-21,0.0,0.002522195248916281,4.759061227099792e-06
2020-05-22,0.0,0.00493104407996392,4.759061227099792e-06
2020-05-26,0.0,-0.00951328802759599,5.551685702931408e-06
2020-05-27,0.0,0.001516468415032834,5.947938814809817e-06
2020-05-28,0.0,-0.006864529799463837,5.947938814809817e-06
2020-05-29,0.0,-0.0004065960219973297,5.551685702931408e-06
2020-06-01,0.0,-0.005186033412932223,5.551685702931408e-06
2020-06-02,0.0,-0.001635527538736969,5.947938814809817e-06
2020-06-03,0.0,-0.003993031606019271,6.344152519766055e-06
2020-06-04,0.0,-0.006167747549856939,5.947938814809817e-06
2020-06-05,0.0,0.002689306324056284,5.947938814809817e-06
2020-06-08,0.0,-0.003301007703374492,6.740326825349641e-06
2020-06-09,0.0,-0.003104978712789586,7.532557270595319e-06
2020-06-10,0.0,-0.003737547876787484,6.740326825349641e-06
2020-06-11,0.0,0.008024221340218185,6.740326825349641e-06
2020-06-12,0.0,0.006099414012357141,6.344152519766055e-06
2020-06-15,0.0,-0.0065762370700303,7.136461739776223e-06
2020-06-16,0.0,0.002896139619497751,6.740326825349641e-06
2020-06-17,0.0,0.002062753501704151,6.740326825349641e-06
2020-06-18,0.0,0.002675941715071462,6.344152519766055e-06
2020-06-19,0.0,0.002053013563907857,5.947938814809817e-06
2020-06-22,0.0,-0.005941424039500931,6.344152519766055e-06
2020-06-23,0.0,-0.003606744340674206,6.344152519766055e-06
2020-06-24,0.0,0.004757462745452079,5.947938814809817e-06
2020-06-25,0.0,0.002882128408637108,6.344152519766055e-06
2020-06-26,0.0,0.000718461404136006,5.551685702931408e-06
2020-06-29,0.0,0.0004102658002804738,5.551685702931408e-06
2020-06-30,0.0,-0.001537846262773868,6.344152519766055e-06
2020-07-01,0.0,-0.001950944066095195,5.551685702931408e-06
2020-07-02,0.0,0.001234596197013493,5.551685702931408e-06
2020-07-06,0.0,-0.005445938974094178,5.947938814809817e-06
2020-07-07,0.0,0.0009298102803942943,5.947938814809817e-06
2020-07-08,0.0,-0.004644890183729933,5.947938814809817e-06
2020-07-09,0.0,0.002799923698143081,5.155393176359269e-06
2020-07-10,0.0,-0.0005170157594734937,5.155393176359269e-06
2020-07-13,0.0,-0.001965881411345571,5.551685702931408e-06
2020-07-14,0.0,-0.00207336668194491,5.947938814809817e-06
2020-07-15,0.0,-0.001869938719937236,6.344152519766055e-06
2020-07-16,0.0,0.002810123209002091,4.362689847159373e-06
2020-07-17,0.0,-0.004255278040559252,4.362689847159373e-06
2020-07-20,0.0,-0.001146556259665976,5.155393176359269e-06
2020-07-21,0.0,-0.007408943659673151,5.155393176359269e-06
2020-07-22,0.0,-0.001576971420811923,5.155393176359269e-06
2020-07-23,0.0,-0.002948286571526681,4.759061227099792e-06
2020-07-24,0.0,-0.002640194250229322,4.362689847159373e-06
2020-07-27,0.0,-0.008153369891521045,4.362689847159373e-06
2020-07-28,0.0,0.0009608622722807603,4.362689847159373e-06
2020-07-29,0.0,-0.005332764383617628,4.362689847159373e-06
2020-07-30,0.0,-0.002573509410963459,3.569828763927418e-06
2020-07-31,0.0,0.005052690149050409,3.569828763927418e-06
2020-08-03,0.0,0.0001069861638571812,3.966279028766451e-06
2020-08-04,0.0,-0.001283451835101923,3.569828763927418e-06
2020-08-05,0.0,-0.005889863338405132,3.966279028766451e-06
2020-08-06,0.0,-0.0004309050386548385,3.966279028766451e-06
2020-08-07,0.0,0.007005081576307415,3.966279028766451e-06
2020-08-10,0.0,0.001498281100069887,4.362689847159373e-06
2020-08-11,0.0,0.0005342532740439943,4.362689847159373e-06
2020-08-12,0.0,-0.002029208774806279,4.362689847159373e-06
2020-08-13,0.0,-0.001070270771646564,3.966279028766451e-06
2020-08-14,0.0,-0.002571222125408501,3.966279028766451e-06
2020-08-17,0.0,-0.002685284684182832,3.966279028766451e-06
2020-08-18,0.0,-0.006246654179712707,3.569828763927418e-06
2020-08-19,0.0,0.006719440437181534,4.362689847159373e-06
2020-08-20,0.0,-0.001076525726969035,4.362689847159373e-06
2020-08-21,0.0,0.004957420842051974,3.966279028766451e-06
2020-08-24,0.0,0.0005362257561158934,4.759061227099792e-06
2020-08-25,0.0,-0.003001140402279279,4.362689847159373e-06
2020-08-26,0.0,-0.0001074447129286726,4.362689847159373e-06
2020-08-27,0.0,0.0,4.362689847159373e-06
2020-08-28,0.0,-0.006880973819472058,3.966279028766451e-06
2020-08-31,0.0,-0.002490022194376329,4.362689847159373e-06
2020-09-01,0.0,0.002170576834892524,4.759061227099792e-06
2020-09-02,0.0,0.005523090280015408,4.759061227099792e-06
2020-09-03,0.0,-0.001184713108877689,4.362689847159373e-06
2020-09-04,0.0,-0.0002156204822840735,4.362689847159373e-06
2020-09-08,0.0,0.008196744243147869,5.155393176359269e-06
2020-09-09,1.0,-0.002353457561004801,4.759061227099792e-06
2020-09-10,0.0,0.0008577546625325727,4.759061227099792e-06
2020-09-11,0.0,-0.0001070763577036837,4.362689847159373e-06
2020-09-14,0.0,-0.002785836613408921,4.362689847159373e-06
2020-09-15,0.0,-0.0002148559485546375,4.362689847159373e-06
2020-09-16,0.0,0.001719462949677064,4.759061227099792e-06
2020-09-17,0.0,-0.002574808133535389,3.569828763927418e-06
2020-09-18,0.0,-0.0004302561579232478,3.966279028766451e-06
2020-09-21,0.0,0.0065640870369994,3.966279028766451e-06
2020-09-22,0.0,0.004810743466301171,3.966279028766451e-06
2020-09-23,1.0,0.004255788221834811,4.362689847159373e-06
2020-09-24,1.0,-0.0004237834069922286,3.966279028766451e-06
2020-09-25,1.0,0.002437767468503882,3.966279028766451e-06
2020-09-28,1.0,-0.003383375857782589,4.362689847159373e-06
2020-09-29,1.0,-0.003925342013543331,3.569828763927418e-06
2020-09-30,0.0,0.0,3.966279028766451e-06
2020-10-01,0.0,-0.001917140338118073,3.569828763927418e-06
2020-10-02,0.0,0.001387229267826529,3.569828763927418e-06
2020-10-05,0.0,-0.003516562388514388,3.966279028766451e-06
2020-10-06,0.0,0.003422090551960633,3.966279028766451e-06
2020-10-07,0.0,-0.00213156318590757,3.966279028766451e-06
2020-10-08,0.0,-0.0002135709030545163,3.569828763927418e-06
2020-10-09,0.0,-0.005875473220507521,3.966279028766451e-06
2020-10-12,0.0,0.0001074805124958722,3.966279028766451e-06
2020-10-13,0.0,0.004942506564746818,4.362689847159373e-06
2020-10-14,0.0,-0.001603779833600383,4.759061227099792e-06
2020-10-15,0.0,0.005140323099720678,4.362689847159373e-06
2020-10-16,0.0,-0.001917753079110129,4.362689847159373e-06
2020-10-19,0.0,-0.002668659256891415,4.362689847159373e-06
2020-10-20,0.0,-0.003853158612604823,3.966279028766451e-06
2020-10-21,0.0,-0.004942506564746818,3.966279028766451e-06
2020-10-22,0.0,0.00367127022621605,3.569828763927418e-06
2020-10-23,0.0,-0.00193652836025382,3.966279028766451e-06
2020-10-26,0.0,0.003018286286769367,4.362689847159373e-06
2020-10-27,0.0,-0.001182166649584926,3.966279028766451e-06
2020-10-28,0.0,0.005057039039776612,3.966279028766451e-06
2020-10-29,0.0,0.005887971317855456,3.569828763927418e-06
2020-10-30,1.0,0.0008514456346766508,3.569828763927418e-06
2020-11-02,1.0,0.0001063604437803178,3.569828763927418e-06
2020-11-03,1.0,-0.005316320933289487,3.966279028766451e-06
2020-11-04,0.0,-0.001496519348812675,3.966279028766451e-06
2020-11-05,0.0,-0.009420884790838135,3.966279028766451e-06
2020-11-06,0.0,-0.003242142292456229,3.966279028766451e-06
2020-11-09,0.0,0.005421229337539746,4.362689847159373e-06
2020-11-10,0.0,0.000215643722015546,3.966279028766451e-06
2020-11-11,0.0,0.003126694507033401,3.966279028766451e-06
2020-11-12,0.0,-0.0008598648996932523,3.966279028766451e-06
2020-11-13,0.0,-0.002151430187305126,3.569828763927418e-06
2020-11-16,0.0,-0.002048322952032722,3.569828763927418e-06
2020-11-17,0.0,-0.00162041186532802,3.569828763927418e-06
2020-11-18,0.0,-0.001082000390632887,3.569828763927418e-06
2020-11-19,0.0,-0.000324943450996984,2.77680986426887e-06
2020-11-20,0.0,0.001083524467754948,2.77680986426887e-06
2020-11-23,0.0,0.001298871602714469,3.173339045314805e-06
2020-11-24,0.0,-0.003026686550980151,3.569828763927418e-06
2020-11-25,0.0,-0.002602249641423415,3.569828763927418e-06
2020-11-27,0.0,-0.002174116239663015,3.569828763927418e-06
2020-11-30,0.0,0.0008715745751906034,3.173339045314805e-06
2020-12-01,0.0,-0.006095626115665054,3.569828763927418e-06
2020-12-02,0.0,-0.002080766806392687,3.569828763927418e-06
2020-12-03,0.0,-0.004499601072770587,3.173339045314805e-06
2020-12-04,0.0,-0.0001102649799517019,3.569828763927418e-06
2020-12-07,0.0,0.0009923260233020148,3.173339045314805e-06
2020-12-08,0.0,0.00198260054367938,3.569828763927418e-06
2020-12-09,0.0,0.001319062499475887,3.173339045314805e-06
2020-12-10,0.0,-0.003293395920782261,3.173339045314805e-06
2020-12-11,0.0,0.00209276836094574,3.173339045314805e-06
2020-12-14,0.0,-0.002967732056478933,3.569828763927418e-06
2020-12-15,0.0,-0.00264577076608763,3.173339045314805e-06
2020-12-16,0.0,-0.0002211149794519862,3.569828763927418e-06
2020-12-17,0.0,-0.006965143998605927,3.173339045314805e-06
2020-12-18,0.0,0.002226641604561319,3.173339045314805e-06
2020-12-21,0.0,0.0002222203200057393,3.569828763927418e-06
2020-12-22,0.0,0.006774773480109575,3.569828763927418e-06
2020-12-23,0.0,-0.002647521894426186,3.569828763927418e-06
2020-12-24,0.0,-0.0008848780866516082,3.569828763927418e-06
2020-12-28,0.0,0.0001106443776524024,4.362689847159373e-06
2020-12-29,0.0,-0.003652802911635167,3.966279028766451e-06
2020-12-30,0.0,-0.004221807285787693,3.173339045314805e-06
2020-12-31,0.0,0.003458721382215035,3.569828763927418e-06
2021-01-04,0.0,-0.0006671690722642731,3.569828763927418e-06
2021-01-05,0.0,-0.004895358538687389,3.569828763927418e-06
2021-01-06,0.0,0.00100622020834118,3.569828763927418e-06
2021-01-07,0.0,0.003350866255425355,3.569828763927418e-06
2021-01-08,0.0,0.00300563995951153,3.173339045314805e-06
2021-01-11,0.0,0.004883489998422474,3.173339045314805e-06
2021-01-12,0.0,-0.005411948959738733,3.569828763927418e-06
2021-01-13,0.0,0.002998296878582218,3.569828763927418e-06
2021-01-14,0.0,-0.0008857598685230172,3.569828763927418e-06
2021-01-15,0.0,0.005984052840322107,3.569828763927418e-06
2021-01-19,0.0,-0.00308436641398957,3.569828763927418e-06
2021-01-20,0.0,-0.0003314782242748171,3.173339045314805e-06
2021-01-21,0.0,-0.003758195674781861,3.569828763927418e-06
2021-01-22,0.0,0.001220466145608334,3.173339045314805e-06
2021-01-25,0.0,0.001662250991022463,3.569828763927418e-06
2021-01-26,0.0,-0.002433911076321071,2.77680986426887e-06
2021-01-27,0.0,0.005323315589230049,3.173339045314805e-06
2021-01-28,0.0,-0.002096000421489275,2.77680986426887e-06
2021-01-29,0.0,0.001326583548491689,2.380241213684187e-06
2021-02-01,0.0,0.004857527082328561,2.77680986426887e-06
2021-02-02,0.0,0.001977590769220106,2.77680986426887e-06
2021-02-03,0.0,-0.0008771294335191415,1.586985470813929e-06
2021-02-04,0.0,0.004499517343684811,1.586985470813929e-06
2021-02-05,0.0,-0.005353412764169785,1.190298363207276e-06
2021-02-08,0.0,-0.001208266797510515,1.98363308512306e-06
2021-02-09,0.0,-0.005388737073848238,1.586985470813929e-06
2021-02-10,0.0,-0.0007739904128106767,1.98363308512306e-06
2021-02-11,0.0,0.0005532302848709758,1.98363308512306e-06
2021-02-12,0.0,0.0006636273966313944,1.586985470813929e-06
2021-02-16,0.0,0.0003315514830224409,1.586985470813929e-06
2021-02-17,0.0,0.004861283854014964,1.586985470813929e-06
2021-02-18,0.0,-0.003958225645201874,1.190298363207276e-06
2021-02-19,0.0,-0.002538864519667339,1.586985470813929e-06
2021-02-22,0.0,-0.003873378394831484,1.190298363207276e-06
2021-02-23,0.0,0.001777536150623371,1.586985470813929e-06
2021-02-24,0.0,0.0001109253236506458,1.190298363207276e-06
2021-02-25,0.0,-0.0005544805010933018,1.586985470813929e-06
2021-02-26,0.0,0.00887610203191791,1.586985470813929e-06
2021-03-01,0.0,0.001209728472257643,1.98363308512306e-06
2021-03-02,0.0,-0.002746045666585206,1.586985470813929e-06
2021-03-03,0.0,0.001762264909146882,1.98363308512306e-06
2021-03-04,0.0,0.007476639120315154,1.586985470813929e-06
2021-03-05,0.0,0.003819776427010257,1.586985470813929e-06
2021-03-08,1.0,0.003587673294374705,1.98363308512306e-06
2021-03-09,1.0,-0.003791555447706818,1.98363308512306e-06
2021-03-10,1.0,-0.001848609946039192,1.586985470813929e-06
2021-03-11,0.0,-0.004030970071811413,1.586985470813929e-06
2021-03-12,0.0,0.002844040050733465,1.586985470813929e-06
2021-03-15,0.0,0.001636142292534837,1.586985470813929e-06
2021-03-16,0.0,0.0004355974597598511,7.935717540874521e-07
2021-03-17,0.0,-0.00511593781051245,7.935717540874521e-07
2021-03-18,0.0,0.004923380095511076,3.968056356828953e-07
2021-03-19,0.0,0.0007621088294731404,3.968056356828953e-07
2021-03-22,0.0,-0.001305429934484459,1.190298363207276e-06
2021-03-23,0.0,0.005882279609820573,3.968056356828953e-07
2021-03-24,0.0,0.002057639689642121,7.935717540874521e-07
2021-03-25,1.0,0.003782540567799142,7.935717540874521e-07
2021-03-26,1.0,-0.001184330465163863,7.935717540874521e-07
2021-03-29,1.0,0.001832551519797221,1.190298363207276e-06
2021-03-30,1.0,0.003873473218149792,7.935717540874521e-07
2021-03-31,1.0,-0.000750264657391142,1.190298363207276e-06
2021-04-01,1.0,-0.00321788094986164,7.935717540874521e-07
2021-04-05,0.0,-0.003551079629516618,1.190298363207276e-06
2021-04-06,0.0,-0.002807798493680624,7.935717540874521e-07
2021-04-07,0.0,0.001299574954962246,7.935717540874521e-07
2021-04-08,0.0,-0.0043262116573618,3.968056356828953e-07
2021-04-09,0.0,0.001086314427197088,7.935717540874521e-07
2021-04-12,0.0,-0.0002170602394317989,7.935717540874521e-07
2021-04-13,0.0,-0.003147394372133294,1.190298363207276e-06
2021-04-14,0.0,-0.001741927440095936,7.935717540874521e-07
2021-04-15,0.0,-0.000218172886119361,7.935717540874521e-07
2021-04-16,0.0,-0.001199963047330166,7.935717540874521e-07
2021-04-19,0.0,-0.005351658768404377,7.935717540874521e-07
2021-04-20,0.0,0.001866675848413157,1.190298363207276e-06
2021-04-21,0.0,-0.0008767448874735795,1.190298363207276e-06
2021-04-22,0.0,0.001864832844625797,1.190298363207276e-06
2021-04-23,0.0,-0.00514618648067644,1.190298363207276e-06
2021-04-26,0.0,-0.0005503307442429328,1.190298363207276e-06
2021-04-27,0.0,0.001101267549876273,3.968056356828953e-07
2021-04-28,0.0,-0.003300000436396999,3.968056356828953e-07
2021-04-29,0.0,0.0,3.968056356828953e-07
2021-04-30,0.0,0.007394307079044093,3.968056356828953e-07
2021-05-03,0.0,-0.003615269888999295,1.586985470813929e-06
2021-05-04,0.0,0.003738361502954701,7.935717540874521e-07
2021-05-05,0.0,0.0002190452718355829,7.935717540874521e-07
2021-05-06,0.0,-0.003942619866138419,7.935717540874521e-07
2021-05-07,0.0,-0.00791636740480961,7.935717540874521e-07
2021-05-10,0.0,-0.0002217031111236833,7.935717540874521e-07
2021-05-11,0.0,-0.0007759638125999224,3.968056356828953e-07
2021-05-12,0.0,0.006323493440024031,7.935717540874521e-07
2021-05-13,0.0,0.0004409758122705387,7.935717540874521e-07
2021-05-14,0.0,-0.004738295373837853,3.968056356828953e-07
2021-05-17,0.0,-0.001107157600298669,7.935717540874521e-07
2021-05-18,0.0,-0.005209501378229509,7.935717540874521e-07
2021-05-19,0.0,0.004902534166086436,3.968056356828953e-07
2021-05-20,0.0,-0.004213381445015263,3.968056356828953e-07
2021-05-21,0.0,0.002338259549953259,3.968056356828953e-07
2021-05-24,0.0,-0.002110584526736403,7.935717540874521e-07
2021-05-25,0.0,-0.002115133446881079,7.935717540874521e-07
2021-05-26,0.0,0.004462310671602854,7.935717540874521e-07
2021-05-27,0.0,-0.0007774288550917996,7.935717540874521e-07
2021-05-28,0.0,0.0006668618181584485,3.968056356828953e-07
2021-06-01,0.0,-0.002221447861311954,7.935717540874521e-07
2021-06-02,0.0,0.0007792462807232337,7.935717540874521e-07
2021-06-03,0.0,0.006674065227333381,7.935717540874521e-07
2021-06-04,0.0,-0.003977907296702332,7.935717540874521e-07
2021-06-07,0.0,-0.00210785935980462,7.935717540874521e-07
2021-06-08,0.0,0.001445301692309275,7.935717540874521e-07
2021-06-09,0.0,0.0004440598880355306,1.190298363207276e-06
2021-06-10,0.0,-0.0004438627863763145,1.190298363207276e-06
2021-06-11,0.0,0.005328549264900007,1.190298363207276e-06
2021-06-14,0.0,-0.0004417062346039335,1.190298363207276e-06
2021-06-15,0.0,0.0002209928546486051,1.190298363207276e-06
2021-06-16,0.0,0.00651641630135491,1.586985470813929e-06
2021-06-17,0.0,0.008339758138223408,1.586985470813929e-06
2021-06-18,1.0,0.003700119376901956,1.98363308512306e-06
2021-06-21,1.0,-0.004011739489481636,1.98363308512306e-06
2021-06-22,0.0,-0.001415167129917516,1.586985470813929e-06
2021-06-23,0.0,0.000763105769786554,1.98363308512306e-06
2021-06-24,0.0,0.0002178283486018451,1.98363308512306e-06
2021-06-25,0.0,-0.0001089320002582994,2.380241213684187e-06
2021-06-28,0.0,0.000762440874475967,1.98363308512306e-06
2021-06-29,0.0,0.001850302605810317,1.586985470813929e-06
2021-06-30,0.0,0.004236821039855343,1.98363308512306e-06
2021-07-01,1.0,0.001730809481709672,1.98363308512306e-06
2021-07-02,0.0,-0.003995627681256386,1.98363308512306e-06
2021-07-06,0.0,0.003469583467169635,1.98363308512306e-06
2021-07-07,0.0,0.0009724077247226237,1.98363308512306e-06
2021-07-08,0.0,-0.003022439347383665,2.380241213684187e-06
2021-07-09,0.0,-0.002490291851598547,2.380241213684187e-06
2021-07-12,0.0,0.001085489053478828,1.98363308512306e-06
2021-07-13,0.0,0.005638042113627506,1.98363308512306e-06
2021-07-14,0.0,-0.003665728710411043,2.380241213684187e-06
2021-07-15,0.0,0.002272471335901027,1.98363308512306e-06
2021-07-16,0.0,0.0007557729728830953,1.98363308512306e-06
2021-07-19,0.0,0.002157697086787813,1.98363308512306e-06
2021-07-20,0.0,0.0008612534350345147,1.98363308512306e-06
2021-07-21,0.0,-0.002366367837092542,1.98363308512306e-06
2021-07-22,0.0,0.0007547136908272467,1.98363308512306e-06
2021-07-23,0.0,0.0009696613615715055,1.98363308512306e-06
2021-07-26,0.0,-0.002798429942765135,1.98363308512306e-06
2021-07-27,0.0,-0.00237454092908651,1.98363308512306e-06
2021-07-28,0.0,-0.001190096397147844,1.98363308512306e-06
2021-07-29,0.0,-0.004982659077049867,2.380241213684187e-06
2021-07-30,0.0,0.003374674031504599,2.380241213684187e-06
2021-08-02,0.0,-0.001301889113283439,1.98363308512306e-06
2021-08-03,0.0,0.0003258965595036578,1.98363308512306e-06
2021-08-04,0.0,0.002063366727123928,1.98363308512306e-06
2021-08-05,0.0,-0.0003251195446870581,1.98363308512306e-06
2021-08-06,0.0,0.006071175205526025,2.380241213684187e-06
2021-08-09,0.0,0.001616313486549226,2.380241213684187e-06
2021-08-10,0.0,0.001183438557968097,1.98363308512306e-06
2021-08-11,0.0,-0.001611797769389911,1.98363308512306e-06
2021-08-12,0.0,0.001399173913400498,2.380241213684187e-06
2021-08-13,0.0,-0.005589039846775834,2.380241213684187e-06
2021-08-16,0.0,0.001188938762891834,2.380241213684187e-06
2021-08-17,0.0,0.005397819441061769,2.77680986426887e-06
2021-08-18,0.0,0.0001073997264624538,2.77680986426887e-06
2021-08-19,0.0,0.004616709340708569,2.380241213684187e-06
2021-08-20,0.0,-0.0007480997654432109,1.98363308512306e-06
2021-08-23,0.0,-0.005775410861254993,1.98363308512306e-06
2021-08-24,0.0,-0.0007530087727368739,1.98363308512306e-06
2021-08-25,0.0,-0.000645899009451778,2.380241213684187e-06
2021-08-26,0.0,0.00247760123884988,1.98363308512306e-06
2021-08-27,0.0,-0.003975877142641693,1.98363308512306e-06
2021-08-30,0.0,-0.0004315558795311425,1.98363308512306e-06
2021-08-31,0.0,-0.0002159122734104457,1.586985470813929e-06
2021-09-01,0.0,-0.001943218293349758,1.98363308512306e-06
2021-09-02,0.0,-0.002379595441541871,1.98363308512306e-06
2021-09-03,0.0,-0.002060093619111525,1.98363308512306e-06
2021-09-07,0.0,0.005215077387706657,1.98363308512306e-06
2021-09-08,0.0,0.001405154426388888,1.98363308512306e-06
2021-09-09,0.0,-0.001834842591965091,1.586985470813929e-06
2021-09-10,0.0,0.001081298340086967,1.98363308512306e-06
2021-09-13,0.0,0.0004320686404861718,2.380241213684187e-06
2021-09-14,0.0,0.0003238909350817831,1.586985470813929e-06
2021-09-15,0.0,-0.001726968801664674,1.586985470813929e-06
2021-09-16,0.0,0.004000462267574223,1.586985470813929e-06
2021-09-17,0.0,0.003661386341329953,1.586985470813929e-06
2021-09-20,0.0,0.0004291943866645553,1.586985470813929e-06
2021-09-21,0.0,-0.0004290102578701216,1.190298363207276e-06
2021-09-22,0.0,0.002789722583090404,1.190298363207276e-06
2021-09-23,0.0,-0.003851921826215521,1.190298363207276e-06
2021-09-24,0.0,0.002470497966737595,1.190298363207276e-06
2021-09-27,0.0,0.0005356843606816319,1.586985470813929e-06
2021-09-28,0.0,0.004176476773607662,1.586985470813929e-06
2021-09-29,0.0,0.006078700173083096,1.586985470813929e-06
2021-09-30,0.0,-0.0009539574028420983,1.586985470813929e-06
2021-10-01,0.0,-0.002228106997057333,1.586985470813929e-06
2021-10-04,0.0,-0.002445803431458837,1.586985470813929e-06
2021-10-05,0.0,0.001812235398830131,1.586985470813929e-06
2021-10-06,0.0,0.003085691378743816,1.586985470813929e-06
2021-10-07,0.0,-0.0005303428889742445,1.98363308512306e-06
2021-10-08,0.0,-0.001592034853911128,1.98363308512306e-06
2021-10-11,0.0,0.002657595416296843,1.98363308512306e-06
2021-10-12,0.0,0.002120408703236709,2.380241213684187e-06
2021-10-13,0.0,-0.004655044727448154,1.98363308512306e-06
2021-10-14,0.0,-0.001275539373367884,1.98363308512306e-06
2021-10-15,0.0,-0.0002128208095066864,1.98363308512306e-06
2021-10-18,0.0,0.0001063924481179424,2.380241213684187e-06
2021-10-19,0.0,-0.001702991356167805,1.98363308512306e-06
2021-10-20,0.0,-0.002452322792285133,1.98363308512306e-06
2021-10-21,0.0,0.002244539225657149,2.380241213684187e-06
2021-10-22,0.0,-0.001706260407834614,2.380241213684187e-06
2021-10-25,0.0,0.002136491260956941,2.380241213684187e-06
2021-10-26,0.0,0.001492371743864407,2.380241213684187e-06
2021-10-27,0.0,-0.0009579174115376121,2.380241213684187e-06
2021-10-28,0.0,-0.005433647271617659,2.380241213684187e-06
2021-10-29,0.0,0.008248572951764954,1.98363308512306e-06
2021-11-01,0.0,-0.002549994540589573,1.98363308512306e-06
2021-11-02,0.0,0.002236888481214949,1.98363308512306e-06
2021-11-03,0.0,-0.00244442274939749,1.98363308512306e-06
2021-11-04,0.0,0.005220518437920152,1.586985470813929e-06
2021-11-05,0.0,-0.0003179520909595279,1.98363308512306e-06
2021-11-08,0.0,-0.002862559838210266,2.380241213684187e-06
2021-11-09,0.0,-0.0009569799507143095,1.586985470813929e-06
2021-11-10,0.0,0.009472109390383343,1.98363308512306e-06
2021-11-11,0.0,0.003479197009631285,1.98363308512306e-06
2021-11-12,0.0,-0.0005253525068027454,1.98363308512306e-06
2021-11-15,0.0,0.00294340814438887,1.98363308512306e-06
2021-11-16,0.0,0.005345293860820499,1.98363308512306e-06
2021-11-17,0.0,-0.0009382437407068345,1.98363308512306e-06
2021-11-18,0.0,-0.003026201711219922,1.98363308512306e-06
2021-11-19,0.0,0.0055474018653765,1.98363308512306e-06
2021-11-22,0.0,0.004475906178221356,1.98363308512306e-06
2021-11-23,0.0,-0.0001036490801085144,2.380241213684187e-06
2021-11-24,0.0,0.003627303159600359,2.380241213684187e-06
2021-11-26,0.0,-0.007744733874040288,2.380241213684187e-06
2021-11-29,0.0,0.002601727646246443,2.380241213684187e-06
2021-11-30,0.0,-0.003632950876327201,1.98363308512306e-06
2021-12-01,0.0,0.0006251191720354488,2.380241213684187e-06
2021-12-02,0.0,0.0008328391371008603,1.98363308512306e-06
2021-12-03,0.0,-0.0001039686582907651,2.380241213684187e-06
2021-12-06,0.0,0.001768603454928241,1.98363308512306e-06
2021-12-07,0.0,0.0008308425619900639,2.380241213684187e-06
2021-12-08,0.0,-0.004980837846355834,2.77680986426887e-06
2021-12-09,0.0,0.003962845508777679,2.380241213684187e-06
2021-12-10,0.0,-0.002285172940477476,2.380241213684187e-06
2021-12-13,0.0,0.00281100087962427,1.98363308512306e-06
2021-12-14,0.0,0.002595514958389611,1.98363308512306e-06
2021-12-15,0.0,-0.0006212856868940131,1.98363308512306e-06
2021-12-16,0.0,-0.004869974202670546,1.98363308512306e-06
2021-12-17,0.0,0.005518521181221647,1.98363308512306e-06
2021-12-20,0.0,-0.0002070688943729415,2.77680986426887e-06
2021-12-21,0.0,-0.0006214933826166336,2.77680986426887e-06
2021-12-22,0.0,-0.004249103967166601,3.173339045314805e-06
2021-12-23,0.0,-0.0006245335849783817,2.77680986426887e-06
2021-12-27,0.0,0.0007290116358202869,2.380241213684187e-06
2021-12-28,0.0,0.001144766516222528,2.380241213684187e-06
2021-12-29,0.0,-0.002806618000327665,1.98363308512306e-06
2021-12-30,0.0,0.0004169802501834408,1.98363308512306e-06
2021-12-31,0.0,-0.00312600862709056,2.380241213684187e-06
2022-01-03,0.0,0.005957977482320409,3.173339045314805e-06
2022-01-04,1.0,0.0005195662184924732,3.173339045314805e-06
2022-01-05,1.0,-0.001038513585733813,3.569828763927418e-06
2022-01-06,1.0,0.0006237400672726157,3.966279028766451e-06
2022-01-07,1.0,-0.005298723493303625,3.966279028766451e-06
2022-01-10,0.0,0.002611238829937523,5.155393176359269e-06
2022-01-11,1.0,-0.003854517402038127,4.362689847159373e-06
2022-01-12,0.0,-0.006484027701036621,4.759061227099792e-06
2022-01-13,0.0,-0.002210516678659569,4.759061227099792e-06
2022-01-14,0.0,0.00400883268011154,5.155393176359269e-06
2022-01-18,0.0,0.00588426183421964,6.344152519766055e-06
2022-01-19,0.0,-0.002298142828668248,6.740326825349641e-06
2022-01-20,0.0,0.002408080016698344,6.740326825349641e-06
2022-01-21,0.0,-0.001044479594237924,6.740326825349641e-06
2022-01-24,0.0,0.002927632591841922,7.532557270595319e-06
2022-01-25,1.0,0.0003127479135689448,7.532557270595319e-06
2022-01-26,1.0,0.00562794093488761,7.532557270595319e-06
2022-01-27,1.0,0.007980146020399648,7.92861342602258e-06
2022-01-28,1.0,0.0001027607096073524,7.532557270595319e-06
2022-01-31,1.0,-0.007504839649761563,8.720607641343747e-06
2022-02-01,1.0,-0.001553775890370646,7.532557270595319e-06
2022-02-02,1.0,-0.004668502449337253,7.532557270595319e-06
2022-02-03,0.0,-0.005837035373542854,7.92861342602258e-06
2022-02-04,0.0,0.001048501849396422,9.116545717002822e-06
2022-02-07,0.0,-0.0008378909535184942,1.0699904655187e-05
2022-02-08,0.0,0.002515700837849799,9.908303843175759e-06
2022-02-09,0.0,-0.00156839739477399,1.030412390967683e-05
2022-02-10,0.0,0.000628392390100263,1.58414797191142e-05
2022-02-11,0.0,0.005546821165560711,1.426016322336743e-05
2022-02-14,0.0,0.003018327539556775,1.702705534412097e-05
2022-02-15,1.0,-0.00394318638562019,1.58414797191142e-05
2022-02-16,0.0,-0.003021157641225458,1.505089992526187e-05
2022-02-17,0.0,0.001044995890331135,1.426016322336743e-05
2022-02-18,0.0,0.00250519682801964,1.386473601239224e-05
2022-02-22,0.0,-0.0001041455241057587,1.465555119151141e-05
2022-02-23,0.0,0.001666184152278261,1.346926955103633e-05
2022-02-24,0.0,0.009876254539247675,1.26782188460961e-05
2022-02-25,1.0,-0.005353064096496385,1.307376383175018e-05
2022-02-28,1.0,0.0009314462361036391,1.386473601239224e-05
2022-03-01,1.0,0.007238182031470197,1.26782188460961e-05
2022-03-02,1.0,-0.0002053615820643007,1.346926955103633e-05
2022-03-03,1.0,0.004107213557713818,1.505089992526187e-05
2022-03-04,1.0,0.008794361410165541,1.346926955103633e-05
2022-03-07,1.0,0.00648757607449757,1.505089992526187e-05
2022-03-08,1.0,-0.002316480560104694,1.426016322336743e-05
2022-03-09,1.0,-0.01100339556586294,1.505089992526187e-05
2022-03-10,1.0,0.005511900671623549,1.544620943172426e-05
2022-03-11,1.0,0.006192270806247624,1.58414797191142e-05
2022-03-14,1.0,-0.0006053792002175262,1.781724314131594e-05
2022-03-15,1.0,0.0001009704873509154,1.821227827725203e-05
2022-03-16,1.0,-0.006964797047862459,1.742216883293679e-05
2022-03-17,0.0,-0.003760877490517012,1.58414797191142e-05
2022-03-18,0.0,0.002244681317293828,1.6631902667541e-05
2022-03-21,0.0,0.002748616856759423,2.137115009137602e-05
2022-03-22,0.0,-0.0001015445302585682,2.018686664317926e-05
2022-03-23,0.0,0.001319980562821454,1.979202725266305e-05
2022-03-24,0.0,0.001723769663464214,2.058166690788177e-05
2022-03-25,0.0,0.0002024156582760561,2.17658330252668e-05
2022-03-28,0.0,0.002833708999242068,2.334417389215915e-05
2022-03-29,0.0,-0.006963314537411835,2.17658330252668e-05
2022-03-30,0.0,-0.006199193098499478,2.17658330252668e-05
2022-03-31,0.0,0.00531748275077315,2.058166690788177e-05
2022-04-01,0.0,0.00325500663992484,2.097642805476418e-05
2022-04-04,0.0,0.003650011359389804,2.610476675579676e-05
2022-04-05,0.0,0.00484900866039184,2.571051343691622e-05
2022-04-06,0.0,0.001306899083368229,2.649898106499293e-05
2022-04-07,0.0,0.001506039439527429,2.689315637249834e-05
2022-04-08,0.0,0.0005012837268953962,2.768139001307901e-05
2022-04-11,0.0,0.001302577649727521,3.043898033650017e-05
2022-04-12,0.0,0.00360252786202464,2.925738961367941e-05
2022-04-13,0.0,-0.004088180859173285,2.965129212539885e-05
2022-04-14,0.0,0.004405310908147664,3.122651284970246e-05
2022-04-18,0.0,0.004585317841627079,3.201388972629005e-05
2022-04-19,0.0,0.001786071714189985,3.201388972629005e-05
2022-04-20,0.0,-0.005645797345415815,3.240751982014345e-05
2022-04-21,0.0,0.001892643117456849,3.280111102821337e-05
2022-04-22,0.0,0.006363087870324469,3.280111102821337e-05
2022-04-25,0.0,0.005236107220956132,3.594844171850298e-05
2022-04-26,0.0,0.005405435398111003,3.280111102821337e-05
2022-04-27,0.0,0.006353801340118759,3.240751982014345e-05
2022-04-28,0.0,0.006508070113655728,3.240751982014345e-05
2022-04-29,0.0,-0.006369461924484177,3.358817681675674e-05
2022-05-02,0.0,0.007575745787030019,3.555516132158765e-05
2022-05-03,0.0,-0.002602628191885725,3.594844171850298e-05
2022-05-04,0.0,-0.008504927732004508,3.516184210039519e-05
2022-05-05,0.0,0.01130718104608186,3.358817681675674e-05
2022-05-06,0.0,-0.0008674345820780527,3.358817681675674e-05
2022-05-09,0.0,-9.648983095833508e-05,3.634168329846865e-05
2022-05-10,0.0,0.002604887979658965,3.516184210039519e-05
2022-05-11,0.0,-0.0006735921483601581,3.594844171850298e-05
2022-05-12,0.0,0.009629273131373184,3.79142616035999e-05
2022-05-13,0.0,-0.002765864756773095,4.066478096254045e-05
2022-05-16,0.0,-0.003538591486483833,4.223565419558817e-05
2022-05-17,0.0,-0.007966232955233465,4.184299394793811e-05
2022-05-18,0.0,0.004353685619049141,4.066478096254045e-05
2022-05-19,0.0,-0.01049991680498286,4.145029499813546e-05
2022-05-20,0.0,0.004186139992852222,4.066478096254045e-05
2022-05-23,0.0,-0.01037323973820548,4.223565419558817e-05
2022-05-24,0.0,-0.00215518433343298,4.184299394793811e-05
2022-05-25,0.0,0.001963449313212351,4.184299394793811e-05
2022-05-26,0.0,-0.002253534519311207,4.223565419558817e-05
2022-05-27,0.0,-0.001571282129355756,4.262827574930128e-05
2022-05-31,0.0,0.0007868774711863313,4.576785610077572e-05
2022-06-01,0.0,0.007862437855113535,4.537554382633147e-05
2022-06-02,0.0,-0.007606108098287545,4.616012974967276e-05
2022-06-03,0.0,0.003635676120533615,4.77288382416674e-05
2022-06-06,0.0,0.002937174990704117,4.968885569511805e-05
2022-06-07,0.0,-0.001171444198770133,4.968885569511805e-05
2022-06-08,0.0,0.002150129215786389,5.047259277701777e-05
2022-06-09,0.0,0.006631561333181324,5.125617572176999e-05
2022-06-10,0.0,0.009009884655855505,5.478039315431893e-05
2022-06-13,0.0,0.008929431507926688,6.806604185438658e-05
2022-06-14,0.0,0.004187236432666941,7.196516950935816e-05
2022-06-15,0.0,-0.003411609101682589,6.845612637285114e-05
2022-06-16,0.0,-0.01454931870873155,6.260084472953231e-05
2022-06-17,0.0,0.01032519273553212,6.416309471890536e-05
2022-06-21,0.0,-0.002483233184472189,6.689555910033285e-05
2022-06-22,0.0,-0.002298022669030897,6.338204629385835e-05
2022-06-23,0.0,0.002207325946927297,6.494399006440332e-05
2022-06-24,0.0,-0.002298169712422249,6.806604185438658e-05
2022-06-27,0.0,-0.002399462464170665,7.040597630569856e-05
2022-06-28,0.0,0.005483929973405743,7.040597630569856e-05
2022-06-29,0.0,0.005741062691195786,7.001608264878278e-05
2022-06-30,0.0,-0.003995796465669943,6.767591914114135e-05
2022-07-01,0.0,0.004298375563550616,6.806604185438658e-05
2022-07-05,1.0,0.01293513998712759,7.469229028500557e-05
2022-07-06,1.0,0.005633788489399993,7.469229028500557e-05
2022-07-07,1.0,0.0002801006510204651,7.663909151545134e-05
2022-07-08,1.0,-0.001120088866460534,7.780671582890974e-05
2022-07-11,1.0,0.009438318724170447,8.558214573084477e-05
2022-07-12,1.0,0.0004629055111251557,8.713541254601331e-05
2022-07-13,1.0,-0.001017864445841843,9.37300495240656e-05
2022-07-14,1.0,0.005372377139432727,9.411762964850467e-05
2022-07-15,1.0,-0.004422363671316543,9.295477615278713e-05
2022-07-18,1.0,-0.006385293610965181,9.79913587377812e-05
2022-07-19,1.0,-0.006426398656566801,9.876565283040151e-05
2022-07-20,1.0,0.003749545601187121,9.837852459271268e-05
2022-07-21,1.0,-0.001587580930503818,9.72169141484347e-05
2022-07-22,1.0,-0.001683661949397175,9.760415525894572e-05
2022-07-25,1.0,-0.002342359150537376,0.0001026348678903055
2022-07-26,1.0,0.006667910049670045,9.992681191595132e-05
2022-07-27,1.0,-0.006903680159616621,9.566757324419584e-05
2022-07-28,1.0,-0.0009393938655510858,9.489267681228597e-05
2022-07-29,1.0,-0.004231283071919223,9.450517207554299e-05
2022-08-01,1.0,-0.004249334949506411,0.0001003137897594986
2022-08-02,1.0,0.007491711127455503,0.0001003137897594986
2022-08-03,1.0,0.002541455928935621,9.876565283040151e-05
2022-08-04,1.0,-0.00769880460405481,9.79913587377812e-05
2022-08-05,1.0,0.008799321446618436,0.0001010876327129928
2022-08-08,1.0,-0.00168824142317503,0.0001037949001150285
2022-08-09,1.0,-0.0006576446187392948,0.0001045680673463778
2022-08-10,1.0,-0.01099939614674306,0.0001037949001150285
2022-08-11,1.0,-0.001045633208580088,0.0001026348678903055
2022-08-12,1.0,0.005138461645684655,0.000103021582825269
2022-08-15,1.0,0.008709702000016195,0.0001065003293032607
2022-08-16,1.0,-0.0004692918848018257,0.0001057275369622523
2022-08-17,1.0,0.0006572741298047635,0.0001049545947087172
2022-08-18,1.0,0.00853902284616015,0.0001061139518681031
2022-08-19,1.0,0.006419750562532744,0.000107272971790362
2022-08-22,1.0,0.008135387794294457,0.0001103620443601017
2022-08-23,1.0,-0.003943148034316946,0.000109590000707982
2022-08-24,1.0,0.0005523619690359638,0.0001103620443601017
2022-08-25,1.0,-0.001932269818577637,0.0001126772781681051
2022-08-26,1.0,0.003042332694209504,0.000113063019711479
2022-08-29,1.0,0.0003675853401747808,0.0001161476084230451
2022-08-30,1.0,-0.0006431431199875881,0.0001161476084230451
2022-08-31,1.0,-0.0006435570192570017,0.0001157621653977703
2022-09-01,1.0,0.009107686485358313,0.0001161476084230451
2022-09-02,1.0,-0.001458689566487648,0.0001149911674716009
2022-09-06,1.0,0.006208347601153408,0.0001188446661026799
2022-09-07,1.0,-0.003357252061117477,0.0001199999893457537
2022-09-08,1.0,-0.001183514728259838,0.0001196149188178453
2022-09-09,1.0,-0.006471598672843193,0.0001203850226638714
2022-09-12,1.0,-0.006146772192158645,0.0001238486492622926
2022-09-13,1.0,0.0137542494099947,0.0001280778859955589
2022-09-14,1.0,-0.001456893399739645,0.0001265405010593135
2022-09-15,1.0,0.0007294747308834726,0.0001257715860927267
2022-09-16,1.0,0.000182287888193855,0.0001250025227172991
2022-09-19,1.0,-0.0001822546653759138,0.0001315348348380763
2022-09-20,1.0,0.004374005524671709,0.0001307668831311837
2022-09-21,1.0,0.003810544041859432,0.0001292305355513612
2022-09-22,1.0,0.006417200726585692,0.0001284621395638563
2022-09-23,1.0,0.01652450823978002,0.0001265405010593135
2022-09-26,1.0,0.008039544244960783,0.0001323026385655623
2022-09-27,1.0,8.766114254399326e-05,0.0001307668831311837
2022-09-28,1.0,-0.01323286414997649,0.0001326864849549025
2022-09-29,1.0,-0.003108334625790743,0.0001311508774854975
2022-09-30,1.0,-0.001158104707509988,0.0001299987833880412
2022-10-03,1.0,-0.003300060092027435,0.0001349887871000544
2022-10-04,1.0,-0.01503355977785947,0.0001346051624440125
2022-10-05,1.0,0.009085127671232485,0.0001349887871000544
2022-10-06,1.0,0.01071398617696895,0.0001349887871000544
2022-10-07,1.0,0.004810269955918933,0.0001346051624440125
2022-10-10,1.0,0.003014151850107671,0.0001346051624440125
2022-10-11,1.0,0.000707104750629961,0.0001430363848669014
2022-10-12,1.0,0.0008832226907167229,0.0001441847160272847
2022-10-13,1.0,-0.008471576836021177,0.0001476277252221436
2022-10-14,1.0,0.008454938973671444,0.0001483924345326848
2022-10-17,1.0,-0.01120816053684737,0.0001545048314746111
2022-10-18,1.0,0.0008032518489404783,0.0001571760595624472
2022-10-19,1.0,0.007580541552984821,0.0001583203236481534
2022-10-20,1.0,-0.000885166405949267,0.0001590829838611363
2022-10-21,1.0,-0.007707256718250455,0.0001590829838611363
2022-10-24,1.0,-0.0001785936262787002,0.0001617511456717402
2022-10-25,1.0,-0.009286551793602271,0.0001609889960150213
2022-10-26,1.0,-0.01126633649736031,0.0001598454981310837
2022-10-27,1.0,0.008113030213376504,0.000160607866513951
2022-10-28,1.0,0.0007234092929189195,0.0001625131495812671
2022-10-31,1.0,0.007770855919223552,0.0001640367203810111
2022-11-01,1.0,-0.000448268832695331,0.0001644175220760768
2022-11-02,1.0,-0.001166172218314832,0.0001640367203810111
2022-11-03,1.0,0.01418950922951212,0.0001651790163088585
2022-11-04,1.0,-0.01815286501565561,0.0001636558822910583
2022-11-07,1.0,-0.006854207482518415,0.0001667015683410877
2022-11-08,1.0,-0.004540501158092458,0.0001663209848699054
2022-11-09,1.0,0.008483855882815083,0.0001667015683410877
2022-11-10,1.0,-0.02116692811116017,0.0001663209848699054
2022-11-11,1.0,-0.01774326019027661,0.0001663209848699054
2022-11-14,1.0,0.003481068241556917,0.0001686039406427753
2022-11-15,1.0,-0.002437672297988747,0.0001674626262520018
2022-11-16,1.0,-0.001127845346438394,0.0001678431007052783
2022-11-17,1.0,0.003857768788280813,0.0001678431007052783
2022-11-18,1.0,0.002249487845886966,0.0001686039406427753
2022-11-21,1.0,0.00851020321815854,0.0001712657369763448
2022-11-22,1.0,-0.005749213077167581,0.0001708855892015304
2022-11-23,1.0,-0.01063233889824167,0.0001708855892015304
2022-11-25,1.0,-0.001131247591540596,0.0001712657369763448
2022-11-28,1.0,0.006795028566667805,0.0001712657369763448
2022-11-29,1.0,0.0013123302329201,0.0001701251848353902
2022-11-30,1.0,-0.008144567956071214,0.0001697449282302976
2022-12-01,1.0,-0.01151480534638039,0.0001682235388331677
2022-12-02,1.0,-0.001718708100889921,0.0001686039406427753
2022-12-05,1.0,0.007077932493250838,0.0001693646353342348
2022-12-06,1.0,0.002754306325441602,0.0001697449282302976
2022-12-07,1.0,-0.00454634730639325,0.0001667015683410877
2022-12-08,1.0,-0.003139884261139536,0.0001663209848699054
2022-12-09,1.0,0.0003817974306488114,0.0001674626262520018
2022-12-12,1.0,0.003053140943403809,0.0001701251848353902
2022-12-13,1.0,-0.0109387798585433,0.0001689843061407625
2022-12-14,1.0,-0.002019683661158345,0.0001682235388331677
2022-12-15,1.0,0.007612999335874893,0.0001686039406427753
2022-12-16,1.0,0.001338938340830875,0.0001674626262520018
2022-12-19,1.0,0.0001910627797896414,0.0001697449282302976
2022-12-20,1.0,-0.007161955607881798,0.0001689843061407625
2022-12-21,1.0,0.00182747368640479,0.0001682235388331677
2022-12-22,1.0,0.002592133578856792,0.0001689843061407625
2022-12-23,1.0,-0.001149121384959373,0.0001686039406427753
2022-12-27,1.0,-0.001246258809899703,0.0001731659320451939
2022-12-28,1.0,0.002687644254911747,0.0001731659320451939
2022-12-29,1.0,-0.005935312579131158,0.0001727859655156205
2022-12-30,1.0,-0.003081661268389602,0.0001716458484881667
2023-01-03,1.0,0.009659969401351276,0.0001758246837471056
2023-01-04,0.0,-0.00258320562321146,0.0001765840013678854
2023-01-05,0.0,0.00757794643191656,0.0001807576638885866
2023-01-06,0.0,-0.0110434468012065,0.0001811368710749051
2023-01-09,0.0,-0.008471286837553715,0.0001822742761612428
2023-01-10,0.0,0.002330076347276666,0.0001834113566834272
2023-01-11,0.0,-0.0004842640778556229,0.0001830323658940092
2023-01-12,0.0,-0.009109433270339862,0.0001807576638885866
2023-01-13,0.0,-0.0004890274010542761,0.0001811368710749051
2023-01-17,0.0,0.001859123748334524,0.0001826533390556495
2023-01-18,0.0,-0.0002929854426761969,0.0001818951772043498
2023-01-19,0.0,-0.002930862152881408,0.0001826533390556495
2023-01-20,0.0,-0.0004898630566261275,0.0001830323658940092
2023-01-23,0.0,0.001274357912906421,0.0001834113566834272
2023-01-24,0.0,-0.002153918367121088,0.0001830323658940092
2023-01-25,0.0,-0.002747240819537367,0.0001830323658940092
2023-01-26,0.0,0.001967699227107378,0.0001826533390556495
2023-01-27,0.0,0.0008837781865838057,0.0001834113566834272
2023-01-30,0.0,0.003433714049575487,0.0001830323658940092
2023-01-31,0.0,-0.001759877858076853,0.0001822742761612428
2023-02-01,0.0,-0.008618974207340924,0.0001807576638885866
2023-02-02,0.0,0.005236107220956132,0.0001807576638885866
2023-02-03,0.0,0.01149875350314788,0.0001822742761612428
2023-02-06,0.0,0.006801443743592372,0.0001826533390556495
2023-02-07,1.0,-0.001833646365276498,0.0001826533390556495
2023-02-08,1.0,-0.0001933350382615773,0.0001830323658940092
2023-02-09,1.0,-0.001837370028794694,0.0001849269594886849
2023-02-10,1.0,0.003972059948325946,0.0001856845447760769
2023-02-13,1.0,-0.002701908585524659,0.000186441986059771
2023-02-14,1.0,-0.00116105581963355,0.0001860632834149722
2023-02-15,1.0,0.006684052984343491,0.0001856845447760769
2023-02-16,1.0,-0.0005773437225831124,0.0001875778780984216
2023-02-17,1.0,0.0,0.0001875778780984216
2023-02-21,1.0,0.003081067715613894,0.0001883349596127903
2023-02-22,1.0,0.003935458163887517,0.0001875778780984216
2023-02-23,1.0,9.563186328254147e-05,0.0001875778780984216
2023-02-24,1.0,0.005831745881932582,0.0001883349596127903
2023-02-27,1.0,-0.005132600705507473,0.0001894703122542474
2023-02-28,1.0,0.001910810940436658,0.0001890918973153077
2023-03-01,1.0,-0.003718884136876044,0.0001898486912605968
2023-03-02,1.0,0.005264121407848377,0.0001902270343414614
2023-03-03,1.0,-0.004855775894106018,0.0001902270343414614
2023-03-06,1.0,-0.001626465503303143,0.0001909836127538256
2023-03-07,1.0,0.01217062090111942,0.0001951422282697735
2023-03-08,1.0,0.0003787248105207031,0.000195897874124773
2023-03-09,1.0,-0.003312569481209615,0.0001955200691088343
2023-03-10,1.0,-0.006931874888069789,0.0001940084907445794
2023-03-13,1.0,-0.00937084853485437,0.0001887134464371165
2023-03-14,1.0,0.0,0.0001890918973153077
2023-03-15,1.0,0.01013516474153331,0.00018416923014275
2023-03-16,1.0,-0.002197834243478081,0.0001837903114307871
2023-03-17,1.0,-0.00679945505576296,0.0001754449706703465
2023-03-20,0.0,-0.004146179818452778,0.000186441986059771
2023-03-21,0.0,-0.0001936158336827143,0.0001853057701362015
2023-03-22,1.0,-0.00881274107382679,0.0001856845447760769
2023-03-23,0.0,0.001758674234092261,0.0001834113566834272
2023-03-24,0.0,0.005754452104843155,0.0001837903114307871
2023-03-27,0.0,-0.002521355016536941,0.0001902270343414614
2023-03-28,0.0,-0.004180442374336679,0.0001860632834149722
2023-03-29,0.0,0.002050171666962086,0.0001860632834149722
2023-03-30,0.0,-0.004871395196543893,0.0001924963387716083
2023-03-31,0.0,0.003622505862474146,0.0001879564368354458
2023-04-03,0.0,-0.004097217730829161,0.0001898486912605968
2023-04-04,0.0,-0.004897639513524288,0.0001890918973153077
2023-04-05,0.0,0.002559328138626249,0.0001883349596127903
2023-04-06,0.0,-0.0002945388291244466,0.0001902270343414614
2023-04-10,0.0,0.007464173428681775,0.0001966533767139289
2023-04-11,0.0,-0.003704473347917792,0.0001951422282697735
2023-04-12,0.0,-0.006849285412373396,0.0001943864390943073
2023-04-13,0.0,-0.004827565160290703,0.0001974087360914201
2023-04-14,0.0,0.005346014296673474,0.000198919025429678
2023-04-17,0.0,0.005416005965878545,0.0002015606551915017
2023-04-18,1.0,-0.003427996859469151,0.0002011833867092694
2023-04-19,1.0,0.002162174159244135,0.0001996739554988025
2023-04-20,1.0,-0.001274932639562465,0.0001981639523118695
2023-04-21,1.0,-0.0001963535328501909,0.000198919025429678
2023-04-24,1.0,-0.004616001002865855,0.0002011833867092694
2023-04-25,0.0,0.005032088247744149,0.0001981639523118695
2023-04-26,0.0,-0.003828778591317583,0.0001996739554988025
2023-04-27,0.0,0.000295641854104689,0.000200428742574088
2023-04-28,1.0,0.00167485880734275,0.0001974087360914201
2023-05-01,1.0,0.004721189786351498,0.0002038235163144275
2023-05-02,1.0,-0.001860033661948313,0.0002026922463773673
2023-05-03,0.0,-0.006080842998717917,0.0002034464620184195
2023-05-04,0.0,0.0005921175267091794,0.0002034464620184195
2023-05-05,0.0,-0.001873791307169914,0.0002034464620184195
2023-05-08,0.0,0.001580907652965813,0.0002053313768257681
2023-05-09,1.0,0.002663476726358249,0.000204577517891158
2023-05-10,1.0,-0.001574144369102526,0.0002026922463773673
2023-05-11,0.0,0.005715354577001897,0.0002011833867092694
2023-05-12,0.0,0.006074884983472861,0.0002030693720416199
2023-05-15,1.0,-0.002434748726694358,0.0002015606551915017
2023-05-16,1.0,0.001269132607934154,0.0002023150850187783
2023-05-17,1.0,0.003120121903682493,0.0002034464620184195
2023-05-18,1.0,0.006804088222440718,0.0002053313768257681
2023-05-19,1.0,-0.003668708979483459,0.000204577517891158
2023-05-22,1.0,0.0,0.0002087219782871408
2023-05-23,1.0,0.002810086473866269,0.0002064618978925292
2023-05-24,1.0,0.003865122563877499,0.0002075920983188873
2023-05-25,1.0,0.003080178041238835,0.0002079687605724967
2023-05-26,1.0,0.0,0.0002064618978925292
2023-05-30,1.0,-0.0003838491112064801,0.0002143665776215276
2023-05-31,1.0,0.001439968594754371,0.0002132382972168667
2023-06-01,1.0,-0.007285296572600575,0.0002124859327639061
2023-06-02,1.0,0.004441860711828838,0.0002124859327639061
2023-06-05,1.0,-0.0001922384513721731,0.0002109807775771966
2023-06-06,1.0,0.001249973590557563,0.0002102279867355339
2023-06-07,1.0,-0.00028808969641958,0.0002094750536569823
2023-06-08,1.0,-0.007300693058313823,0.0002079687605724967
2023-06-09,1.0,0.002128906797943753,0.0002075920983188873
2023-06-12,1.0,0.0006759337241639685,0.0002087219782871408
2023-06-13,1.0,-0.002798426355432815,0.0002072154004588711
2023-06-14,1.0,-0.003193286368823878,0.0002072154004588711
2023-06-15,1.0,-0.008639931765766495,0.0002060850931726588
2023-06-16,1.0,0.001762635138411461,0.0002064618978925292
2023-06-20,1.0,0.002346020103714652,0.0002083453872263608
2023-06-21,1.0,-0.004583589004356292,0.0002087219782871408
2023-06-22,1.0,0.003135100379944689,0.0002087219782871408
2023-06-23,1.0,0.00498097606475878,0.0002090985337617202
2023-06-26,1.0,-0.002040807399015465,0.0002124859327639061
2023-06-27,1.0,-0.001947653840507102,0.0002102279867355339
2023-06-28,1.0,0.004098017436766632,0.0002102279867355339
2023-06-29,1.0,0.004178336998150511,0.0002109807775771966
2023-06-30,1.0,-0.004160951142046176,0.0002098515379793664
2023-07-03,1.0,0.0007773219202551473,0.0002102279867355339
2023-07-05,1.0,0.003689726096655965,0.0002102279867355339
2023-07-06,1.0,-0.001934841562566514,0.0002109807775771966
2023-07-07,1.0,-0.008723481068644623,0.0002109807775771966
2023-07-10,1.0,-0.002933366893619116,0.000211733426235261
2023-07-11,1.0,-0.002353612443821151,0.0002121096972624859
2023-07-12,1.0,-0.01189429542847564,0.0002113571196757924
2023-07-13,1.0,-0.00746120200006728,0.0002113571196757924
2023-07-14,1.0,0.001403297822529348,0.0002121096972624859
2023-07-17,1.0,-0.0007007038499919904,0.0002121096972624859
2023-07-18,1.0,0.001001663733812386,0.0002121096972624859
2023-07-19,1.0,0.003402004498548994,0.0002121096972624859
2023-07-20,1.0,0.005983231765305685,0.0002121096972624859
2023-07-21,1.0,0.001883450104869677,0.0002124859327639061
2023-07-24,1.0,0.002770345108759509,0.0002128621327464053
2023-07-25,1.0,0.0,0.0002128621327464053
2023-07-26,1.0,-0.004538718218038862,0.0002128621327464053
2023-07-27,1.0,0.00872234372823577,0.0002128621327464053
2023-07-28,1.0,-0.001473851836808704,0.0002132382972168667
2023-07-31,1.0,0.002361718729412932,0.0002143665776215276
2023-08-01,1.0,0.004319678370014346,0.0002139905196476555
2023-08-02,1.0,0.002834733895228592,0.0002136144261815076
2023-08-03,1.0,-0.000487332334028312,0.0002139905196476555
2023-08-04,1.0,-0.005071233351063409,0.0002139905196476555
2023-08-07,1.0,0.0002941228159061282,0.0002147426001102293
2023-08-08,1.0,0.004703534671093079,0.0002151185871201999
2023-08-09,1.0,-0.0003901386521373285,0.0002143665776215276
2023-08-10,1.0,0.0002926995796874721,0.0002139905196476555
2023-08-11,1.0,0.003121339302597725,0.0002139905196476555
2023-08-14,1.0,0.00340340447276577,0.0002147426001102293
2023-08-15,1.0,0.0001937846941892918,0.0002147426001102293
2023-08-16,1.0,0.002034677708898425,0.0002147426001102293
2023-08-17,1.0,0.0001934275073978142,0.0002147426001102293
2023-08-18,1.0,-0.0005800965445856843,0.0002143665776215276
2023-08-21,1.0,-0.0004836082771479955,0.0002151185871201999
2023-08-22,1.0,0.002225836866964759,0.0002151185871201999
2023-08-23,1.0,-0.00193121816296915,0.0002151185871201999
2023-08-24,1.0,0.005998478549930519,0.0002154945386581009
2023-08-25,1.0,0.0009617087025650672,0.000216622180507331
2023-08-28,1.0,-0.0001922009234143207,0.0002154945386581009
2023-08-29,1.0,-0.004900965969644955,0.0002147426001102293
2023-08-30,1.0,-0.003766290469865652,0.0002147426001102293
2023-08-31,1.0,0.004459083638454375,0.0002147426001102293
2023-09-01,1.0,0.005983353606965114,0.0002136144261815076
2023-09-05,1.0,0.005468147606538132,0.0002143665776215276
2023-09-06,1.0,0.0004770828444093933,0.0002143665776215276
2023-09-07,1.0,0.001907275863800129,0.0002136144261815076
2023-09-08,1.0,0.0002855395011793771,0.0002143665776215276
2023-09-11,1.0,-0.004948107918802069,0.0002143665776215276
2023-09-12,1.0,0.001338810271177771,0.0002147426001102293
2023-09-13,1.0,0.0005729878628430995,0.0002143665776215276
2023-09-14,1.0,0.006108686069957514,0.0002143665776215276
2023-09-15,1.0,-0.0008538465435757869,0.0002147426001102293
2023-09-18,1.0,-0.001139410813992825,0.0002143665776215276
2023-09-19,1.0,0.0,0.0002139905196476555
2023-09-20,1.0,-0.0003801643278799061,0.0002147426001102293
2023-09-21,1.0,0.001901834740181352,0.0002151185871201999
2023-09-22,1.0,0.002088090541273901,0.0002147426001102293
2023-09-25,1.0,0.003978008729506932,0.0002154945386581009
2023-09-26,1.0,0.002169842989939497,0.0002154945386581009
2023-09-27,1.0,0.004141907164714187,0.0002154945386581009
2023-09-28,1.0,-0.004218589631261538,0.0002147426001102293
2023-09-29,1.0,-0.0004707498699223489,0.0002143665776215276
2023-10-02,1.0,0.006875797019153973,0.0002169979902246766
2023-10-03,1.0,0.0009354394077991657,0.0002169979902246766
2023-10-04,1.0,-0.00186913035740377,0.000216622180507331
2023-10-05,1.0,-0.004400760367725076,0.000216622180507331
2023-10-06,1.0,-0.002727366787674601,0.0002173737645034812
2023-10-09,1.0,0.0003772247753870417,0.0002173737645034812
2023-10-10,1.0,-0.002356711874856088,0.000216622180507331
2023-10-11,1.0,-9.451134893168067e-05,0.000216622180507331
2023-10-12,1.0,0.007087507107946811,0.0002173737645034812
2023-10-13,1.0,0.0007506974878839223,0.0002169979902246766
2023-10-16,1.0,-0.003844384962431668,0.000216622180507331
2023-10-17,1.0,9.414661550843917e-05,0.0002169979902246766
2023-10-18,1.0,0.003011761833639603,0.000216622180507331
2023-10-19,1.0,-0.003002718361082457,0.000216246335345005
2023-10-20,1.0,-0.0008470243566174318,0.0002154945386581009
2023-10-23,1.0,-0.005840266816073858,0.0002154945386581009
2023-10-24,1.0,0.006916768250962768,0.0002154945386581009
2023-10-25,1.0,0.002446618466581674,0.0002158704547308155
2023-10-26,1.0,0.0006570890418313713,0.0002158704547308155
2023-10-27,1.0,-0.0003752431153832836,0.0002158704547308155
2023-10-30,1.0,-0.004129080537655483,0.000216246335345005
2023-10-31,1.0,0.005088587462789063,0.0002158704547308155
2023-11-01,1.0,0.002062568758252725,0.0002151185871201999
2023-11-02,1.0,-0.007110727230222547,0.0002139905196476555
2023-11-03,1.0,-0.01036568106902946,0.0002136144261815076
2023-11-06,1.0,0.001904442811176743,0.0002147426001102293
2023-11-07,1.0,0.003041243975591579,0.0002143665776215276
2023-11-08,1.0,0.0004737106493235554,0.0002139905196476555
2023-11-09,1.0,0.003030659487805787,0.0002139905196476555
2023-11-10,1.0,-0.0004721277502485188,0.0002136144261815076
2023-11-13,1.0,-0.001889258899386848,0.0002143665776215276
2023-11-14,1.0,-0.01466972362327901,0.0002132382972168667
2023-11-15,1.0,0.002689451327012593,0.0002136144261815076
2023-11-16,1.0,-0.0001915570761884533,0.0002128621327464053
2023-11-17,1.0,-0.005269742620331641,0.0002124859327639061
2023-11-20,1.0,-0.003371204730783228,0.0002139905196476555
2023-11-21,1.0,0.001159709246852714,0.0002136144261815076
2023-11-22,1.0,0.003185653467718152,0.0002139905196476555
2023-11-24,1.0,-0.005003816899813884,0.0002139905196476555
2023-11-27,1.0,-0.001934280219392903,0.0002121096972624859
2023-11-28,1.0,-0.004360435673926299,0.0002113571196757924
2023-11-29,1.0,0.0001946145310598446,0.0002106043999325902
2023-11-30,1.0,0.00710327314176129,0.0002106043999325902
2023-12-01,1.0,-0.002222254656363276,0.0002098515379793664
2023-12-04,1.0,0.003582867808748391,0.0002109807775771966
2023-12-05,1.0,0.003956036902006632,0.0002106043999325902
2023-12-06,1.0,0.0009610617125246357,0.0002106043999325902
2023-12-07,1.0,-0.005856942884441829,0.0002102279867355339
2023-12-08,1.0,0.004539320229354216,0.0002102279867355339
2023-12-11,1.0,0.0008652661863493005,0.0002113571196757924
2023-12-12,1.0,-0.002209373015469085,0.0002109807775771966
2023-12-13,1.0,-0.009627418634422846,0.0002102279867355339
2023-12-14,1.0,-0.008846151820867343,0.0002098515379793664
2023-12-15,1.0,0.00578662193588575,0.0002102279867355339
2023-12-18,1.0,-0.0003900625483854725,0.0002109807775771966
2023-12-19,1.0,-0.003316788217732625,0.0002098515379793664
2023-12-20,1.0,0.002349079939957033,0.0002102279867355339
2023-12-21,1.0,-0.005565934028275987,0.0002094750536569823
2023-12-22,1.0,-0.001374699476460073,0.0002102279867355339
2023-12-26,1.0,-0.002261511646417858,0.0002106043999325902
2023-12-27,1.0,-0.004730495231684895,0.0002102279867355339
2023-12-28,1.0,0.002376527361529934,0.0002106043999325902
2023-12-29,1.0,0.0009878343455993477,0.0002087219782871408
2024-01-02,1.0,0.008585760401327303,0.0002109807775771966
2024-01-03,0.0,0.002544052289572774,0.000211733426235261
2024-01-04,0.0,-0.0003904051911460815,0.000211733426235261
2024-01-05,0.0,-9.758354827749116e-05,0.0002113571196757924
2024-01-08,0.0,-0.001952978913042469,0.0002121096972624859
2024-01-09,0.0,0.003522166261384907,0.0002113571196757924
2024-01-10,0.0,-0.002047373355731796,0.0002109807775771966
2024-01-11,0.0,-0.0006838578976837706,0.0002109807775771966
2024-01-12,0.0,0.001075379894095896,0.0002106043999325902
2024-01-16,0.0,0.009374990919605475,0.0002106043999325902
2024-01-17,1.0,0.000870707598289,0.0002113571196757924
2024-01-18,1.0,0.0008700238756906842,0.0002106043999325902
2024-01-19,1.0,-0.002414525765785602,0.0002106043999325902
2024-01-22,1.0,0.0003872680334287004,0.0002109807775771966
2024-01-23,1.0,0.002806550957014986,0.0002106043999325902
2024-01-24,1.0,-0.003667292730553773,0.0002102279867355339
2024-01-25,1.0,0.003196453292164447,0.0002102279867355339
2024-01-26,1.0,-0.0009655158290601262,0.0002102279867355339
2024-01-29,1.0,0.001353043278214505,0.0002094750536569823
2024-01-30,1.0,-0.002026822538708895,0.0002094750536569823
2024-01-31,1.0,-0.001257300588916932,0.0002094750536569823
2024-02-01,1.0,-0.002130275960683714,0.0002094750536569823
2024-02-02,1.0,0.008442456006047205,0.0002098515379793664
2024-02-05,1.0,0.005100065325590819,0.0002094750536569823
2024-02-06,1.0,-0.002584936821014905,0.0002102279867355339
2024-02-07,1.0,-0.001343822127456207,0.0002098515379793664
2024-02-08,1.0,0.001057291516566972,0.0002102279867355339
2024-02-09,1.0,-0.0006721045972026829,0.0002102279867355339
2024-02-12,1.0,0.0008646842458428505,0.0002098515379793664
2024-02-13,1.0,0.007583766241851642,0.0002106043999325902
2024-02-14,1.0,-0.002286565032993626,0.0002098515379793664
2024-02-15,1.0,-0.004010677655170491,0.0002098515379793664
2024-02-16,1.0,-0.0001917955117505254,0.0002102279867355339
2024-02-20,1.0,-0.001917884067734632,0.0002102279867355339
2024-02-21,1.0,-0.0006725566256026161,0.0002102279867355339
2024-02-22,1.0,-0.0004807523385328416,0.0002106043999325902
2024-02-23,1.0,-0.0001923493963313927,0.0002109807775771966
2024-02-26,1.0,-0.001058308714332545,0.0002113571196757924
2024-02-27,1.0,0.0,0.0002106043999325902
2024-02-28,1.0,0.001444683841217431,0.0002106043999325902
2024-02-29,1.0,0.001731105014085355,0.0002106043999325902
2024-03-01,1.0,-0.002880213529283249,0.0002094750536569823
2024-03-04,1.0,-0.0002888386204564775,0.000211733426235261
2024-03-05,1.0,-0.0002889220723092389,0.0002113571196757924
2024-03-06,1.0,-0.004142584706489649,0.0002113571196757924
2024-03-07,1.0,-0.005320722038734682,0.0002113571196757924
2024-03-08,0.0,-0.0007780765540960077,0.0002109807775771966
2024-03-11,0.0,0.001265377511345589,0.000211733426235261
2024-03-12,1.0,0.0008748550159214386,0.000211733426235261
2024-03-13,1.0,-0.001651108881672858,0.000211733426235261
2024-03-14,1.0,0.005545283488154862,0.000211733426235261
2024-03-15,1.0,0.0006772416254918756,0.000211733426235261
2024-03-18,1.0,0.001450270960420719,0.000211733426235261
2024-03-19,1.0,0.002220464601982108,0.000211733426235261
2024-03-20,1.0,-0.003853134629529631,0.0002113571196757924
2024-03-21,1.0,0.005705408732199713,0.000211733426235261
2024-03-22,1.0,0.004134618318998085,0.0002109807775771966
2024-03-25,1.0,-0.001915129250768421,0.0002109807775771966
2024-03-26,1.0,0.00057562656299881,0.0002109807775771966
2024-03-27,1.0,0.0005752954076814198,0.0002106043999325902
2024-03-28,1.0,0.001916670633074435,0.0002109807775771966
2024-04-01,1.0,0.004495395290193605,0.0002102279867355339
2024-04-02,1.0,-0.001904370164112046,0.0002094750536569823
2024-04-03,1.0,-0.005437890636173615,0.0002094750536569823
2024-04-04,1.0,-0.001246976051971216,0.0002090985337617202
2024-04-05,1.0,0.001728777376369228,0.0002098515379793664
2024-04-08,1.0,-0.001534071499787015,0.0002098515379793664
2024-04-09,1.0,9.604509592020527e-05,0.0002098515379793664
2024-04-10,1.0,0.01056167506486094,0.0002106043999325902
2024-04-11,1.0,0.0002850240313245767,0.0002106043999325902
2024-04-12,1.0,0.007218865359446047,0.0002106043999325902
2024-04-15,1.0,0.001603151334191422,0.0002106043999325902
2024-04-16,1.0,0.0004707942019472888,0.0002106043999325902
2024-04-17,1.0,-0.002917421247468632,0.0002106043999325902
2024-04-18,1.0,0.001887726129283562,0.0002109807775771966
2024-04-19,1.0,0.0,0.0002106043999325902
2024-04-22,1.0,-0.0006594412983322862,0.0002094750536569823
2024-04-23,1.0,-0.003676464771085075,0.0002106043999325902
2024-04-24,1.0,0.001608460261316225,0.0002109807775771966
2024-04-25,1.0,-0.002456094225688932,0.0002113571196757924
2024-04-26,1.0,0.003219734585208522,0.0002109807775771966
2024-04-29,1.0,-0.003398155579150575,0.0002106043999325902
2024-04-30,1.0,0.00606174823403105,0.0002109807775771966
2024-05-01,1.0,-0.004330625863172566,0.0002109807775771966
2024-05-02,1.0,-0.004349461754739492,0.0002109807775771966
2024-05-03,1.0,-0.002564143063967239,0.0002106043999325902
2024-05-06,1.0,0.0001904624649471387,0.0002106043999325902
2024-05-07,1.0,0.003426945263145242,0.0002106043999325902
2024-05-08,1.0,0.001328141398203142,0.0002106043999325902
2024-05-09,1.0,-0.003031735533605695,0.0002109807775771966
2024-05-10,1.0,0.0007601843495992355,0.0002113571196757924
2024-05-13,1.0,-0.0008545849394844263,0.0002106043999325902
2024-05-14,1.0,-0.001995809561264994,0.0002102279867355339
2024-05-15,1.0,-0.006285150449317878,0.0002106043999325902
2024-05-16,1.0,0.001054150569814283,0.0002106043999325902
2024-05-17,1.0,-9.575087419255723e-05,0.0002109807775771966
2024-05-20,1.0,0.001148901389068202,0.0002106043999325902
2024-05-21,1.0,0.0008607054370073364,0.0002106043999325902
2024-05-22,1.0,0.002675317881707162,0.0002106043999325902
2024-05-23,1.0,0.001619955831812847,0.0002109807775771966
2024-05-24,1.0,-0.003710392801673179,0.0002109807775771966
2024-05-28,1.0,-0.001050425984236325,0.0002109807775771966
2024-05-29,1.0,0.004684044172742263,0.0002109807775771966
2024-05-30,1.0,-0.003615578105946038,0.0002109807775771966
2024-05-31,1.0,-0.0004774928492639052,0.0002109807775771966
2024-06-03,1.0,-0.005063521434685136,0.0002132382972168667
2024-06-04,1.0,-0.0002880620268158607,0.0002132382972168667
2024-06-05,1.0,0.001536797923127553,0.0002128621327464053
2024-06-06,1.0,-0.001630365152185065,0.0002128621327464053
2024-06-07,1.0,0.007588865774322606,0.0002132382972168667
2024-06-10,1.0,0.002478807681794759,0.0002132382972168667
2024-06-11,1.0,0.0007608352819186148,0.0002132382972168667
2024-06-12,1.0,-0.005511753421572729,0.0002128621327464053
2024-06-13,1.0,0.005255570132287835,0.0002128621327464053
2024-06-14,1.0,0.003327054312442623,0.0002128621327464053
2024-06-17,1.0,-0.002179093797096465,0.0002132382972168667
2024-06-18,1.0,-0.000569669186930799,0.0002124859327639061
2024-06-20,1.0,0.003135038903314902,0.0002124859327639061
2024-06-21,1.0,0.00198888835259714,0.0002121096972624859
2024-06-24,1.0,-0.003119109844385015,0.0002124859327639061
2024-06-25,1.0,0.001327385873027165,0.0002121096972624859
2024-06-26,1.0,0.004166295226430083,0.0002124859327639061
2024-06-27,1.0,-0.001320126219893303,0.0002121096972624859
2024-06-28,1.0,-0.0003776877928832745,0.000211733426235261
2024-07-01,1.0,0.0002833548551870457,0.0002113571196757924
2024-07-02,1.0,-0.001699719571126024,0.0002113571196757924
2024-07-03,0.0,-0.003026860491196492,0.0002113571196757924
2024-07-05,0.0,-0.00493362680201892,0.0002109807775771966
2024-07-08,0.0,0.001239558411680441,0.0002109807775771966
2024-07-09,0.0,0.001047525074885813,0.0002109807775771966
2024-07-10,0.0,-0.0006659027111419746,0.0002109807775771966
2024-07-11,0.0,-0.005806764327755953,0.0002102279867355339
2024-07-12,0.0,-0.003351264796378817,0.0002098515379793664
2024-07-15,0.0,0.0009607657511194745,0.0002098515379793664
2024-07-16,0.0,0.0007677723369399203,0.0002098515379793664
2024-07-17,0.0,-0.004987020809508969,0.0002098515379793664
2024-07-18,0.0,0.004048175122364217,0.0002098515379793664
2024-07-19,0.0,0.002207961610602993,0.0002098515379793664
2024-07-22,0.0,-0.0008621069537321224,0.0002098515379793664
2024-07-23,0.0,0.001342147377290104,0.0002090985337617202
2024-07-24,0.0,-0.0005744141727791474,0.0002087219782871408
2024-07-25,0.0,-0.0002873721570283427,0.0002083453872263608
2024-07-26,0.0,-0.0003832973868671541,0.0002079687605724967
2024-07-29,0.0,0.002300593025993836,0.0002090985337617202
2024-07-30,0.0,-9.558633386930193e-05,0.0002087219782871408
2024-07-31,0.0,-0.004304204347214902,0.0002090985337617202
2024-08-01,0.0,0.003073964452590783,0.0002075920983188873
2024-08-02,0.0,-0.0115878098610469,0.000204577517891158
2024-08-05,0.0,-0.005038239004739431,0.0002068386669857869
2024-08-06,0.0,0.002726641081313375,0.0002064618978925292
2024-08-07,0.0,0.002233618770637325,0.0002064618978925292
2024-08-08,0.0,9.691992758020795e-05,0.0002064618978925292
2024-08-09,0.0,-0.0006782259029671778,0.0002060850931726588
2024-08-12,0.0,0.0,0.0002060850931726588
2024-08-13,0.0,-0.005623442257968403,0.0002057082528192922
2024-08-14,0.0,9.752473155710817e-05,0.0002057082528192922
2024-08-15,0.0,0.003997305872372792,0.0002064618978925292
2024-08-16,0.0,-0.005049565503105868,0.0002060850931726588
2024-08-19,0.0,-0.005563143665015757,0.0002053313768257681
2024-08-20,0.0,-0.004416497702795397,0.000204577517891158
2024-08-21,0.0,-0.003943232612892977,0.0002034464620184195
2024-08-22,0.0,0.004651635158793521,0.0002042005349363052
2024-08-23,0.0,-0.007782493339594132,0.0002030693720416199
2024-08-26,0.0,0.001290679625123747,0.0002026922463773673
2024-08-27,0.0,-0.002974669577613054,0.0002023150850187783
2024-08-28,0.0,0.005370395522065197,0.0002015606551915017
2024-08-29,0.0,0.002473043911925599,0.0002019378879589695
2024-08-30,0.0,0.003552404019744326,0.0002015606551915017
2024-09-03,0.0,0.00127831747014362,0.0002008060825058333
2024-09-04,0.0,-0.004615547601411918,0.000200428742574088
2024-09-05,0.0,-0.002466456180885923,0.0001992965083419396
2024-09-06,0.0,0.0006923122777335866,0.0001985415067551344
2024-09-09,0.0,0.003656876314153124,0.0001977863620929998
2024-09-10,0.0,0.0007877321443252594,0.000195897874124773
2024-09-11,0.0,0.0004920107557724318,0.0001974087360914201
2024-09-12,0.0,-0.00304875646797198,0.000195897874124773
2024-09-13,0.0,-0.002564882402937174,0.0001924963387716083
2024-09-16,0.0,-0.003461561388669154,0.0001921182111008779
2024-09-17,0.0,0.00129016723562736,0.0001917400475455189
2024-09-18,0.0,-0.002874426774523875,0.0001875778780984216
2024-09-19,0.0,9.9424814932636e-05,0.0001860632834149722
2024-09-20,0.0,0.001093336742711282,0.00018416923014275
2024-09-23,0.0,0.001985672615352208,0.0001830323658940092
2024-09-24,0.0,-0.005449816016074194,0.0001818951772043498
2024-09-25,0.0,0.005479679259867476,0.0001818951772043498
2024-09-26,0.0,-0.003567188038874458,0.000181516042177865
2024-09-27,0.0,-0.001392197623781066,0.000181516042177865
2024-09-30,0.0,0.00358494938175502,0.0001834113566834272
2024-10-01,0.0,0.004068303900332193,0.0001826533390556495
2024-10-02,0.0,0.004842354500913526,0.0001818951772043498
2024-10-03,1.0,0.003048756467971092,0.000181516042177865
2024-10-04,1.0,0.005196576040768619,0.0001834113566834272
2024-10-07,1.0,0.0001951255668739549,0.0001849269594886849
2024-10-08,1.0,9.754375015802452e-05,0.00018416923014275
2024-10-09,1.0,0.0037054826144296,0.00018416923014275
2024-10-10,1.0,0.00058289671053946,0.00018416923014275
2024-10-11,1.0,-0.000970953259494034,0.0001834113566834272
2024-10-14,1.0,0.003984873792803656,0.0001834113566834272
2024-10-15,1.0,-0.0003872305357750516,0.0001834113566834272
2024-10-16,1.0,0.003195760166891493,0.0001830323658940092
2024-10-17,1.0,0.002316879058294807,0.0001837903114307871
2024-10-18,1.0,-0.003274621605404815,0.0001834113566834272
2024-10-21,1.0,0.005024681449365742,0.0001834113566834272
2024-10-22,1.0,0.0006730092624411821,0.0001830323658940092
2024-10-23,1.0,0.003362783128013636,0.0001834113566834272
2024-10-24,1.0,-0.003543069477168759,0.0001822742761612428
2024-10-25,1.0,0.001922012130781248,0.0001834113566834272
2024-10-28,1.0,0.0005754609376980024,0.0001822742761612428
2024-10-29,1.0,-0.0003834443600874149,0.0001822742761612428
2024-10-30,1.0,-0.002780983112026791,0.0001811368710749051
2024-10-31,1.0,-9.611027061473543e-05,0.0001799991412381186
2024-11-01,1.0,0.00288512610769498,0.000178861086465476
2024-11-04,1.0,-0.003739925145894163,0.0001803784206118042
2024-11-05,0.0,-0.004524027562463617,0.0001799991412381186
2024-11-06,0.0,0.01614772963172184,0.0001799991412381186
2024-11-07,1.0,-0.005519023902096909,0.0001796198257604242
2024-11-08,1.0,0.004688526014292815,0.0001796198257604242
2024-11-11,1.0,0.005142865862164836,0.0001796198257604242
2024-11-12,1.0,0.004547998136964937,0.0001796198257604242
2024-11-13,1.0,0.004338867463049123,0.0001784816626344554
2024-11-14,1.0,0.001784323873232907,0.000178861086465476
2024-11-15,1.0,0.000187534197096495,0.0001784816626344554
2024-11-18,1.0,-0.003842943600404047,0.0001796198257604242
2024-11-19,1.0,-0.0006586346972921042,0.0001792404741718379
2024-11-20,1.0,0.00442520689911019,0.0001792404741718379
2024-11-21,1.0,0.00271841877294432,0.0001796198257604242
2024-11-22,1.0,0.004861144593179212,0.0001796198257604242
2024-11-25,1.0,-0.006233121055546409,0.0001792404741718379
2024-11-26,1.0,0.001778715989038782,0.000178861086465476
2024-11-27,1.0,-0.008690779241288582,0.0001784816626344554
2024-11-29,0.0,-0.003205165548796796,0.0001777227065709042
2024-12-02,0.0,0.006714574416650132,0.0001750652214067561
2024-12-03,0.0,-0.0007514720897464633,0.0001743056142915478
2024-12-04,0.0,-0.0002820946499634269,0.0001735458623464137
2024-12-05,0.0,-0.005924367830671295,0.0001731659320451939
2024-12-06,0.0,0.002459579401023593,0.0001716458484881667
2024-12-09,0.0,0.00169859680194695,0.0001716458484881667
2024-12-10,0.0,0.002355157761717575,0.0001712657369763448
2024-12-11,0.0,0.002913510847256884,0.0001701251848353902
2024-12-12,1.0,0.002342798258315959,0.0001689843061407625
2024-12-13,1.0,0.0003739801408908505,0.0001686039406427753
2024-12-16,1.0,-0.001308405510732635,0.0001697449282302976
2024-12-17,1.0,0.0009357895709332098,0.0001701251848353902
2024-12-18,1.0,0.01000373694823198,0.0001693646353342348
2024-12-19,1.0,0.003517586662097782,0.0001689843061407625
2024-12-20,1.0,-0.0072871588307446,0.0001686039406427753
2024-12-23,1.0,0.003902603217120326,0.0001693646353342348
2024-12-24,1.0,0.002036294139567962,0.0001708855892015304
2024-12-26,1.0,-0.00120085793688518,0.0001689843061407625
2024-12-27,1.0,-0.001202231172847679,0.0001674626262520018
2024-12-30,1.0,0.001203678272388764,0.0001697449282302976
2024-12-31,1.0,0.003329331540699032,0.0001697449282302976
2025-01-02,1.0,0.008295709683845853,0.0001693646353342348
2025-01-03,1.0,-0.004022327853197116,0.0001686039406427753
2025-01-06,1.0,-0.006333132917291318,0.0001689843061407625
2025-01-07,1.0,0.002586354828854276,0.0001689843061407625
2025-01-08,1.0,0.005067214093644079,0.0001689843061407625
2025-01-09,1.0,0.0008250432698377885,0.0001689843061407625
2025-01-10,1.0,0.004304828900800306,0.0001693646353342348
2025-01-13,1.0,0.002827155077792076,0.0001697449282302976
2025-01-14,1.0,-0.006275031349138316,0.0001693646353342348
2025-01-15,1.0,-0.001647298533043684,0.0001689843061407625
2025-01-16,1.0,-0.001191651460095811,0.0001686039406427753
2025-01-17,1.0,0.003579289582648082,0.0001686039406427753
2025-01-21,1.0,-0.01179699070441764,0.0001693646353342348
2025-01-22,0.0,0.001017958660343821,0.0001693646353342348
2025-01-23,0.0,-0.001109319767206518,0.0001693646353342348
2025-01-24,0.0,-0.005645539964116431,0.0001689843061407625
2025-01-27,0.0,-0.0009308088350997723,0.0001678431007052783
2025-01-28,0.0,0.004937641389729741,0.0001674626262520018
2025-01-29,0.0,0.001205128859812943,0.0001674626262520018
2025-01-30,0.0,-0.001851823594835156,0.0001670821154662328
2025-01-31,0.0,0.005287566592651505,0.0001674626262520018
2025-02-03,0.0,0.005721095335185389,0.0001686039406427753
2025-02-04,1.0,-0.009450397279429534,0.0001682235388331677
2025-02-05,0.0,-0.003519796745465653,0.0001682235388331677
2025-02-06,0.0,0.001022500543588434,0.0001686039406427753
2025-02-07,0.0,0.003250055401489593,0.0001689843061407625
2025-02-10,0.0,0.002591621408035927,0.0001689843061407625
2025-02-11,0.0,-0.003323491611574525,0.0001689843061407625
2025-02-12,0.0,-0.0001852227050396227,0.0001689843061407625
2025-02-13,0.0,-0.005836620979829732,0.0001686039406427753
2025-02-14,0.0,-0.006895889298343727,0.0001686039406427753
2025-02-18,0.0,0.004504113336850413,0.0001686039406427753
2025-02-19,0.0,0.001120925864238176,0.0001686039406427753
2025-02-20,0.0,-0.00774472189265385,0.0001682235388331677
2025-02-21,0.0,0.002539066031214565,0.0001678431007052783
2025-02-24,0.0,-9.381986842926793e-05,0.0001674626262520018
2025-02-25,0.0,-0.002720458908802792,0.0001670821154662328
2025-02-26,0.0,0.00103471557593493,0.0001674626262520018
2025-02-27,0.0,0.007705315814067415,0.0001678431007052783
2025-02-28,0.0,0.003450230827607204,0.0001678431007052783
2025-03-03,0.0,-0.00799182794790243,0.0001689843061407625
2025-03-04,0.0,-0.009461378325344216,0.0001686039406427753
2025-03-05,0.0,0.0,0.0001689843061407625
2025-03-06,0.0,-0.01588803044369391,0.0001686039406427753
2025-03-07,0.0,-0.002114176685227509,0.0001686039406427753
2025-03-10,0.0,0.0006741845790421142,0.0001682235388331677
2025-03-11,0.0,-0.004523156617639468,0.0001686039406427753
2025-03-12,0.0,0.001643447070118764,0.0001689843061407625
2025-03-13,0.0,0.002123358936464648,0.0001686039406427753
2025-03-14,0.0,-0.001059429918248367,0.0001682235388331677
2025-03-17,0.0,-0.003374454974950702,0.0001686039406427753
2025-03-18,0.0,-0.00125766546733308,0.0001686039406427753
2025-03-19,0.0,0.001840395634810088,0.0001682235388331677
2025-03-20,0.0,0.004060699678101853,0.0001682235388331677
2025-03-21,0.0,0.00231100498118253,0.0001682235388331677
2025-03-24,0.0,0.00163325779922241,0.0001682235388331677
2025-03-25,0.0,-0.0007673300346777712,0.0001682235388331677
2025-03-26,0.0,0.003551571755597616,0.0001682235388331677
2025-03-27,0.0,-0.004591136708967491,0.0001682235388331677
2025-03-28,0.0,-0.0002882557834618105,0.0001682235388331677
2025-03-31,0.0,0.0016339693142009,0.0001678431007052783
2025-04-01,0.0,0.000479829691940159,0.0001678431007052783
2025-04-02,0.0,-0.004316176562596752,0.0001678431007052783
2025-04-03,0.0,-0.01676137081871609,0.0001674626262520018
2025-04-04,0.0,0.009307308230455336,0.0001663209848699054
2025-04-07,0.0,0.002329698126429136,0.0001667015683410877
2025-04-08,0.0,-0.002905317117483763,0.0001674626262520018
2025-04-09,0.0,-0.0005827268757507831,0.0001689843061407625
2025-04-10,0.0,-0.01972787900091888,0.0001686039406427753
2025-04-11,0.0,-0.01080602694166244,0.0001686039406427753
2025-04-14,0.0,-0.001403080691132264,0.0001682235388331677
2025-04-15,0.0,0.005820973851941913,0.0001682235388331677
2025-04-16,0.0,-0.008381600050425875,0.0001682235388331677
2025-04-17,0.0,0.0,0.0001686039406427753
2025-04-21,0.0,-0.01106861042988472,0.0001686039406427753
2025-04-22,0.0,0.006512000382556504,0.0001682235388331677
2025-04-23,0.0,0.00930042646557716,0.0001682235388331677
2025-04-24,0.0,-0.005508768454897783,0.0001678431007052783
2025-04-25,0.0,0.001812874443710699,0.0001678431007052783
2025-04-28,0.0,-0.004624500641676077,0.0001678431007052783
2025-04-29,0.0,0.002322954475070249,0.0001674626262520018
2025-04-30,0.0,0.002317647741683082,0.0001674626262520018
2025-05-01,0.0,0.00784154790112268,0.0001674626262520018
2025-05-02,0.0,-0.002493765586034868,0.0001682235388331677
2025-05-05,0.0,-0.001699981689453178,0.0001682235388331677
2025-05-06,0.0,-0.005910086712045071,0.0001682235388331677
2025-05-07,0.0,0.003728363105065302,0.0001686039406427753
2025-05-08,0.0,0.0103403149581931,0.0001686039406427753
2025-05-09,0.0,-0.002980952440155282,0.0001686039406427753
2025-05-12,0.0,0.01445091320069292,0.0001716458484881667
2025-05-13,1.0,-0.007761085651064148,0.0001712657369763448
2025-05-14,0.0,0.0003960486685872233,0.0001712657369763448
2025-05-15,0.0,-0.0015835675045478,0.0001701251848353902
2025-05-16,0.0,0.002081672186658334,0.0001697449282302976
2025-05-19,0.0,-0.006528796682401472,0.00017050540515684
2025-05-20,0.0,-0.003086702754672932,0.0001701251848353902
2025-05-21,0.0,-0.005593339718594548,0.0001693646353342348
2025-05-22,0.0,0.004017693206987971,0.0001697449282302976
2025-05-23,0.0,-0.008503386173531191,0.0001693646353342348
2025-05-26,0.0,-0.001816166926317031,0.0001693646353342348
2025-05-27,0.0,0.005963775761352652,0.0001689843061407625
2025-05-28,0.0,0.00361736959902359,0.0001689843061407625
2025-05-29,0.0,-0.006007193538449584,0.0001693646353342348
2025-05-30,0.0,0.0005036568530683017,0.0001693646353342348
2025-06-02,0.0,-0.006342543755149088,0.0001724059627510321
2025-06-03,0.0,0.00557247283448481,0.0001720259237441013
2025-06-04,0.0,-0.004634751480832811,0.0001724059627510321
2025-06-05,0.0,-0.0005061549883026428,0.0001724059627510321
2025-06-06,0.0,0.004557469995670749,0.0001720259237441013
2025-06-09,0.0,-0.002520415302415979,0.0001724059627510321
2025-06-10,0.0,0.001111791061625622,0.0001727859655156205
2025-06-11,0.0,-0.004240341094390199,0.0001727859655156205
2025-06-12,0.0,-0.007198612027215168,0.0001731659320451939
2025-06-13,0.0,0.002655250623900818,0.0001727859655156205
2025-06-16,0.0,-0.001833370387209987,0.0001720259237441013
2025-06-17,0.0,0.008367343824736917,0.0001716458484881667
2025-06-18,0.0,0.0009107869617801523,0.0001716458484881667
2025-06-20,0.0,-0.002022086444561921,0.00017050540515684
2025-06-23,0.0,-0.002937908197924055,0.0001701251848353902
2025-06-24,0.0,-0.005689875726602511,0.0001701251848353902
2025-06-25,0.0,-0.001839365461405285,0.0001701251848353902
2025-06-26,0.0,-0.005425867911967974,0.00017050540515684
2025-06-27,0.0,0.002573340155155979,0.00017050540515684
2025-06-30,0.0,-0.005338852816370587,0.0001712657369763448
2025-07-01,0.0,-0.0006192976909031866,0.0001708855892015304
2025-07-02,0.0,-0.000413147238725764,0.0001712657369763448
2025-07-03,0.0,0.004133101166813313,0.0001716458484881667
2025-07-07,0.0,0.003087086343030565,0.0001716458484881667
2025-07-08,0.0,0.0003077429038140789,0.0001716458484881667
2025-07-09,0.0,-0.0004102237170650058,0.0001716458484881667
2025-07-10,0.0,0.001846725176172015,0.0001716458484881667
2025-07-11,0.0,0.002048099796385427,0.0001712657369763448
2025-07-14,1.0,0.00235057087910362,0.0001716458484881667
2025-07-15,1.0,0.005505718856505526,0.0001716458484881667
2025-07-16,1.0,-0.002332218115270401,0.0001712657369763448
2025-07-17,1.0,0.003455676078812253,0.0001712657369763448
2025-07-18,1.0,-0.002532158325733946,0.0001708855892015304
2025-07-21,1.0,-0.006397287381572192,0.0001712657369763448
2025-07-22,1.0,-0.004701063787898918,0.0001712657369763448
2025-07-23,0.0,-0.001848242184042115,0.0001712657369763448
2025-07-24,0.0,0.001748772457014214,0.0001716458484881667
2025-07-25,0.0,0.002772687205548907,0.0001716458484881667
2025-07-28,1.0,0.01034308367074432,0.0001708855892015304
2025-07-29,1.0,0.002533954902902646,0.0001708855892015304
2025-07-30,1.0,0.01041349450168361,0.0001712657369763448
2025-07-31,1.0,0.0009005036591169802,0.0001712657369763448
2025-08-01,1.0,-0.01339594475900352,0.0001689843061407625
2025-08-04,1.0,0.0009119093693816804,0.0001689843061407625
2025-08-05,1.0,0.0,0.0001686039406427753
2025-08-06,1.0,-0.006074088697466618,0.0001678431007052783
2025-08-07,1.0,0.002240794663060486,0.0001678431007052783
2025-08-08,1.0,-0.002235784728572998,0.0001678431007052783
2025-08-11,1.0,0.003462989782377246,0.0001686039406427753
2025-08-12,1.0,-0.004263075347707757,0.0001682235388331677
2025-08-13,1.0,-0.002650378596071645,0.0001667015683410877
2025-08-14,1.0,0.004190552713160711,0.0001670821154662328
2025-08-15,1.0,-0.004071262349912508,0.0001670821154662328
2025-08-17,1.0,0.0002248663686381658,0.0001670821154662328
