DateTime,VBMFX_Position,VBMFX_Return,rf_daily
2007-01-03,,,0.0001955200691088343
2007-01-04,1.0,0.002995704645556208,0.0001951422282697735
2007-01-05,1.0,-0.001991171468751718,0.0001955200691088343
2007-01-08,1.0,0.0,0.0001966533767139289
2007-01-09,1.0,0.0,0.0001966533767139289
2007-01-10,1.0,-0.001996636200315871,0.0001970310743006909
2007-01-11,1.0,-0.001999575407922394,0.0001977863620929998
2007-01-12,1.0,-0.001002011160030403,0.0001970310743006909
2007-01-16,1.0,0.0,0.0001977863620929998
2007-01-17,1.0,-0.001002751568651705,0.0001981639523118695
2007-01-18,1.0,0.00100375808864972,0.0001981639523118695
2007-01-19,1.0,-0.001002751568651705,0.000198919025429678
2007-01-22,1.0,0.00100375808864972,0.0001985415067551344
2007-01-23,1.0,-0.002006208803431941,0.000198919025429678
2007-01-24,1.0,0.0,0.0001985415067551344
2007-01-25,1.0,-0.003015185881074411,0.000198919025429678
2007-01-26,1.0,-0.001007806064354244,0.0001985415067551344
2007-01-29,1.0,0.0,0.000198919025429678
2007-01-30,1.0,0.0,0.0001985415067551344
2007-01-31,1.0,0.007296482786651071,0.0001981639523118695
2007-02-01,1.0,0.0,0.0001985415067551344
2007-02-02,1.0,0.001005479701388534,0.000198919025429678
2007-02-05,1.0,0.001005965914741669,0.0001992965083419396
2007-02-06,1.0,0.002006744716117392,0.000198919025429678
2007-02-07,1.0,0.0,0.0001992965083419396
2007-02-08,1.0,0.001003644286984295,0.0001996739554988025
2007-02-09,1.0,-0.003003355742938307,0.0001992965083419396
2007-02-12,1.0,-0.001004954964301641,0.000200428742574088
2007-02-13,1.0,0.0,0.0002000513669073722
2007-02-14,1.0,0.004021399350513821,0.0001996739554988025
2007-02-15,1.0,0.0009999205813933099,0.0002000513669073722
2007-02-16,1.0,0.0,0.0002000513669073722
2007-02-20,1.0,0.001000498015949036,0.0002008060825058333
2007-02-21,1.0,-0.000999498020162859,0.000200428742574088
2007-02-22,1.0,-0.0009989217389873017,0.0002008060825058333
2007-02-23,1.0,0.002001419015900119,0.000200428742574088
2007-02-26,1.0,0.001997683789095595,0.0002008060825058333
2007-02-27,1.0,0.003988362408830826,0.000198919025429678
2007-02-28,1.0,0.001994216320467368,0.0001996739554988025
2007-03-01,1.0,0.0,0.0001992965083419396
2007-03-02,1.0,0.0009941689884194194,0.0001981639523118695
2007-03-05,1.0,0.0,0.0001974087360914201
2007-03-06,1.0,0.0,0.000198919025429678
2007-03-07,1.0,0.000994742250084002,0.0001981639523118695
2007-03-08,1.0,0.0,0.0001974087360914201
2007-03-09,1.0,-0.003972589616698441,0.0001974087360914201
2007-03-12,1.0,0.001994564862925818,0.0001970310743006909
2007-03-13,1.0,0.001989900180399795,0.0001970310743006909
2007-03-14,1.0,-0.0009937537212711955,0.000195897874124773
2007-03-15,1.0,0.0,0.0001955200691088343
2007-03-16,1.0,-0.0009931815980747105,0.0001951422282697735
2007-03-19,1.0,-0.0009956444028936806,0.000195897874124773
2007-03-20,1.0,0.0009966366986444708,0.000195897874124773
2007-03-21,1.0,0.001989900180399795,0.0001955200691088343
2007-03-22,1.0,-0.002979615445980022,0.000195897874124773
2007-03-23,1.0,-0.0009959416939731014,0.0001966533767139289
2007-03-26,1.0,0.0009969345826901232,0.000195897874124773
2007-03-27,1.0,-0.0009959416939731014,0.0001966533767139289
2007-03-28,1.0,-0.0009962388851446624,0.000195897874124773
2007-03-29,1.0,-0.0009979287581236562,0.0001955200691088343
2007-03-30,1.0,0.004213106454763915,0.0001951422282697735
2007-04-02,1.0,0.0,0.0001951422282697735
2007-04-03,1.0,-0.0009995938282369998,0.0001955200691088343
2007-04-04,1.0,0.00100059401583974,0.0001962756433240287
2007-04-05,1.0,-0.0009995938282369998,0.0001951422282697735
2007-04-09,1.0,-0.002999871190891845,0.0001943864390943073
2007-04-10,1.0,0.001002559279105197,0.0001947643516004849
2007-04-11,1.0,-0.001001555160685341,0.0001951422282697735
2007-04-12,1.0,0.0,0.0001947643516004849
2007-04-13,1.0,-0.001002820634495971,0.0001943864390943073
2007-04-16,1.0,0.001003827293219128,0.0001940084907445794
2007-04-17,1.0,0.003008897495805796,0.0001940084907445794
2007-04-18,1.0,0.00100059401583974,0.0001936305065439736
2007-04-19,1.0,0.0,0.0001932524864862728
2007-04-20,1.0,-0.0009995938282369998,0.0001932524864862728
2007-04-23,1.0,0.00100059401583974,0.0001928744305643715
2007-04-24,1.0,0.001997365480224556,0.0001928744305643715
2007-04-25,1.0,-0.001993383963906248,0.0001924963387716083
2007-04-26,1.0,-0.001998233183200471,0.0001921182111008779
2007-04-27,1.0,0.0,0.0001917400475455189
2007-04-30,1.0,0.007136540037900652,0.0001902270343414614
2007-05-01,1.0,-0.0009978647645051408,0.0001898486912605968
2007-05-02,1.0,0.0,0.0001902270343414614
2007-05-03,1.0,-0.0009995528066245596,0.0001898486912605968
2007-05-04,1.0,0.001000552912095998,0.0001898486912605968
2007-05-07,1.0,0.0009988614931937256,0.0001894703122542474
2007-05-08,1.0,0.0,0.0001898486912605968
2007-05-09,1.0,-0.001996420152603595,0.0001890918973153077
2007-05-10,1.0,0.001000552912095998,0.0001887134464371165
2007-05-11,1.0,-0.0009995528066245596,0.0001887134464371165
2007-05-14,1.0,-0.0009995149044064178,0.0001879564368354458
2007-05-15,1.0,-0.001001727154598786,0.0001871992833946123
2007-05-16,1.0,0.0,0.00018416923014275
2007-05-17,1.0,-0.002003469733955821,0.000186441986059771
2007-05-18,1.0,-0.002008620706875019,0.0001875778780984216
2007-05-21,1.0,0.001005896578098131,0.0001890918973153077
2007-05-22,1.0,-0.002008815244983864,0.0001909836127538256
2007-05-23,1.0,-0.00100751823241263,0.0001902270343414614
2007-05-24,1.0,0.0,0.0001902270343414614
2007-05-25,1.0,0.0,0.0001890918973153077
2007-05-29,1.0,-0.002016109518145348,0.0001898486912605968
2007-05-30,1.0,0.001009960152052347,0.0001879564368354458
2007-05-31,1.0,0.003243205969677643,0.0001834113566834272
2007-06-01,1.0,-0.003030785243525624,0.0001856845447760769
2007-06-04,1.0,0.001012751152249969,0.000186441986059771
2007-06-05,1.0,-0.002023888951222741,0.0001871992833946123
2007-06-06,1.0,0.0,0.0001860632834149722
2007-06-07,1.0,-0.006085552580369358,0.0001860632834149722
2007-06-08,1.0,-0.00101989758308707,0.0001849269594886849
2007-06-11,1.0,0.0,0.0001834113566834272
2007-06-12,1.0,-0.006128712373886014,0.0001830323658940092
2007-06-13,1.0,0.003083562389621486,0.0001807576638885866
2007-06-14,1.0,-0.001025753445160982,0.0001803784206118042
2007-06-15,1.0,0.00307785814996353,0.000176963605925673
2007-06-18,1.0,0.001022423025434982,0.0001796198257604242
2007-06-19,1.0,0.003064136232867609,0.0001803784206118042
2007-06-20,1.0,-0.00305477598309456,0.0001837903114307871
2007-06-21,1.0,-0.00204346134161959,0.0001822742761612428
2007-06-22,1.0,0.002047645626298333,0.0001834113566834272
2007-06-25,1.0,0.002042757488578406,0.0001868206527173566
2007-06-26,1.0,-0.001019735579947612,0.0001868206527173566
2007-06-27,1.0,0.001020776502066001,0.0001849269594886849
2007-06-28,1.0,-0.002038593137181355,0.0001853057701362015
2007-06-29,1.0,0.007386057850209404,0.0001868206527173566
2007-07-02,1.0,0.002036950525325043,0.0001917400475455189
2007-07-03,1.0,-0.002032809792350654,0.0001917400475455189
2007-07-05,1.0,-0.005091284606346669,0.0001917400475455189
2007-07-06,1.0,-0.002047286507045887,0.0001917400475455189
2007-07-09,1.0,0.002051486487651299,0.0001924963387716083
2007-07-10,1.0,0.005117338432734764,0.0001917400475455189
2007-07-11,1.0,-0.002036688515653196,0.0001917400475455189
2007-07-12,1.0,-0.002040845081392684,0.0001924963387716083
2007-07-13,1.0,0.001022421630053394,0.0001924963387716083
2007-07-16,1.0,0.002042929911910463,0.0001928744305643715
2007-07-17,1.0,-0.002038764858198316,0.0001921182111008779
2007-07-18,1.0,0.003064482472064256,0.0001921182111008779
2007-07-19,1.0,-0.001018431594383862,0.0001928744305643715
2007-07-20,1.0,0.002039376837358109,0.0001924963387716083
2007-07-23,1.0,0.0,0.0001943864390943073
2007-07-24,1.0,0.0,0.0001943864390943073
2007-07-25,1.0,0.001017046012236511,0.0001932524864862728
2007-07-26,1.0,0.00304925826803526,0.0001906053415035025
2007-07-27,1.0,-0.001013706060173925,0.0001879564368354458
2007-07-30,1.0,-0.001014386773969145,0.0001921182111008779
2007-07-31,1.0,0.005302074307926175,0.0001921182111008779
2007-08-01,1.0,0.001014565168230064,0.0001894703122542474
2007-08-02,1.0,0.0,0.0001894703122542474
2007-08-03,1.0,0.003038966659620668,0.0001879564368354458
2007-08-06,1.0,-0.00201989705563943,0.0001890918973153077
2007-08-07,1.0,0.0,0.0001913618480988699
2007-08-08,1.0,-0.004048834955131975,0.0001917400475455189
2007-08-09,1.0,0.002032647331131621,0.000186441986059771
2007-08-10,1.0,0.0,0.0001773431743243847
2007-08-13,1.0,0.0,0.0001837903114307871
2007-08-14,1.0,0.001014565168230064,0.0001799991412381186
2007-08-15,1.0,0.0,0.0001636558822910583
2007-08-16,1.0,0.004051897863794007,0.0001476277252221436
2007-08-17,1.0,-0.002017600772536099,0.0001464803860140584
2007-08-20,1.0,0.002021679715091151,0.0001219247839796544
2007-08-21,1.0,0.002018290167580705,0.0001399725495365711
2007-08-22,1.0,-0.002014224877315507,0.0001430363848669014
2007-08-23,1.0,0.001009274345361133,0.0001514498050398938
2007-08-24,1.0,0.0,0.0001647982873829168
2007-08-27,1.0,0.002016427387909969,0.0001796198257604242
2007-08-28,1.0,0.002011080876930249,0.0001708855892015304
2007-08-29,1.0,-0.001003950983115676,0.0001548865451408421
2007-08-30,1.0,0.001004959913609049,0.0001495392233976656
2007-08-31,1.0,0.003226036018424194,0.0001560314667898854
2007-09-04,1.0,-0.001004226726190938,0.0001735458623464137
2007-09-05,1.0,0.004024623581814879,0.0001693646353342348
2007-09-06,1.0,-0.001002484867292819,0.0001667015683410877
2007-09-07,1.0,0.007021280061971558,0.0001583203236481534
2007-09-10,1.0,0.001991971975178419,0.000154123081238744
2007-09-11,1.0,-0.002982271461259733,0.0001598454981310837
2007-09-12,1.0,-0.0009969792182525916,0.0001567945651683722
2007-09-13,1.0,-0.00299392253330466,0.0001587016720010492
2007-09-14,1.0,0.0,0.0001560314667898854
2007-09-17,1.0,0.0,0.0001613700890652492
2007-09-18,1.0,0.002002197386307136,0.0001560314667898854
2007-09-19,1.0,-0.0009988009631034522,0.0001529776110411607
2007-09-20,1.0,-0.006000498156489287,0.0001476277252221436
2007-09-21,1.0,0.002011755702790552,0.0001457153096315889
2007-09-24,1.0,0.0,0.0001495392233976656
2007-09-25,1.0,0.0,0.0001476277252221436
2007-09-26,1.0,0.0,0.0001453327163460916
2007-09-27,1.0,0.003012471493667679,0.0001445674195510449
2007-09-28,1.0,0.003216658936004979,0.0001487747341608614
2007-10-01,1.0,0.001001664689499693,0.0001525957144554724
2007-10-02,1.0,0.001001764319050302,0.000154123081238744
2007-10-03,1.0,0.0,0.000154123081238744
2007-10-04,1.0,0.0009992375309550994,0.000154123081238744
2007-10-05,1.0,-0.00499475331796384,0.0001556498627912628
2007-10-08,1.0,0.0,0.0001556498627912628
2007-10-09,1.0,0.0,0.0001579389387953434
2007-10-10,1.0,0.0,0.0001579389387953434
2007-10-11,1.0,0.0,0.0001602267005549329
2007-10-12,1.0,-0.001004356320082,0.0001632750077988909
2007-10-15,1.0,0.0,0.0001670821154662328
2007-10-16,1.0,0.001005366065844226,0.0001651790163088585
2007-10-17,1.0,0.005019826111087866,0.0001560314667898854
2007-10-18,1.0,0.001998510422810407,0.0001464803860140584
2007-10-19,1.0,0.003987866699852516,0.0001503035659893293
2007-10-22,1.0,0.0,0.0001556498627912628
2007-10-23,1.0,0.0,0.0001548865451408421
2007-10-24,1.0,0.002978893951072648,0.000149921413020726
2007-10-25,1.0,-0.0009891770714154369,0.0001533594710290132
2007-10-26,1.0,-0.001982830796872004,0.000154123081238744
2007-10-29,1.0,0.0,0.0001560314667898854
2007-10-30,1.0,0.0,0.000154123081238744
2007-10-31,1.0,0.0002993694237189981,0.0001533594710290132
2007-11-01,1.0,0.003987987781985058,0.0001483924345326848
2007-11-02,1.0,0.002978817114445143,0.0001407387292562401
2007-11-05,1.0,-0.002969970116632359,0.0001445674195510449
2007-11-06,1.0,-0.001985822254003677,0.0001464803860140584
2007-11-07,1.0,0.0,0.0001361394395134052
2007-11-08,1.0,0.001989773590680421,0.0001319187551955814
2007-11-09,1.0,0.001986743321839457,0.000127693595368239
2007-11-12,1.0,-0.0009912766484988511,0.000127693595368239
2007-11-13,1.0,-0.001984269554833884,0.0001365229164898007
2007-11-14,1.0,0.0,0.0001330702943709294
2007-11-15,1.0,0.004969572880419548,0.0001288463560800146
2007-11-16,1.0,-0.0009891497940591742,0.0001326864849549025
2007-11-19,1.0,0.001981093207805706,0.0001326864849549025
2007-11-20,1.0,-0.0009890047171442484,0.0001269249029072217
2007-11-21,1.0,0.001978633196817903,0.0001207700187790817
2007-11-23,1.0,0.000987612681695893,0.0001261560621235169
2007-11-26,1.0,0.006903141642504496,0.0001223096313556216
2007-11-27,1.0,-0.003918340029758771,0.0001234639505107715
2007-11-28,1.0,-0.002949030254153495,0.0001192298110723744
2007-11-29,1.0,0.002957752756516774,0.000116918382634168
2007-11-30,1.0,0.004147164477853238,0.0001230792146138526
2007-12-03,1.0,0.003933607970029174,0.0001196149188178453
2007-12-04,1.0,-0.0009801039796810684,0.0001199999893457537
2007-12-05,1.0,-0.0009801599522910598,0.0001199999893457537
2007-12-06,1.0,-0.003925804923918585,0.0001207700187790817
2007-12-07,1.0,-0.005910261807886563,0.0001219247839796544
2007-12-10,1.0,-0.001982854376548104,0.0001192298110723744
2007-12-11,1.0,0.007944006867806053,0.0001149911674716009
2007-12-12,1.0,-0.002954551790944171,0.0001126772781681051
2007-12-13,1.0,-0.002964468693229194,0.0001122914992774948
2007-12-14,1.0,-0.003964959752450259,0.0001126772781681051
2007-12-17,1.0,0.001989995628476571,0.0001199999893457537
2007-12-18,1.0,0.003971753270984424,0.0001188446661026799
2007-12-19,1.0,0.002968234977032358,0.0001138343907851613
2007-12-20,1.0,0.001972083760642951,0.0001142200203299026
2007-12-21,1.0,-0.005905929285881628,0.000117303713834449
2007-12-24,1.0,-0.002970009414771102,0.0001299987833880412
2007-12-26,1.0,-0.002979106809976706,0.0001296146779850016
2007-12-27,1.0,0.003984373634367877,0.0001238486492622926
2007-12-28,1.0,0.004959972835943294,0.0001242333108759652
2007-12-31,1.0,0.007137482076302382,0.0001311508774854975
2008-01-02,1.0,0.005906051338374185,0.000127309267674347
2008-01-03,1.0,0.0,0.0001265405010593135
2008-01-04,1.0,0.00293417362305548,0.0001250025227172991
2008-01-07,1.0,0.0,0.000127693595368239
2008-01-08,1.0,0.0,0.0001269249029072217
2008-01-09,1.0,0.0009763930386634811,0.0001257715860927267
2008-01-10,1.0,-0.003898176322140623,0.0001265405010593135
2008-01-11,1.0,0.004891953106570535,0.0001207700187790817
2008-01-14,1.0,0.0,0.0001246179353584509
2008-01-15,1.0,0.002920622482043056,0.0001238486492622926
2008-01-16,1.0,-0.0009704351370101172,0.0001226944415644304
2008-01-17,1.0,0.002915677450886278,0.0001199999893457537
2008-01-18,1.0,-0.0009689589565905488,0.0001119056830320986
2008-01-22,1.0,0.005818419186702783,9.217935190308779e-05
2008-01-23,1.0,-0.003856426708539029,8.6747152605815e-05
2008-01-24,1.0,-0.00484099656481185,9.295477615278713e-05
2008-01-25,1.0,0.002919329445774776,9.024013079850235e-05
2008-01-28,1.0,0.0009698987486699284,9.179158318017855e-05
2008-01-29,1.0,-0.002907200990513004,8.946417800981266e-05
2008-01-30,1.0,-0.0009725967928035928,8.6747152605815e-05
2008-01-31,1.0,0.006055282116975924,7.702833764056116e-05
2008-02-01,1.0,0.0009725354155143418,8.24737943578846e-05
2008-02-04,1.0,-0.0019398691454664,8.907614494035876e-05
2008-02-05,1.0,0.002914690451019775,8.597051920578025e-05
2008-02-06,1.0,-0.001938878599294536,8.24737943578846e-05
2008-02-07,1.0,-0.004854025490486413,8.519373439619393e-05
2008-02-08,1.0,0.001952283297204094,8.75236346555841e-05
2008-02-11,1.0,0.0009729421843014396,9.062805053217105e-05
2008-02-12,1.0,-0.002918581886450888,9.062805053217105e-05
2008-02-13,1.0,-0.001950820790988406,8.946417800981266e-05
2008-02-14,1.0,-0.005864471658622139,9.062805053217105e-05
2008-02-15,1.0,0.001965755000187031,8.6747152605815e-05
2008-02-19,1.0,-0.006868728443023331,8.946417800981266e-05
2008-02-20,1.0,-0.001976619453230466,8.829996541415142e-05
2008-02-21,1.0,0.006931086413596299,8.635885482832784e-05
2008-02-22,1.0,-0.001966901451759817,8.635885482832784e-05
2008-02-25,1.0,-0.00492616496113174,8.635885482832784e-05
2008-02-26,1.0,0.000989813594451494,8.402827315934225e-05
2008-02-27,1.0,0.00296699874954065,7.780671582890974e-05
2008-02-28,1.0,0.00591742899996861,7.469229028500557e-05
2008-02-29,1.0,0.01082758540730322,7.274453736161313e-05
2008-03-03,1.0,-0.001947623216327909,6.689555910033285e-05
2008-03-04,1.0,-0.00585378597431907,6.533438035116745e-05
2008-03-05,1.0,-0.004906390347723666,6.025632059736274e-05
2008-03-06,1.0,-0.001972838073394212,5.478039315431893e-05
2008-03-07,1.0,0.002964492000912866,5.71281408126012e-05
2008-03-10,1.0,0.002955893221697981,5.321445913253342e-05
2008-03-11,1.0,-0.005894200358482649,5.83014960653383e-05
2008-03-12,1.0,0.009881721974341007,5.83014960653383e-05
2008-03-13,1.0,-0.004892149257508693,5.321445913253342e-05
2008-03-14,1.0,0.00393297634716494,4.655236478057212e-05
2008-03-17,1.0,0.006856496674612522,4.380590832075981e-05
2008-03-18,1.0,-0.004863996756689914,3.634168329846865e-05
2008-03-19,1.0,0.003909827455428561,2.413310991267181e-05
2008-03-20,1.0,0.001947300120240136,2.492188974012599e-05
2008-03-24,1.0,-0.009718383731611047,4.890496441523062e-05
2008-03-25,1.0,0.003925991486656955,5.086440351265153e-05
2008-03-26,1.0,0.0009765648756787648,5.086440351265153e-05
2008-03-27,1.0,-0.002929023670927955,5.125617572176999e-05
2008-03-28,1.0,0.002937628053031771,5.243126126464048e-05
2008-03-31,1.0,0.005981264650282814,5.438896734411003e-05
2008-04-01,1.0,-0.004872974271449615,5.517178051372973e-05
2008-04-02,1.0,-0.00195915537340241,5.556312942989194e-05
2008-04-03,1.0,0.0,5.517178051372973e-05
2008-04-04,1.0,0.005888679264253183,5.321445913253342e-05
2008-04-07,1.0,-0.00195142877732335,5.71281408126012e-05
2008-04-08,1.0,0.0,5.556312942989194e-05
2008-04-09,1.0,0.003910246299076769,5.164790941170061e-05
2008-04-10,1.0,-0.002921241758238269,5.008074350687508e-05
2008-04-11,1.0,0.002929800413549621,4.69445612010233e-05
2008-04-14,1.0,-0.001947387238024678,4.262827574930128e-05
2008-04-15,1.0,-0.003902696339497136,4.341340280400452e-05
2008-04-16,1.0,-0.00587641411608264,4.419837517355418e-05
2008-04-17,1.0,-0.001970654833892027,4.851296093222324e-05
2008-04-18,1.0,0.001974545982477149,5.321445913253342e-05
2008-04-21,1.0,0.002955534541242866,5.282287944297082e-05
2008-04-22,1.0,0.0,5.008074350687508e-05
2008-04-23,1.0,-0.000982545572185911,4.968885569511805e-05
2008-04-24,1.0,-0.003932991527872631,4.968885569511805e-05
2008-04-25,1.0,-0.0009873953349526232,5.282287944297082e-05
2008-04-28,1.0,0.001976497566954283,5.634571196244664e-05
2008-04-29,1.0,0.000986421588243136,5.75192976255412e-05
2008-04-30,1.0,0.006823989647651629,5.634571196244664e-05
2008-05-01,1.0,0.001963685402851523,5.71281408126012e-05
2008-05-02,1.0,-0.002940239499040875,5.908354097372559e-05
2008-05-05,1.0,0.0,6.025632059736274e-05
2008-05-06,1.0,-0.001966425577614284,6.416309471890536e-05
2008-05-07,1.0,0.001970300025980976,6.572473239052634e-05
2008-05-08,1.0,0.002948910000704075,6.533438035116745e-05
2008-05-09,1.0,0.0009813708981649683,6.650532175767054e-05
2008-05-12,1.0,-0.001958963420483517,6.962615083461188e-05
2008-05-13,1.0,-0.005887940847425055,7.196516950935816e-05
2008-05-14,1.0,0.0,7.157542840707798e-05
2008-05-15,1.0,0.004935718979589554,7.196516950935816e-05
2008-05-16,1.0,0.0,7.23548724916867e-05
2008-05-19,1.0,0.0009822469515499144,7.157542840707798e-05
2008-05-20,1.0,0.001962808490517887,7.31341641264649e-05
2008-05-21,1.0,-0.001958963420483517,7.31341641264649e-05
2008-05-22,1.0,-0.004906900070262399,7.31341641264649e-05
2008-05-23,1.0,0.00295877151728674,7.31341641264649e-05
2008-05-27,1.0,-0.003933013014276732,7.430281586562337e-05
2008-05-28,1.0,-0.004936368972212168,7.430281586562337e-05
2008-05-29,1.0,-0.002975975653290663,7.469229028500557e-05
2008-05-30,1.0,0.0059942857980535,7.430281586562337e-05
2008-06-02,1.0,0.002978795770665288,7.274453736161313e-05
2008-06-03,1.0,0.002971004058792248,7.274453736161313e-05
2008-06-04,1.0,-0.003949253776275197,7.23548724916867e-05
2008-06-05,1.0,-0.002973298244579259,7.274453736161313e-05
2008-06-06,1.0,0.003976084333112917,7.274453736161313e-05
2008-06-09,1.0,-0.004950077164614708,7.430281586562337e-05
2008-06-10,1.0,-0.006965578407538975,7.936301616751074e-05
2008-06-11,1.0,0.002003690970773686,7.702833764056116e-05
2008-06-12,1.0,-0.005999298598032277,7.85849419846496e-05
2008-06-13,1.0,-0.00201191827562397,7.81958479070255e-05
2008-06-16,1.0,0.0,8.130753713309069e-05
2008-06-17,1.0,0.002015974251062813,7.81958479070255e-05
2008-06-18,1.0,0.005029589507641985,7.586048516672328e-05
2008-06-19,1.0,-0.003003472198003121,7.508172663661661e-05
2008-06-20,1.0,0.001004639812840269,7.352375279379153e-05
2008-06-23,1.0,-0.001003631524653326,7.352375279379153e-05
2008-06-24,1.0,0.002008703476353402,7.196516950935816e-05
2008-06-25,1.0,0.0,7.118564917729664e-05
2008-06-26,1.0,0.003005906095375321,6.845612637285114e-05
2008-06-27,1.0,0.00199875076030076,6.611504619025155e-05
2008-06-30,1.0,0.003902972717768627,7.469229028500557e-05
2008-07-01,1.0,-0.001993928738968531,7.352375279379153e-05
2008-07-02,1.0,0.0,7.157542840707798e-05
2008-07-03,1.0,-0.0009995680475954893,7.23548724916867e-05
2008-07-07,1.0,0.002000891390050663,7.352375279379153e-05
2008-07-08,1.0,0.002993917548079539,7.31341641264649e-05
2008-07-09,1.0,0.00298481825637853,7.157542840707798e-05
2008-07-10,1.0,0.0,6.572473239052634e-05
2008-07-11,1.0,-0.004960378781072694,6.377258964507249e-05
2008-07-14,1.0,0.002990933815829822,5.986543241132125e-05
2008-07-15,1.0,0.0,5.478039315431893e-05
2008-07-16,1.0,-0.005964597817626593,5.399750307555351e-05
2008-07-17,1.0,-0.005999407808661816,5.634571196244664e-05
2008-07-18,1.0,-0.003018178654586867,5.83014960653383e-05
2008-07-21,1.0,0.001009077744471565,5.83014960653383e-05
2008-07-22,1.0,-0.002016614971254715,6.10379819414586e-05
2008-07-23,1.0,0.0,6.260084472953231e-05
2008-07-24,1.0,0.006060502580838012,6.494399006440332e-05
2008-07-25,1.0,-0.005019489537517074,6.884617270408455e-05
2008-07-28,1.0,0.005044811918158976,6.806604185438658e-05
2008-07-29,1.0,-0.002007369482654675,6.767591914114135e-05
2008-07-30,1.0,0.001005539256162091,6.689555910033285e-05
2008-07-31,1.0,0.008072590034824412,6.611504619025155e-05
2008-08-01,1.0,-0.001000392732303124,6.533438035116745e-05
2008-08-04,1.0,-0.002004744888878474,6.884617270408455e-05
2008-08-05,1.0,-0.002007628760649749,6.884617270408455e-05
2008-08-06,1.0,-0.003018073914746067,6.455356152268443e-05
2008-08-07,1.0,0.005044967441445225,6.533438035116745e-05
2008-08-08,1.0,0.001004222667309485,6.689555910033285e-05
2008-08-11,1.0,-0.004011963533151364,7.352375279379153e-05
2008-08-12,1.0,0.004028124220631479,7.31341641264649e-05
2008-08-13,1.0,-0.002005940978837217,7.274453736161313e-05
2008-08-14,1.0,0.002009972865774978,7.430281586562337e-05
2008-08-15,1.0,0.003008422015393863,7.274453736161313e-05
2008-08-18,1.0,0.0,7.157542840707798e-05
2008-08-19,1.0,0.0,7.079583181268667e-05
2008-08-20,1.0,0.004000580701909229,6.728575822556593e-05
2008-08-21,1.0,-0.00298744703577758,6.767591914114135e-05
2008-08-22,1.0,-0.001998655321534537,6.689555910033285e-05
2008-08-25,1.0,0.00300378338631635,6.845612637285114e-05
2008-08-26,1.0,0.0009978026102444026,6.728575822556593e-05
2008-08-27,1.0,0.0009964836428373314,6.572473239052634e-05
2008-08-28,1.0,-0.0009954916516898837,6.845612637285114e-05
2008-08-29,1.0,0.003003154707146516,6.767591914114135e-05
2008-09-02,1.0,0.002993596860510817,6.767591914114135e-05
2008-09-03,1.0,0.00199025827736099,6.689555910033285e-05
2008-09-04,1.0,0.002979618412561669,6.650532175767054e-05
2008-09-05,1.0,-0.00198056457720075,6.611504619025155e-05
2008-09-08,1.0,0.007936694175610937,6.728575822556593e-05
2008-09-09,1.0,0.0009838762299649861,6.533438035116745e-05
2008-09-10,1.0,-0.001966057294842782,6.494399006440332e-05
2008-09-11,1.0,0.0,6.338204629385835e-05
2008-09-12,1.0,-0.004926062769131545,5.869253770729443e-05
2008-09-15,1.0,0.004950448991599465,4.027196586142701e-05
2008-09-16,1.0,-0.005911626483403487,3.319466335782728e-05
2008-09-17,1.0,0.0,1.190298363207276e-06
2008-09-18,1.0,-0.004955999259141142,9.116545717002822e-06
2008-09-19,1.0,-0.007968319073570762,3.90932881320083e-05
2008-09-22,1.0,-0.0010037150714719,5.047259277701777e-05
2008-09-23,1.0,-0.001004804941080684,3.162022073865955e-05
2008-09-24,1.0,0.001005815589554926,1.939714872856158e-05
2008-09-25,1.0,-0.004019952485475597,3.004515569715593e-05
2008-09-26,1.0,-0.002017966250991932,3.437508715364856e-05
2008-09-29,1.0,0.01011097053080134,3.712805003863728e-05
2008-09-30,1.0,-0.008140371499017918,3.634168329846865e-05
2008-10-01,1.0,0.003039657304615861,3.358817681675674e-05
2008-10-02,1.0,0.002020840560130077,2.492188974012599e-05
2008-10-03,1.0,0.001007569091323379,2.018686664317926e-05
2008-10-06,1.0,0.005035699911582148,2.137115009137602e-05
2008-10-07,1.0,-0.002004478544511801,3.240751982014345e-05
2008-10-08,1.0,-0.009036407142472891,2.689315637249834e-05
2008-10-09,1.0,-0.007091171161213494,2.373866143035031e-05
2008-10-10,1.0,-0.00612347298100191,9.908303843175759e-06
2008-10-13,1.0,-0.007186148527433156,9.908303843175759e-06
2008-10-14,1.0,0.001034619318668328,1.346926955103633e-05
2008-10-15,1.0,0.002066016327905817,8.720607641343747e-06
2008-10-16,1.0,0.0,1.821227827725203e-05
2008-10-17,1.0,-0.00309317576415602,3.280111102821337e-05
2008-10-20,1.0,0.005170259505121733,4.890496441523062e-05
2008-10-21,1.0,0.00411553004093701,4.341340280400452e-05
2008-10-22,1.0,0.003073500360253334,4.145029499813546e-05
2008-10-23,1.0,-0.003064082900355203,3.870031805486285e-05
2008-10-24,1.0,-0.006147083394822395,3.516184210039519e-05
2008-10-27,1.0,-0.004124844380417381,3.319466335782728e-05
2008-10-28,1.0,-0.004140091529067358,3.043898033650017e-05
2008-10-29,1.0,-0.001039493541099001,2.452751934667319e-05
2008-10-30,1.0,-0.00312197753119936,1.623671079520328e-05
2008-10-31,1.0,0.004193108202204199,1.821227827725203e-05
2008-11-03,1.0,0.004175180081795959,1.939714872856158e-05
2008-11-04,1.0,0.01039513577274165,1.900223106310328e-05
2008-11-05,1.0,0.003086572331541415,1.58414797191142e-05
2008-11-06,1.0,0.0,1.26782188460961e-05
2008-11-07,1.0,-0.002051685328253616,1.228263458696865e-05
2008-11-10,1.0,0.0,1.149134821565312e-05
2008-11-11,1.0,0.0,1.149134821565312e-05
2008-11-12,1.0,0.0051397997792062,7.136461739776223e-06
2008-11-13,1.0,-0.006135760688900982,8.720607641343747e-06
2008-11-14,1.0,0.001028554328120546,5.947938814809817e-06
2008-11-17,1.0,0.001027662657097528,4.759061227099792e-06
2008-11-18,1.0,0.003080895428906549,4.759061227099792e-06
2008-11-19,1.0,0.0,2.77680986426887e-06
2008-11-20,1.0,0.006140644722050004,1.190298363207276e-06
2008-11-21,1.0,-0.00712045726303312,7.935717540874521e-07
2008-11-24,1.0,-0.005122927200672867,5.155393176359269e-06
2008-11-25,1.0,0.01441764506252863,3.966279028766451e-06
2008-11-26,1.0,0.001015142625744314,1.98363308512306e-06
2008-11-28,1.0,0.007026180809432514,3.968056356828953e-07
2008-12-01,1.0,0.006066179133395799,2.77680986426887e-06
2008-12-02,1.0,0.0,2.380241213684187e-06
2008-12-03,1.0,0.0,7.935717540874521e-07
2008-12-04,1.0,0.002010135620206466,7.935717540874521e-07
2008-12-05,1.0,-0.005014615492494268,7.935717540874521e-07
2008-12-08,1.0,0.001007461361956841,1.190298363207276e-06
2008-12-09,1.0,0.003021196006417926,1.190298363207276e-06
2008-12-10,1.0,0.002008278201173441,0.0
2008-12-11,1.0,0.003005818284527173,3.968056356828953e-07
2008-12-12,1.0,0.0009986436356577144,7.935717540874521e-07
2008-12-15,1.0,0.001996572693984788,1.190298363207276e-06
2008-12-16,1.0,0.006972087257711479,1.586985470813929e-06
2008-12-17,1.0,0.003956883483425377,1.98363308512306e-06
2008-12-18,1.0,0.003940420886659357,0.0
2008-12-19,1.0,0.0,7.935717540874521e-07
2008-12-22,1.0,-0.001962320370006987,3.968056356828953e-07
2008-12-23,1.0,0.0,7.935717540874521e-07
2008-12-24,1.0,0.0,0.0
2008-12-26,1.0,0.001966178642408112,1.190298363207276e-06
2008-12-29,1.0,0.0009813958142506074,2.380241213684187e-06
2008-12-30,1.0,0.0009806690190272693,3.966279028766451e-06
2008-12-31,1.0,0.0008845437579894089,4.362689847159373e-06
2009-01-02,1.0,-0.004911520806118785,3.173339045314805e-06
2009-01-05,1.0,0.0,5.551685702931408e-06
2009-01-06,1.0,0.003949177013422345,5.551685702931408e-06
2009-01-07,1.0,0.000982705018843566,4.362689847159373e-06
2009-01-08,1.0,0.001964811954252133,3.569828763927418e-06
2009-01-09,1.0,0.001960724539463499,2.77680986426887e-06
2009-01-12,1.0,0.001957511728921668,4.759061227099792e-06
2009-01-13,1.0,0.0,4.362689847159373e-06
2009-01-14,1.0,0.001951896560772104,4.759061227099792e-06
2009-01-15,1.0,-0.0009743190238159505,4.362689847159373e-06
2009-01-16,1.0,-0.001949916213808467,4.759061227099792e-06
2009-01-20,1.0,-0.003910880860836463,5.155393176359269e-06
2009-01-21,1.0,-0.005888336692959184,4.362689847159373e-06
2009-01-22,1.0,-0.0009872942533555307,3.966279028766451e-06
2009-01-23,1.0,-0.0009880336137843004,4.362689847159373e-06
2009-01-26,1.0,0.0,5.551685702931408e-06
2009-01-27,1.0,0.00395698950509793,5.155393176359269e-06
2009-01-28,1.0,-0.003941393452570607,7.532557270595319e-06
2009-01-29,1.0,-0.00395651633192684,9.116545717002822e-06
2009-01-30,1.0,0.003887910676152906,9.512444448356305e-06
2009-02-02,1.0,0.003972149211603604,1.0699904655187e-05
2009-02-03,1.0,-0.003956433666733594,1.26782188460961e-05
2009-02-04,1.0,-0.001985995736982549,1.188701104593015e-05
2009-02-05,1.0,0.0009947763179700697,1.149134821565312e-05
2009-02-06,1.0,-0.001988128073563633,1.109564608792191e-05
2009-02-09,1.0,0.0,1.26782188460961e-05
2009-02-10,1.0,0.005976503116005283,1.228263458696865e-05
2009-02-11,1.0,0.002970183827108341,1.188701104593015e-05
2009-02-12,1.0,-0.0009873906590679438,1.149134821565312e-05
2009-02-13,1.0,-0.003952995376949486,1.149134821565312e-05
2009-02-17,1.0,0.004960972641848027,1.26782188460961e-05
2009-02-18,1.0,-0.002961387960482398,1.228263458696865e-05
2009-02-19,1.0,-0.003960743121561583,1.188701104593015e-05
2009-02-20,1.0,0.00198765439018822,1.0699904655187e-05
2009-02-23,1.0,-0.000991501170907405,1.149134821565312e-05
2009-02-24,1.0,-0.0009931950405394074,1.26782188460961e-05
2009-02-25,1.0,-0.004969807026919182,1.188701104593015e-05
2009-02-26,1.0,0.0,1.0699904655187e-05
2009-02-27,1.0,0.001704573674889076,1.030412390967683e-05
2009-03-02,1.0,0.004003969197531765,1.109564608792191e-05
2009-03-03,1.0,-0.0009975722979577162,1.0699904655187e-05
2009-03-04,1.0,-0.003991509838643381,1.030412390967683e-05
2009-03-05,1.0,0.005010076048657108,7.92861342602258e-06
2009-03-06,1.0,-0.001994040126783614,8.32463021360752e-06
2009-03-09,1.0,-0.001997945219069264,9.116545717002822e-06
2009-03-10,1.0,-0.003003828368324912,9.512444448356305e-06
2009-03-11,1.0,0.002008771064290427,9.116545717002822e-06
2009-03-12,1.0,0.001002094495631933,8.720607641343747e-06
2009-03-13,1.0,0.001000378448790862,7.92861342602258e-06
2009-03-16,1.0,-0.001999469530106879,9.512444448356305e-06
2009-03-17,1.0,-0.001002332353333135,9.512444448356305e-06
2009-03-18,1.0,0.012036484932747,8.32463021360752e-06
2009-03-19,1.0,0.0,7.92861342602258e-06
2009-03-20,1.0,-0.00099132657862544,8.720607641343747e-06
2009-03-23,1.0,-0.0009922317828324756,8.720607641343747e-06
2009-03-24,1.0,-0.0009927458206886453,8.32463021360752e-06
2009-03-25,1.0,0.0,7.532557270595319e-06
2009-03-26,1.0,0.001987936621050457,5.947938814809817e-06
2009-03-27,1.0,0.0,5.551685702931408e-06
2009-03-30,1.0,0.0009923102821824958,7.136461739776223e-06
2009-03-31,1.0,0.004775087047899973,8.32463021360752e-06
2009-04-01,1.0,0.00099012760205075,8.720607641343747e-06
2009-04-02,1.0,-0.001977828608355936,8.720607641343747e-06
2009-04-03,1.0,-0.003964902604023046,8.32463021360752e-06
2009-04-06,1.0,0.0,7.92861342602258e-06
2009-04-07,1.0,0.0009949753158271513,7.92861342602258e-06
2009-04-08,1.0,0.002982742563810925,7.136461739776223e-06
2009-04-09,1.0,-0.001982841932809953,7.136461739776223e-06
2009-04-13,1.0,0.002979389295647561,7.136461739776223e-06
2009-04-14,1.0,0.002970382806152472,6.740326825349641e-06
2009-04-15,1.0,0.0009871174365483348,5.947938814809817e-06
2009-04-16,1.0,-0.0019726766979965,5.155393176359269e-06
2009-04-17,1.0,-0.002963734292745768,5.551685702931408e-06
2009-04-20,1.0,0.002972544123701848,5.551685702931408e-06
2009-04-21,1.0,-0.0009878595011721947,5.947938814809817e-06
2009-04-22,1.0,-0.001977828608355936,5.551685702931408e-06
2009-04-23,1.0,0.00198174816657426,3.966279028766451e-06
2009-04-24,1.0,-0.001977828608355936,3.966279028766451e-06
2009-04-27,1.0,0.00396396509010688,5.155393176359269e-06
2009-04-28,1.0,-0.001974390508482582,5.155393176359269e-06
2009-04-29,1.0,-0.001977828608355936,4.362689847159373e-06
2009-04-30,1.0,0.004574755406525632,5.551685702931408e-06
2009-05-01,1.0,-0.0009898613867422856,6.344152519766055e-06
2009-05-04,1.0,0.0009908421831597014,7.532557270595319e-06
2009-05-05,1.0,0.000989783616363038,7.532557270595319e-06
2009-05-06,1.0,0.001979008309550778,7.532557270595319e-06
2009-05-07,1.0,-0.002961951496386783,7.136461739776223e-06
2009-05-08,1.0,0.000989783616363038,7.532557270595319e-06
2009-05-11,1.0,0.003956618136470524,7.532557270595319e-06
2009-05-12,1.0,0.0009854497195833645,7.532557270595319e-06
2009-05-13,1.0,0.002952279026897431,6.740326825349641e-06
2009-05-14,1.0,-0.0009808879097568113,6.344152519766055e-06
2009-05-15,1.0,0.0,6.740326825349641e-06
2009-05-18,1.0,-0.002947173330072106,7.532557270595319e-06
2009-05-19,1.0,0.0,7.136461739776223e-06
2009-05-20,1.0,0.002955884835024625,7.136461739776223e-06
2009-05-21,1.0,-0.002947173330072106,7.532557270595319e-06
2009-05-22,1.0,-0.0009852175577206301,7.136461739776223e-06
2009-05-26,1.0,-0.002958722433026528,7.136461739776223e-06
2009-05-27,1.0,-0.004945189969492114,6.740326825349641e-06
2009-05-28,1.0,0.001987906563394537,5.947938814809817e-06
2009-05-29,1.0,0.01055357466662055,5.551685702931408e-06
2009-06-01,1.0,-0.006896027370049684,5.155393176359269e-06
2009-06-02,1.0,0.001983708864712552,5.551685702931408e-06
2009-06-03,1.0,0.003960415527847871,5.551685702931408e-06
2009-06-04,1.0,-0.00493062399999511,5.551685702931408e-06
2009-06-05,1.0,-0.006937496596642667,7.92861342602258e-06
2009-06-08,1.0,-0.001996602783605361,7.532557270595319e-06
2009-06-09,1.0,0.002000597181506691,7.532557270595319e-06
2009-06-10,1.0,-0.002994708897173237,7.136461739776223e-06
2009-06-11,1.0,0.003003704116615769,7.532557270595319e-06
2009-06-12,1.0,0.003992033897801894,7.532557270595319e-06
2009-06-15,1.0,0.002982023445555315,6.740326825349641e-06
2009-06-16,1.0,0.00297284714283208,6.740326825349641e-06
2009-06-17,1.0,0.0,6.740326825349641e-06
2009-06-18,1.0,-0.006916778931364886,7.136461739776223e-06
2009-06-19,1.0,0.002985302914441545,7.532557270595319e-06
2009-06-22,1.0,0.002975563297068939,7.92861342602258e-06
2009-06-23,1.0,0.0009892989424666876,7.92861342602258e-06
2009-06-24,1.0,-0.001976255697309415,7.532557270595319e-06
2009-06-25,1.0,0.005941126993826984,7.136461739776223e-06
2009-06-26,1.0,0.0009836592694882906,7.92861342602258e-06
2009-06-29,1.0,0.0009835391864945198,7.92861342602258e-06
2009-06-30,1.0,0.002463966564847153,7.532557270595319e-06
2009-07-01,1.0,0.0,6.740326825349641e-06
2009-07-02,1.0,0.001966987858775582,6.740326825349641e-06
2009-07-06,1.0,0.0,7.532557270595319e-06
2009-07-07,1.0,0.001962590604288827,7.532557270595319e-06
2009-07-08,1.0,0.004896636785089115,7.136461739776223e-06
2009-07-09,1.0,-0.002922966539259053,7.532557270595319e-06
2009-07-10,1.0,0.002931535318904777,7.136461739776223e-06
2009-07-13,1.0,-0.001948669700143735,7.136461739776223e-06
2009-07-14,1.0,-0.001953312301685717,7.136461739776223e-06
2009-07-15,1.0,-0.005870795038474541,7.136461739776223e-06
2009-07-16,1.0,0.003937002131368939,7.532557270595319e-06
2009-07-17,1.0,-0.002941458956301268,6.740326825349641e-06
2009-07-20,1.0,0.001966987858775582,7.532557270595319e-06
2009-07-21,1.0,0.005888001445152558,7.532557270595319e-06
2009-07-22,1.0,-0.001950722029682272,7.532557270595319e-06
2009-07-23,1.0,-0.005865891694450953,7.532557270595319e-06
2009-07-24,1.0,0.001966987858775582,7.136461739776223e-06
2009-07-27,1.0,-0.001963126412956151,7.532557270595319e-06
2009-07-28,1.0,0.001966987858775582,7.532557270595319e-06
2009-07-29,1.0,0.0009812187580491294,7.532557270595319e-06
2009-07-30,1.0,0.002941688363488737,7.136461739776223e-06
2009-07-31,1.0,0.008337137312187215,7.136461739776223e-06
2009-08-03,1.0,-0.003890812854442371,7.532557270595319e-06
2009-08-04,1.0,-0.0009762748733370685,7.136461739776223e-06
2009-08-05,1.0,-0.002933282413990268,7.136461739776223e-06
2009-08-06,1.0,0.0009804848759102924,6.740326825349641e-06
2009-08-07,1.0,-0.003917945602360695,7.532557270595319e-06
2009-08-10,1.0,0.00393335627829372,7.532557270595319e-06
2009-08-11,1.0,0.002938649533743787,7.136461739776223e-06
2009-08-12,1.0,-0.0009762748733370685,6.740326825349641e-06
2009-08-13,1.0,0.004887056393653832,6.740326825349641e-06
2009-08-14,1.0,0.000971871455576645,7.136461739776223e-06
2009-08-17,1.0,0.002916560563106518,7.136461739776223e-06
2009-08-18,1.0,-0.001938618888074228,7.136461739776223e-06
2009-08-19,1.0,0.0009709658128869147,6.740326825349641e-06
2009-08-20,1.0,0.001939670933736704,6.740326825349641e-06
2009-08-21,1.0,-0.004839752110661566,6.740326825349641e-06
2009-08-24,1.0,0.002917958412098409,6.740326825349641e-06
2009-08-25,1.0,0.001939670933736704,6.740326825349641e-06
2009-08-26,1.0,0.0,5.947938814809817e-06
2009-08-27,1.0,-0.0009673183354720338,5.947938814809817e-06
2009-08-28,1.0,0.001937489069000486,5.947938814809817e-06
2009-08-31,1.0,0.004269599317705985,5.947938814809817e-06
2009-09-01,1.0,0.001931360028984308,5.551685702931408e-06
2009-09-02,1.0,0.002894033156014997,5.551685702931408e-06
2009-09-03,1.0,-0.001924011419660032,5.947938814809817e-06
2009-09-04,1.0,-0.002889304051668651,5.551685702931408e-06
2009-09-08,1.0,0.0,5.551685702931408e-06
2009-09-09,1.0,0.0,5.551685702931408e-06
2009-09-10,1.0,0.003863992610214195,5.551685702931408e-06
2009-09-11,1.0,0.0009632679345643602,5.551685702931408e-06
2009-09-14,1.0,-0.002885681896927617,5.551685702931408e-06
2009-09-15,1.0,0.0,5.155393176359269e-06
2009-09-16,1.0,0.0,3.966279028766451e-06
2009-09-17,1.0,0.002894033156014997,3.966279028766451e-06
2009-09-18,1.0,-0.001924011419660032,3.173339045314805e-06
2009-09-21,1.0,0.0,4.362689847159373e-06
2009-09-22,1.0,0.0009635243090413415,4.362689847159373e-06
2009-09-23,1.0,0.0009632679345643602,4.362689847159373e-06
2009-09-24,1.0,0.001922521497160545,3.966279028766451e-06
2009-09-25,1.0,0.0009605687244949035,3.966279028766451e-06
2009-09-28,1.0,0.0009584584084538772,4.362689847159373e-06
2009-09-29,1.0,0.0,5.155393176359269e-06
2009-09-30,1.0,0.003171319999055955,5.551685702931408e-06
2009-10-01,1.0,0.002872935697017631,3.966279028766451e-06
2009-10-02,1.0,-0.0009547297442832337,3.966279028766451e-06
2009-10-05,1.0,0.0009556421242440383,3.173339045314805e-06
2009-10-06,1.0,-0.001910639715400064,3.173339045314805e-06
2009-10-07,1.0,0.003828003252428047,3.569828763927418e-06
2009-10-08,1.0,-0.001906408267630444,2.380241213684187e-06
2009-10-09,1.0,-0.004776082939260462,2.77680986426887e-06
2009-10-12,1.0,0.001920550063563731,2.77680986426887e-06
2009-10-13,1.0,0.0009568068365750637,2.77680986426887e-06
2009-10-14,1.0,-0.002870928533937445,2.77680986426887e-06
2009-10-15,1.0,-0.001918993581959239,2.77680986426887e-06
2009-10-16,1.0,0.001922683198677611,2.77680986426887e-06
2009-10-19,1.0,0.0009603491499534655,3.173339045314805e-06
2009-10-20,1.0,0.001917004352115947,3.173339045314805e-06
2009-10-21,1.0,-0.001913336477761041,2.77680986426887e-06
2009-10-22,1.0,-0.000959427764315568,2.380241213684187e-06
2009-10-23,1.0,-0.001918993581959239,2.77680986426887e-06
2009-10-26,1.0,-0.0028853243598711,3.173339045314805e-06
2009-10-27,1.0,0.003857983143647825,3.173339045314805e-06
2009-10-28,1.0,0.001921503966347604,2.77680986426887e-06
2009-10-29,1.0,-0.001917818869782706,2.380241213684187e-06
2009-10-30,1.0,0.00703455925039087,1.98363308512306e-06
2009-11-02,1.0,-0.0009566192156031939,2.380241213684187e-06
2009-11-03,1.0,-0.001915512874221315,2.380241213684187e-06
2009-11-04,1.0,-0.0009589296043416295,1.98363308512306e-06
2009-11-05,1.0,0.0009598500329539572,1.586985470813929e-06
2009-11-06,1.0,0.0009595945528306782,2.380241213684187e-06
2009-11-09,1.0,0.0009586746138932067,2.77680986426887e-06
2009-11-10,1.0,0.0,2.77680986426887e-06
2009-11-11,1.0,0.0009575352121868885,2.77680986426887e-06
2009-11-12,1.0,0.0009574295976879643,2.77680986426887e-06
2009-11-13,1.0,0.0009556305954880884,2.380241213684187e-06
2009-11-16,1.0,0.002865404728767063,2.77680986426887e-06
2009-11-17,1.0,0.0009519903997370349,2.380241213684187e-06
2009-11-18,1.0,-0.001902462954090134,1.586985470813929e-06
2009-11-19,1.0,0.0009531913894260668,7.935717540874521e-07
2009-11-20,1.0,0.0,7.935717540874521e-07
2009-11-23,1.0,0.0,1.98363308512306e-06
2009-11-24,1.0,0.001904787322455803,1.98363308512306e-06
2009-11-25,1.0,0.001901092824673656,1.98363308512306e-06
2009-11-27,1.0,0.0009494731844492676,1.190298363207276e-06
2009-11-30,1.0,0.00399204626412808,2.380241213684187e-06
2009-12-01,1.0,-0.00284043520874977,2.380241213684187e-06
2009-12-02,1.0,-0.0009497517197394334,1.98363308512306e-06
2009-12-03,1.0,-0.001900798498797429,2.380241213684187e-06
2009-12-04,1.0,-0.002857468247022821,2.380241213684187e-06
2009-12-07,1.0,0.001910315667953189,1.586985470813929e-06
2009-12-08,1.0,0.0009535195789061035,1.190298363207276e-06
2009-12-09,1.0,0.0,1.190298363207276e-06
2009-12-10,1.0,-0.001905076295155128,7.935717540874521e-07
2009-12-11,1.0,-0.001908419588654953,1.190298363207276e-06
2009-12-14,1.0,0.0,1.586985470813929e-06
2009-12-15,1.0,-0.001911921863034904,1.98363308512306e-06
2009-12-16,1.0,0.0,1.586985470813929e-06
2009-12-17,1.0,0.004789254848289737,1.586985470813929e-06
2009-12-18,1.0,-0.001906673320036356,1.98363308512306e-06
2009-12-21,1.0,-0.004775239364920969,3.173339045314805e-06
2009-12-22,1.0,-0.00287933296705134,3.173339045314805e-06
2009-12-23,1.0,0.0,2.77680986426887e-06
2009-12-24,1.0,-0.002887573593826853,1.98363308512306e-06
2009-12-28,1.0,-0.0009647439501989652,4.362689847159373e-06
2009-12-29,1.0,0.0009656755798725936,3.966279028766451e-06
2009-12-30,1.0,0.0009644476074097685,1.98363308512306e-06
2009-12-31,1.0,0.001258761444463463,2.380241213684187e-06
2010-01-04,1.0,0.0009660770139829911,3.173339045314805e-06
2010-01-05,1.0,0.003861021539363296,2.77680986426887e-06
2010-01-06,1.0,-0.001923894919084179,2.380241213684187e-06
2010-01-07,1.0,0.0,1.98363308512306e-06
2010-01-08,1.0,0.0009643913742547472,1.98363308512306e-06
2010-01-11,1.0,0.0,1.586985470813929e-06
2010-01-12,1.0,0.003849430678068533,1.98363308512306e-06
2010-01-13,1.0,-0.001917554754950479,2.380241213684187e-06
2010-01-14,1.0,0.001921238835615124,1.98363308512306e-06
2010-01-15,1.0,0.001917408046350433,2.380241213684187e-06
2010-01-19,1.0,-0.0009569059212123365,2.380241213684187e-06
2010-01-20,1.0,0.001915791502495212,1.98363308512306e-06
2010-01-21,1.0,0.001911835687750774,2.380241213684187e-06
2010-01-22,1.0,0.0,2.380241213684187e-06
2010-01-25,1.0,-0.001908187546699969,2.380241213684187e-06
2010-01-26,1.0,0.0009561372756246023,2.77680986426887e-06
2010-01-27,1.0,-0.0009552239503990423,3.173339045314805e-06
2010-01-28,1.0,0.0,3.173339045314805e-06
2010-01-29,1.0,0.005082917040828194,3.173339045314805e-06
2010-02-01,1.0,-0.001907843502980011,3.966279028766451e-06
2010-02-02,1.0,0.0009554535112150653,3.966279028766451e-06
2010-02-03,1.0,-0.001909884261115713,3.966279028766451e-06
2010-02-04,1.0,0.003827442712430296,3.569828763927418e-06
2010-02-05,1.0,0.0009538848304757597,3.966279028766451e-06
2010-02-08,1.0,-0.0009529758013150369,4.759061227099792e-06
2010-02-09,1.0,-0.002859327943060097,4.759061227099792e-06
2010-02-10,1.0,-0.002868620840333902,4.362689847159373e-06
2010-02-11,1.0,-0.0009579828614592056,4.362689847159373e-06
2010-02-12,1.0,0.001918681261253052,3.966279028766451e-06
2010-02-16,1.0,0.0009580879092958572,3.966279028766451e-06
2010-02-17,1.0,-0.002870344839867478,3.966279028766451e-06
2010-02-18,1.0,-0.001919852349228091,3.966279028766451e-06
2010-02-19,1.0,0.0,4.362689847159373e-06
2010-02-22,1.0,0.0,4.362689847159373e-06
2010-02-23,1.0,0.003845917203659344,4.759061227099792e-06
2010-02-24,1.0,0.0,4.759061227099792e-06
2010-02-25,1.0,0.001916175818591714,5.155393176359269e-06
2010-02-26,1.0,0.003930673331508983,5.155393176359269e-06
2010-03-01,1.0,0.0009554166495386873,5.155393176359269e-06
2010-03-02,1.0,0.0,5.551685702931408e-06
2010-03-03,1.0,0.0,5.551685702931408e-06
2010-03-04,1.0,0.0009542870248961943,5.551685702931408e-06
2010-03-05,1.0,-0.002860131688129375,5.947938814809817e-06
2010-03-08,1.0,-0.0009561118351335551,6.344152519766055e-06
2010-03-09,1.0,0.0009570268598406706,6.344152519766055e-06
2010-03-10,1.0,-0.0009561118351335551,5.947938814809817e-06
2010-03-11,1.0,0.0,6.344152519766055e-06
2010-03-12,1.0,0.0009570268598406706,5.947938814809817e-06
2010-03-15,1.0,0.0,6.740326825349641e-06
2010-03-16,1.0,0.00191222367026711,6.344152519766055e-06
2010-03-17,1.0,0.0009542870248961943,5.947938814809817e-06
2010-03-18,1.0,-0.0009533772293764953,6.344152519766055e-06
2010-03-19,1.0,-0.0009545046998563622,6.344152519766055e-06
2010-03-22,1.0,0.0009554166495386873,5.947938814809817e-06
2010-03-23,1.0,0.0,5.551685702931408e-06
2010-03-24,1.0,-0.00477114489120134,5.551685702931408e-06
2010-03-25,1.0,-0.001917213444684429,5.551685702931408e-06
2010-03-26,1.0,0.0009602654908369423,5.551685702931408e-06
2010-03-29,1.0,0.0,5.947938814809817e-06
2010-03-30,1.0,0.0,6.344152519766055e-06
2010-03-31,1.0,0.004043388690596617,6.344152519766055e-06
2010-04-01,1.0,-0.001917575855014064,6.344152519766055e-06
2010-04-05,1.0,-0.004803623384391664,7.136461739776223e-06
2010-04-06,1.0,0.0009659619337385461,6.740326825349641e-06
2010-04-07,1.0,0.003857121793100049,6.740326825349641e-06
2010-04-08,1.0,0.0,6.740326825349641e-06
2010-04-09,1.0,0.0,6.344152519766055e-06
2010-04-12,1.0,0.002881926436197002,6.344152519766055e-06
2010-04-13,1.0,0.0,6.344152519766055e-06
2010-04-14,1.0,-0.0009579058052998635,6.344152519766055e-06
2010-04-15,1.0,0.0009588242686329185,6.344152519766055e-06
2010-04-16,1.0,0.002873281740123801,6.344152519766055e-06
2010-04-19,1.0,-0.001909743478500481,6.344152519766055e-06
2010-04-20,1.0,0.0,6.344152519766055e-06
2010-04-21,1.0,0.001913397577044895,5.947938814809817e-06
2010-04-22,1.0,-0.0009550165484312201,6.344152519766055e-06
2010-04-23,1.0,-0.001911858953801526,6.344152519766055e-06
2010-04-26,1.0,0.00095805103055846,6.344152519766055e-06
2010-04-27,1.0,0.004783711572000193,6.344152519766055e-06
2010-04-28,1.0,-0.002856648611933132,6.344152519766055e-06
2010-04-29,1.0,0.0009551613576121998,6.740326825349641e-06
2010-04-30,1.0,0.004492251457578478,6.344152519766055e-06
2010-05-03,1.0,-0.001903277223021305,6.740326825349641e-06
2010-05-04,1.0,0.003813308144561933,6.344152519766055e-06
2010-05-05,1.0,0.0009502625494708372,5.947938814809817e-06
2010-05-06,1.0,0.00474278084688895,4.362689847159373e-06
2010-05-07,1.0,-0.003776657492313484,5.155393176359269e-06
2010-05-10,1.0,-0.002844020157792726,6.344152519766055e-06
2010-05-11,1.0,0.0,6.344152519766055e-06
2010-05-12,1.0,-0.0009500151045567229,6.344152519766055e-06
2010-05-13,1.0,0.001902773139004665,6.344152519766055e-06
2010-05-14,1.0,0.003798606439719743,6.344152519766055e-06
2010-05-17,1.0,-0.0009461653131385139,6.344152519766055e-06
2010-05-18,1.0,0.002840610800843191,6.740326825349641e-06
2010-05-19,1.0,0.0,6.740326825349641e-06
2010-05-20,1.0,0.002832850459471681,6.740326825349641e-06
2010-05-21,1.0,0.0,6.740326825349641e-06
2010-05-24,1.0,-0.0009405707920627782,6.740326825349641e-06
2010-05-25,1.0,0.0,6.740326825349641e-06
2010-05-26,1.0,-0.0009430969632220343,6.740326825349641e-06
2010-05-27,1.0,-0.004716937348693273,6.740326825349641e-06
2010-05-28,1.0,0.004943820127992327,6.344152519766055e-06
2010-06-01,1.0,0.0009457939225763212,6.344152519766055e-06
2010-06-02,1.0,-0.001890228394990423,6.344152519766055e-06
2010-06-03,1.0,-0.0009467611550971755,5.551685702931408e-06
2010-06-04,1.0,0.006634466785182314,5.551685702931408e-06
2010-06-07,1.0,0.0009417678406922203,4.759061227099792e-06
2010-06-08,1.0,-0.00188055678336696,4.759061227099792e-06
2010-06-09,1.0,0.0,3.966279028766451e-06
2010-06-10,1.0,-0.004713201201932415,3.966279028766451e-06
2010-06-11,1.0,0.003788044971797966,3.173339045314805e-06
2010-06-14,1.0,-0.0009439001555797688,2.77680986426887e-06
2010-06-15,1.0,-0.001888087612851308,3.569828763927418e-06
2010-06-16,1.0,0.001891659231213483,3.966279028766451e-06
2010-06-17,1.0,0.002832808306417078,3.569828763927418e-06
2010-06-18,1.0,-0.0009405599905759621,4.362689847159373e-06
2010-06-21,1.0,0.0,4.759061227099792e-06
2010-06-22,1.0,0.002827252222331822,5.155393176359269e-06
2010-06-23,1.0,0.001879639129143795,5.155393176359269e-06
2010-06-24,1.0,-0.0009383748822164861,5.155393176359269e-06
2010-06-25,1.0,0.0009392562566956641,5.155393176359269e-06
2010-06-28,1.0,0.002813921329685165,6.740326825349641e-06
2010-06-29,1.0,0.00187120121801021,5.947938814809817e-06
2010-06-30,1.0,0.002808886646921138,7.136461739776223e-06
2010-07-01,1.0,0.0,6.740326825349641e-06
2010-07-02,1.0,-0.001867603538603935,6.740326825349641e-06
2010-07-06,1.0,0.002806752592318551,6.740326825349641e-06
2010-07-07,1.0,-0.001864948527561028,6.344152519766055e-06
2010-07-08,1.0,-0.0009356932737535351,5.947938814809817e-06
2010-07-09,1.0,-0.0009353026493813532,6.344152519766055e-06
2010-07-12,1.0,0.0,6.344152519766055e-06
2010-07-13,1.0,-0.001872426971684549,5.947938814809817e-06
2010-07-14,1.0,0.002813874004653494,5.947938814809817e-06
2010-07-15,1.0,0.002806752592318551,5.947938814809817e-06
2010-07-16,1.0,0.001865439857620999,5.947938814809817e-06
2010-07-19,1.0,-0.0009303176720634188,6.740326825349641e-06
2010-07-20,1.0,0.0,6.344152519766055e-06
2010-07-21,1.0,0.003727400608961595,6.344152519766055e-06
2010-07-22,1.0,-0.00185754784960257,6.344152519766055e-06
2010-07-23,1.0,-0.001859464883439466,6.344152519766055e-06
2010-07-26,1.0,0.0,6.344152519766055e-06
2010-07-27,1.0,-0.0009325163355151656,5.947938814809817e-06
2010-07-28,1.0,0.001865439857620999,5.947938814809817e-06
2010-07-29,1.0,0.0009308781466004223,5.947938814809817e-06
2010-07-30,1.0,0.005596593132200844,5.947938814809817e-06
2010-08-02,1.0,-0.001854475687944168,6.344152519766055e-06
2010-08-03,1.0,0.002787474474765794,6.344152519766055e-06
2010-08-04,1.0,-0.001852826185794187,6.344152519766055e-06
2010-08-05,1.0,0.0009275754081743415,5.947938814809817e-06
2010-08-06,1.0,0.002783001217245396,5.947938814809817e-06
2010-08-09,1.0,-0.0009241439157366971,5.947938814809817e-06
2010-08-10,1.0,0.001850483824923366,5.947938814809817e-06
2010-08-11,1.0,0.001849493015615433,5.947938814809817e-06
2010-08-12,1.0,-0.002768148988726793,6.344152519766055e-06
2010-08-13,1.0,0.002775832907783382,5.947938814809817e-06
2010-08-16,1.0,0.003689803955716719,6.344152519766055e-06
2010-08-17,1.0,-0.001838257606269322,6.740326825349641e-06
2010-08-18,1.0,-0.0009201651377909181,6.344152519766055e-06
2010-08-19,1.0,0.002764351818522748,6.344152519766055e-06
2010-08-20,1.0,-0.001838257606269322,5.947938814809817e-06
2010-08-23,1.0,-0.0009201651377909181,6.344152519766055e-06
2010-08-24,1.0,0.004607967637450416,6.344152519766055e-06
2010-08-25,1.0,-0.001835159463510316,6.344152519766055e-06
2010-08-26,1.0,0.001838533465598591,6.344152519766055e-06
2010-08-27,1.0,-0.00550465233128028,5.947938814809817e-06
2010-08-30,1.0,0.003689803955716719,5.551685702931408e-06
2010-08-31,1.0,0.005529807152260036,5.551685702931408e-06
2010-09-01,1.0,-0.003666653018138732,5.155393176359269e-06
2010-09-02,1.0,-0.001839625973007575,5.551685702931408e-06
2010-09-03,1.0,-0.002765628088331806,5.551685702931408e-06
2010-09-07,1.0,0.003698260862349034,5.551685702931408e-06
2010-09-08,1.0,-0.001841662499861285,5.551685702931408e-06
2010-09-09,1.0,-0.004612616682179604,5.551685702931408e-06
2010-09-10,1.0,-0.00092704795559162,5.551685702931408e-06
2010-09-13,1.0,0.001855399866089069,5.947938814809817e-06
2010-09-14,1.0,0.002777183474247824,5.947938814809817e-06
2010-09-15,1.0,-0.001846627457298911,5.947938814809817e-06
2010-09-16,1.0,-0.0009245719692787535,6.344152519766055e-06
2010-09-17,1.0,0.0,6.344152519766055e-06
2010-09-20,1.0,0.000925427593691408,6.740326825349641e-06
2010-09-21,1.0,0.003700295258047159,6.740326825349641e-06
2010-09-22,1.0,0.0009224047598981322,6.344152519766055e-06
2010-09-23,1.0,0.000919763279982444,6.344152519766055e-06
2010-09-24,1.0,-0.002758888255732561,5.947938814809817e-06
2010-09-27,1.0,0.003689568729797088,6.344152519766055e-06
2010-09-28,1.0,0.0009194484987109508,6.344152519766055e-06
2010-09-29,1.0,-0.0009186038897436299,6.344152519766055e-06
2010-09-30,1.0,0.002672377164665285,6.344152519766055e-06
2010-10-01,1.0,0.0,6.344152519766055e-06
2010-10-04,1.0,0.001838042759169989,5.155393176359269e-06
2010-10-05,1.0,0.0,4.759061227099792e-06
2010-10-06,1.0,0.002752587791283068,5.155393176359269e-06
2010-10-07,1.0,0.0,5.155393176359269e-06
2010-10-08,1.0,0.0,4.759061227099792e-06
2010-10-11,1.0,0.0,4.759061227099792e-06
2010-10-12,1.0,-0.0009144416368703778,5.155393176359269e-06
2010-10-13,1.0,0.0,5.155393176359269e-06
2010-10-14,1.0,-0.002747475978976732,5.551685702931408e-06
2010-10-15,1.0,-0.002755456570155856,5.551685702931408e-06
2010-10-18,1.0,0.002763070089788711,5.947938814809817e-06
2010-10-19,1.0,0.001836354291588238,5.551685702931408e-06
2010-10-20,1.0,0.0,5.551685702931408e-06
2010-10-21,1.0,-0.001832988275701664,5.155393176359269e-06
2010-10-22,1.0,0.0,5.155393176359269e-06
2010-10-25,1.0,0.0,5.551685702931408e-06
2010-10-26,1.0,-0.002755456570155856,5.551685702931408e-06
2010-10-27,1.0,-0.001840878525587453,5.551685702931408e-06
2010-10-28,1.0,0.001844273609270086,5.155393176359269e-06
2010-10-29,1.0,0.005448283022927436,4.759061227099792e-06
2010-11-01,1.0,0.0,5.155393176359269e-06
2010-11-02,1.0,0.001836097492163624,5.155393176359269e-06
2010-11-03,1.0,0.0,5.155393176359269e-06
2010-11-04,1.0,0.002749542055666021,5.155393176359269e-06
2010-11-05,1.0,-0.002742002803640675,5.155393176359269e-06
2010-11-08,1.0,-0.0009164685385028015,5.155393176359269e-06
2010-11-09,1.0,-0.00550419675456626,5.155393176359269e-06
2010-11-10,1.0,0.0009226608610943821,5.155393176359269e-06
2010-11-11,1.0,0.0,5.155393176359269e-06
2010-11-12,1.0,-0.003687241371078676,5.155393176359269e-06
2010-11-15,1.0,-0.005549885280200839,5.551685702931408e-06
2010-11-16,1.0,0.002790325348944744,5.947938814809817e-06
2010-11-17,1.0,0.0,5.551685702931408e-06
2010-11-18,1.0,-0.0009279346225871121,5.947938814809817e-06
2010-11-19,1.0,0.0009287964850028807,5.551685702931408e-06
2010-11-22,1.0,0.002782768226441412,5.947938814809817e-06
2010-11-23,1.0,0.0009246710498231892,5.947938814809817e-06
2010-11-24,1.0,-0.005544551840156453,6.344152519766055e-06
2010-11-26,1.0,0.001858557603249933,6.344152519766055e-06
2010-11-29,1.0,0.0009280727080964724,7.136461739776223e-06
2010-11-30,1.0,0.003530883608658497,6.740326825349641e-06
2010-12-01,1.0,-0.007408026540908996,6.344152519766055e-06
2010-12-02,1.0,-0.0009332692733573511,6.344152519766055e-06
2010-12-03,1.0,0.0009341410785228543,5.551685702931408e-06
2010-12-06,1.0,0.003731484365575577,5.947938814809817e-06
2010-12-07,1.0,-0.007434948341507597,5.551685702931408e-06
2010-12-08,1.0,-0.004681806937256838,5.947938814809817e-06
2010-12-09,1.0,0.0,5.551685702931408e-06
2010-12-10,1.0,-0.002821208183556911,5.155393176359269e-06
2010-12-13,1.0,0.001885916512775143,5.947938814809817e-06
2010-12-14,1.0,-0.004708258003255694,5.947938814809817e-06
2010-12-15,1.0,-0.002838838052018122,5.551685702931408e-06
2010-12-16,1.0,0.001898557072677942,5.155393176359269e-06
2010-12-17,1.0,0.004735430109594319,4.362689847159373e-06
2010-12-20,1.0,0.0,5.551685702931408e-06
2010-12-21,1.0,0.001884069155581258,5.551685702931408e-06
2010-12-22,1.0,-0.00188052611433287,5.551685702931408e-06
2010-12-23,1.0,-0.00123113788107565,5.551685702931408e-06
2010-12-27,1.0,0.0009463481741658342,6.740326825349641e-06
2010-12-28,1.0,-0.005680839160095208,5.947938814809817e-06
2010-12-29,1.0,0.006666191790479337,5.155393176359269e-06
2010-12-30,1.0,-0.0009465861926231112,4.759061227099792e-06
2010-12-31,1.0,0.006553926119836406,4.759061227099792e-06
2011-01-03,1.0,-0.001887633780690345,5.947938814809817e-06
2011-01-04,1.0,0.0009454625148703766,5.551685702931408e-06
2011-01-05,1.0,-0.005665816029855941,5.551685702931408e-06
2011-01-06,1.0,0.001899273481522634,5.947938814809817e-06
2011-01-07,1.0,0.003791625603064785,5.551685702931408e-06
2011-01-10,1.0,0.0009448478475515554,5.947938814809817e-06
2011-01-11,1.0,-0.001887633780690345,5.947938814809817e-06
2011-01-12,1.0,-0.0009454625148703766,5.947938814809817e-06
2011-01-13,1.0,0.00283935069516339,5.947938814809817e-06
2011-01-14,1.0,-0.0009439559528013897,5.947938814809817e-06
2011-01-18,1.0,-0.0009445694598534393,6.344152519766055e-06
2011-01-19,1.0,0.0009454625148703766,6.344152519766055e-06
2011-01-20,1.0,-0.003777303482470074,6.344152519766055e-06
2011-01-21,1.0,0.0009466838365908004,6.344152519766055e-06
2011-01-24,1.0,0.0,6.344152519766055e-06
2011-01-25,1.0,0.002842251053342126,6.344152519766055e-06
2011-01-26,1.0,-0.002834195558031993,6.344152519766055e-06
2011-01-27,1.0,0.001894996889946432,5.947938814809817e-06
2011-01-28,1.0,0.001891203680643994,5.947938814809817e-06
2011-01-31,1.0,0.0008505755134515791,5.947938814809817e-06
2011-02-01,1.0,-0.002835366319630217,5.947938814809817e-06
2011-02-02,1.0,-0.0009483436278407975,6.344152519766055e-06
2011-02-03,1.0,-0.002844593400133211,5.551685702931408e-06
2011-02-04,1.0,-0.00380731746821672,5.947938814809817e-06
2011-02-07,1.0,0.0,6.344152519766055e-06
2011-02-08,1.0,-0.003819551868170734,5.947938814809817e-06
2011-02-09,1.0,0.002875013345482458,5.551685702931408e-06
2011-02-10,1.0,-0.002866771339622654,4.759061227099792e-06
2011-02-11,1.0,0.002875013345482458,4.759061227099792e-06
2011-02-14,1.0,0.0009564336765841563,5.155393176359269e-06
2011-02-15,1.0,0.0009555197852828545,5.155393176359269e-06
2011-02-16,1.0,0.0,4.759061227099792e-06
2011-02-17,1.0,0.001908093117412912,3.569828763927418e-06
2011-02-18,1.0,0.0,3.966279028766451e-06
2011-02-22,1.0,0.003809128468046374,4.759061227099792e-06
2011-02-23,1.0,0.0,4.759061227099792e-06
2011-02-24,1.0,0.0009492438371849765,5.155393176359269e-06
2011-02-25,1.0,0.0009466018859440872,5.155393176359269e-06
2011-02-28,1.0,0.003513460050279082,5.947938814809817e-06
2011-03-01,1.0,0.0009464184943976939,5.551685702931408e-06
2011-03-02,1.0,-0.002835254304280665,5.155393176359269e-06
2011-03-03,1.0,-0.003790416018744969,5.155393176359269e-06
2011-03-04,1.0,0.003804837937411598,4.759061227099792e-06
2011-03-07,1.0,-0.0009484900218140746,4.362689847159373e-06
2011-03-08,1.0,-0.001896694293056389,4.362689847159373e-06
2011-03-09,1.0,0.002851493213199552,3.966279028766451e-06
2011-03-10,1.0,0.004739809430571729,3.173339045314805e-06
2011-03-11,1.0,-0.0009436697493395707,3.173339045314805e-06
2011-03-14,1.0,0.0009445611030789447,3.569828763927418e-06
2011-03-15,1.0,0.000942978112173698,3.966279028766451e-06
2011-03-16,1.0,0.003770362826855278,3.966279028766451e-06
2011-03-17,1.0,-0.00187820355240953,3.173339045314805e-06
2011-03-18,1.0,0.0,2.77680986426887e-06
2011-03-21,1.0,-0.00282184810463737,3.966279028766451e-06
2011-03-22,1.0,-0.0009436697493395707,3.966279028766451e-06
2011-03-23,1.0,0.0,3.569828763927418e-06
2011-03-24,1.0,-0.001889399122341873,3.569828763927418e-06
2011-03-25,1.0,-0.001891519146992926,3.569828763927418e-06
2011-03-28,1.0,0.0,4.362689847159373e-06
2011-03-29,1.0,-0.001895868178997118,3.966279028766451e-06
2011-03-30,1.0,0.00189946932244256,3.966279028766451e-06
2011-03-31,1.0,0.001901080044455217,3.569828763927418e-06
2011-04-01,1.0,0.0,2.77680986426887e-06
2011-04-04,1.0,0.001897958314554193,2.380241213684187e-06
2011-04-05,1.0,-0.002842236622013994,2.77680986426887e-06
2011-04-06,1.0,-0.001898929359855583,2.380241213684187e-06
2011-04-07,1.0,0.0,1.586985470813929e-06
2011-04-08,1.0,-0.000951131961108298,1.586985470813929e-06
2011-04-11,1.0,0.0,1.98363308512306e-06
2011-04-12,1.0,0.003809681623741179,1.98363308512306e-06
2011-04-13,1.0,0.000948701718552547,2.380241213684187e-06
2011-04-14,1.0,-0.0009478025366571607,2.77680986426887e-06
2011-04-15,1.0,0.003795639190383948,2.77680986426887e-06
2011-04-18,1.0,0.001889676031254783,2.77680986426887e-06
2011-04-19,1.0,0.0009438835504531617,2.380241213684187e-06
2011-04-20,1.0,-0.001885229026284518,2.380241213684187e-06
2011-04-21,1.0,0.0,2.380241213684187e-06
2011-04-25,1.0,0.00188878982769225,2.77680986426887e-06
2011-04-26,1.0,0.001885229026284518,2.77680986426887e-06
2011-04-27,1.0,-0.0009417692401275657,2.380241213684187e-06
2011-04-28,1.0,0.001884419127029746,1.586985470813929e-06
2011-04-29,1.0,0.003674490693466037,1.586985470813929e-06
2011-05-02,1.0,0.0,1.98363308512306e-06
2011-05-03,1.0,0.001878233101344273,1.190298363207276e-06
2011-05-04,1.0,0.000937185157955156,1.190298363207276e-06
2011-05-05,1.0,0.002808991256827875,7.935717540874521e-07
2011-05-06,1.0,0.0,7.935717540874521e-07
2011-05-09,1.0,0.0,1.190298363207276e-06
2011-05-10,1.0,-0.002801122927016508,1.190298363207276e-06
2011-05-11,1.0,0.001873161439824855,1.190298363207276e-06
2011-05-12,1.0,-0.0009351021781734969,7.935717540874521e-07
2011-05-13,1.0,0.001870931824711874,1.190298363207276e-06
2011-05-16,1.0,0.0009341614602407233,1.586985470813929e-06
2011-05-17,1.0,0.001865491087638338,1.586985470813929e-06
2011-05-18,1.0,-0.002793569326007384,1.98363308512306e-06
2011-05-19,1.0,0.0,1.98363308512306e-06
2011-05-20,1.0,0.0009341614602407233,1.98363308512306e-06
2011-05-23,1.0,0.0009323374888967617,2.380241213684187e-06
2011-05-24,1.0,0.0,2.380241213684187e-06
2011-05-25,1.0,0.0,2.380241213684187e-06
2011-05-26,1.0,0.002796105781291081,1.98363308512306e-06
2011-05-27,1.0,-0.0009290073342185234,1.98363308512306e-06
2011-05-31,1.0,0.003637355525273556,2.380241213684187e-06
2011-06-01,1.0,0.003717154347352203,1.98363308512306e-06
2011-06-02,1.0,-0.003703388281501629,1.586985470813929e-06
2011-06-03,1.0,0.001858340666191616,1.586985470813929e-06
2011-06-06,1.0,-0.0009280875790923515,1.98363308512306e-06
2011-06-07,1.0,0.001856751766607934,1.98363308512306e-06
2011-06-08,1.0,0.000927565022206922,1.586985470813929e-06
2011-06-09,1.0,-0.002778298598429596,1.98363308512306e-06
2011-06-10,1.0,0.0009289497257944923,1.98363308512306e-06
2011-06-13,1.0,-0.0009280875790923515,1.98363308512306e-06
2011-06-14,1.0,-0.004641440595791635,1.98363308512306e-06
2011-06-15,1.0,0.004663084023278863,1.98363308512306e-06
2011-06-16,1.0,0.0009289497257944923,1.98363308512306e-06
2011-06-17,1.0,-0.0009280875790923515,1.586985470813929e-06
2011-06-20,1.0,0.0,1.190298363207276e-06
2011-06-21,1.0,-0.0009276670190510039,1.190298363207276e-06
2011-06-22,1.0,0.000928528384209315,7.935717540874521e-07
2011-06-23,1.0,0.001856751766607934,3.968056356828953e-07
2011-06-24,1.0,0.000927565022206922,7.935717540874521e-07
2011-06-27,1.0,-0.002778298598429596,7.935717540874521e-07
2011-06-28,1.0,-0.004641440595791635,1.190298363207276e-06
2011-06-29,1.0,-0.001865681258866547,7.935717540874521e-07
2011-06-30,1.0,0.001686172535800612,1.190298363207276e-06
2011-07-01,1.0,-0.00093616551894804,7.935717540874521e-07
2011-07-05,1.0,0.002809906008501395,7.935717540874521e-07
2011-07-06,1.0,0.0009336722965298527,3.968056356828953e-07
2011-07-07,1.0,-0.001865805676146026,1.190298363207276e-06
2011-07-08,1.0,0.004672928549968258,1.190298363207276e-06
2011-07-11,1.0,0.003720388423392507,1.190298363207276e-06
2011-07-12,1.0,0.0,1.190298363207276e-06
2011-07-13,1.0,0.0009270864704720161,3.968056356828953e-07
2011-07-14,1.0,-0.002777608977305279,3.968056356828953e-07
2011-07-15,1.0,0.0009275956264835905,7.935717540874521e-07
2011-07-18,1.0,-0.0009267359902321859,7.935717540874521e-07
2011-07-19,1.0,0.001856537936513192,1.190298363207276e-06
2011-07-20,1.0,-0.001853097590536312,7.935717540874521e-07
2011-07-21,1.0,-0.001856941941576928,1.98363308512306e-06
2011-07-22,1.0,0.001860396590033009,1.98363308512306e-06
2011-07-25,1.0,-0.001856941941576928,1.98363308512306e-06
2011-07-26,1.0,0.001860396590033009,2.77680986426887e-06
2011-07-27,1.0,-0.001856941941576928,3.173339045314805e-06
2011-07-28,1.0,0.001860396590033009,2.77680986426887e-06
2011-07-29,1.0,0.008192616686257592,3.966279028766451e-06
2011-08-01,1.0,0.002769190080525119,3.966279028766451e-06
2011-08-02,1.0,0.005525616585055237,2.380241213684187e-06
2011-08-03,1.0,0.0,7.935717540874521e-07
2011-08-04,1.0,0.006409449258040878,7.935717540874521e-07
2011-08-05,1.0,-0.007279045249152571,3.968056356828953e-07
2011-08-08,1.0,0.004583532114823763,1.98363308512306e-06
2011-08-09,1.0,0.002736344017897796,1.190298363207276e-06
2011-08-10,1.0,0.006369814513639271,7.935717540874521e-07
2011-08-11,1.0,-0.009945950371811452,1.190298363207276e-06
2011-08-12,1.0,0.003652783986962227,7.935717540874521e-07
2011-08-15,1.0,-0.001819185433248327,7.935717540874521e-07
2011-08-16,1.0,0.002735037077056912,1.190298363207276e-06
2011-08-17,1.0,0.002726985259011272,3.968056356828953e-07
2011-08-18,1.0,0.001813046022895781,3.968056356828953e-07
2011-08-19,1.0,-0.0009046205885754333,7.935717540874521e-07
2011-08-22,1.0,-0.0009059638008889204,3.968056356828953e-07
2011-08-23,1.0,-0.003627141262240174,3.968056356828953e-07
2011-08-24,1.0,-0.006368629848185758,7.935717540874521e-07
2011-08-25,1.0,0.001830977883141127,3.968056356828953e-07
2011-08-26,1.0,0.001828755494200252,3.968056356828953e-07
2011-08-29,1.0,-0.002738389857913082,7.935717540874521e-07
2011-08-30,1.0,0.003660594660677585,3.968056356828953e-07
2011-08-31,1.0,0.001736785797033846,7.935717540874521e-07
2011-09-01,1.0,0.003649542551657392,7.935717540874521e-07
2011-09-02,1.0,0.004545225011820975,7.935717540874521e-07
2011-09-06,1.0,0.0009049057696117746,7.935717540874521e-07
2011-09-07,1.0,-0.003616546297754319,7.935717540874521e-07
2011-09-08,1.0,0.001815196630590821,7.935717540874521e-07
2011-09-09,1.0,0.00181118888430043,3.968056356828953e-07
2011-09-12,1.0,-0.001807914409817646,3.968056356828953e-07
2011-09-13,1.0,-0.001811907661907974,3.968056356828953e-07
2011-09-14,1.0,0.0,3.968056356828953e-07
2011-09-15,1.0,-0.002722762214871111,3.968056356828953e-07
2011-09-16,1.0,0.0009105685421411103,3.968056356828953e-07
2011-09-19,1.0,0.00363646856602462,3.968056356828953e-07
2011-09-20,1.0,0.0,3.968056356828953e-07
2011-09-21,1.0,0.003622965859370497,3.968056356828953e-07
2011-09-22,1.0,0.0045122127089261,0.0
2011-09-23,1.0,-0.005389697734239918,3.968056356828953e-07
2011-09-26,1.0,-0.003613992873673699,7.935717540874521e-07
2011-09-27,1.0,-0.003627101191531978,3.968056356828953e-07
2011-09-28,1.0,0.0,7.935717540874521e-07
2011-09-29,1.0,0.0,7.935717540874521e-07
2011-09-30,1.0,0.006204035882386938,7.935717540874521e-07
2011-10-03,1.0,0.003627253603034619,7.935717540874521e-07
2011-10-04,1.0,-0.003614144185515977,3.968056356828953e-07
2011-10-05,1.0,-0.001813496329462261,0.0
2011-10-06,1.0,-0.00454083397892735,3.968056356828953e-07
2011-10-07,1.0,-0.00182593193630598,3.968056356828953e-07
2011-10-10,1.0,-0.003656044760206201,3.968056356828953e-07
2011-10-11,1.0,0.0009172000827024629,7.935717540874521e-07
2011-10-12,1.0,-0.000916359597603722,7.935717540874521e-07
2011-10-13,1.0,0.001835522405321921,7.935717540874521e-07
2011-10-14,1.0,-0.001832159435627756,7.935717540874521e-07
2011-10-17,1.0,0.003669460471937391,1.586985470813929e-06
2011-10-18,1.0,-0.0009141098491948219,1.586985470813929e-06
2011-10-19,1.0,0.0009149462105373374,1.190298363207276e-06
2011-10-20,1.0,-0.0009141098491948219,1.190298363207276e-06
2011-10-21,1.0,-0.0009139587164260776,7.935717540874521e-07
2011-10-24,1.0,0.0,7.935717540874521e-07
2011-10-25,1.0,0.005493710793978979,3.968056356828953e-07
2011-10-26,1.0,-0.002731749117628968,7.935717540874521e-07
2011-10-27,1.0,-0.004566569514887542,7.935717540874521e-07
2011-10-28,1.0,0.003669460471937391,3.968056356828953e-07
2011-10-31,1.0,0.009898406076035204,3.968056356828953e-07
2011-11-01,1.0,0.005444122827424458,3.968056356828953e-07
2011-11-02,1.0,-0.001805486182845373,3.968056356828953e-07
2011-11-03,1.0,-0.002712057060855089,3.968056356828953e-07
2011-11-04,1.0,0.0009064774388234387,3.968056356828953e-07
2011-11-07,1.0,0.000906111552746669,3.968056356828953e-07
2011-11-08,1.0,-0.00361973610285693,3.968056356828953e-07
2011-11-09,1.0,0.00272430611417418,3.968056356828953e-07
2011-11-10,1.0,-0.002716904434810763,3.968056356828953e-07
2011-11-11,1.0,-0.001817616466824212,3.968056356828953e-07
2011-11-14,1.0,0.001820926212292573,3.968056356828953e-07
2011-11-15,1.0,-0.0009091667633610578,3.968056356828953e-07
2011-11-16,1.0,0.001819270487084745,3.968056356828953e-07
2011-11-17,1.0,0.0,7.935717540874521e-07
2011-11-18,1.0,-0.001815966752366505,3.968056356828953e-07
2011-11-21,1.0,0.0009099940997514544,7.935717540874521e-07
2011-11-22,1.0,0.0009084497034630434,7.935717540874521e-07
2011-11-23,1.0,0.0009069087625688255,7.935717540874521e-07
2011-11-25,1.0,-0.003627211137016584,7.935717540874521e-07
2011-11-28,1.0,0.0009101039233407882,1.190298363207276e-06
2011-11-29,1.0,-0.001817574075914319,7.935717540874521e-07
2011-11-30,1.0,0.000638619859469669,3.968056356828953e-07
2011-12-01,1.0,-0.0009120491213117088,3.968056356828953e-07
2011-12-02,1.0,0.003652507606693778,7.935717540874521e-07
2011-12-05,1.0,0.0,3.968056356828953e-07
2011-12-06,1.0,-0.000909494395772481,3.968056356828953e-07
2011-12-07,1.0,0.00182090547631808,7.935717540874521e-07
2011-12-08,1.0,0.001819418218342195,3.968056356828953e-07
2011-12-09,1.0,-0.003630408792605788,3.968056356828953e-07
2011-12-12,1.0,0.00182090547631808,3.968056356828953e-07
2011-12-13,1.0,0.001819418218342195,3.968056356828953e-07
2011-12-14,1.0,0.002721767107326967,3.968056356828953e-07
2011-12-15,1.0,-0.0009052682048192873,0.0
2011-12-16,1.0,0.001811333861820197,0.0
2011-12-19,1.0,0.00180877092714371,3.968056356828953e-07
2011-12-20,1.0,-0.004512729095843326,3.968056356828953e-07
2011-12-21,1.0,-0.002720340082104755,3.968056356828953e-07
2011-12-22,1.0,0.001005971524028704,3.968056356828953e-07
2011-12-23,1.0,-0.00273815341617667,3.968056356828953e-07
2011-12-27,1.0,0.0009152672948224971,7.935717540874521e-07
2011-12-28,1.0,0.00365615803503383,3.968056356828953e-07
2011-12-29,1.0,0.0009109045168274044,7.935717540874521e-07
2011-12-30,1.0,0.003374963371648665,7.935717540874521e-07
2012-01-03,1.0,-0.001817970905098276,7.935717540874521e-07
2012-01-04,1.0,-0.0009105438570208291,7.935717540874521e-07
2012-01-05,1.0,-0.0009113737027472979,7.935717540874521e-07
2012-01-06,1.0,0.001824410124905418,7.935717540874521e-07
2012-01-09,1.0,0.000910673342779722,3.968056356828953e-07
2012-01-10,1.0,-0.0009098447714003255,7.935717540874521e-07
2012-01-11,1.0,0.002732149514098392,7.935717540874521e-07
2012-01-12,1.0,0.0,1.190298363207276e-06
2012-01-13,1.0,0.001816513185700641,1.190298363207276e-06
2012-01-17,1.0,0.000906351926727833,1.190298363207276e-06
2012-01-18,1.0,-0.002717108718669037,1.190298363207276e-06
2012-01-19,1.0,-0.001816513185700974,1.98363308512306e-06
2012-01-20,1.0,-0.00181956017485374,1.98363308512306e-06
2012-01-23,1.0,-0.0009113737027472979,1.586985470813929e-06
2012-01-24,1.0,0.0,1.586985470813929e-06
2012-01-25,1.0,0.001824410124905418,1.586985470813929e-06
2012-01-26,1.0,0.003642822856877892,1.98363308512306e-06
2012-01-27,1.0,0.0009074969778053443,2.380241213684187e-06
2012-01-30,1.0,0.00181321944866375,1.98363308512306e-06
2012-01-31,1.0,0.004172364940142836,2.380241213684187e-06
2012-02-01,1.0,-0.0009029384129887186,2.380241213684187e-06
2012-02-02,1.0,0.000903754447595384,3.173339045314805e-06
2012-02-03,1.0,-0.003613355288135001,3.173339045314805e-06
2012-02-06,1.0,0.001813390230865686,3.173339045314805e-06
2012-02-07,1.0,-0.00271506542651101,3.173339045314805e-06
2012-02-08,1.0,0.0,3.569828763927418e-06
2012-02-09,1.0,-0.0009074856918640517,3.569828763927418e-06
2012-02-10,1.0,0.001816555525752994,3.569828763927418e-06
2012-02-13,1.0,0.0,4.362689847159373e-06
2012-02-14,1.0,0.0009067272643217272,4.759061227099792e-06
2012-02-15,1.0,0.0,4.362689847159373e-06
2012-02-16,1.0,-0.001811683230508288,3.966279028766451e-06
2012-02-17,1.0,-0.0009074856918640517,3.569828763927418e-06
2012-02-21,1.0,-0.001816877598645128,3.173339045314805e-06
2012-02-22,1.0,0.002730147913395653,3.569828763927418e-06
2012-02-23,1.0,0.0,3.569828763927418e-06
2012-02-24,1.0,0.0009074213357409544,3.966279028766451e-06
2012-02-27,1.0,0.001813390230865686,4.759061227099792e-06
2012-02-28,1.0,0.0,3.966279028766451e-06
2012-02-29,1.0,0.001360132059632146,3.173339045314805e-06
2012-03-01,1.0,-0.001810853868265405,3.173339045314805e-06
2012-03-02,1.0,0.002721882723518698,2.77680986426887e-06
2012-03-05,1.0,-0.00181011104580131,3.173339045314805e-06
2012-03-06,1.0,0.001813393489386916,3.173339045314805e-06
2012-03-07,1.0,-0.00181011104580131,3.173339045314805e-06
2012-03-08,1.0,-0.00181332933707179,3.173339045314805e-06
2012-03-09,1.0,0.0,3.569828763927418e-06
2012-03-12,1.0,0.0,3.569828763927418e-06
2012-03-13,1.0,-0.003632411452298756,3.173339045314805e-06
2012-03-14,1.0,-0.005469674259698909,3.569828763927418e-06
2012-03-15,1.0,0.0009163774003912994,3.173339045314805e-06
2012-03-16,1.0,0.0,3.569828763927418e-06
2012-03-19,1.0,-0.002746809660605365,3.966279028766451e-06
2012-03-20,1.0,0.0,3.966279028766451e-06
2012-03-21,1.0,0.002754375405578324,3.569828763927418e-06
2012-03-22,1.0,0.0009159272128487217,3.173339045314805e-06
2012-03-23,1.0,0.001829854419592047,3.173339045314805e-06
2012-03-26,1.0,-0.0009138053624949682,3.569828763927418e-06
2012-03-27,1.0,0.002743017978219298,3.569828763927418e-06
2012-03-28,1.0,-0.0009119456429310668,3.569828763927418e-06
2012-03-29,1.0,0.001825297845648777,2.77680986426887e-06
2012-03-30,1.0,-0.0003661086619015652,2.77680986426887e-06
2012-04-02,1.0,0.0009144786762398383,3.173339045314805e-06
2012-04-03,1.0,-0.003653413312267206,3.173339045314805e-06
2012-04-04,1.0,0.001833534132353432,3.173339045314805e-06
2012-04-05,1.0,0.001829920329841306,3.173339045314805e-06
2012-04-09,1.0,0.005478574149856197,3.569828763927418e-06
2012-04-10,1.0,0.0009089212132051827,3.569828763927418e-06
2012-04-11,1.0,-0.001814463651622966,3.569828763927418e-06
2012-04-12,1.0,-0.0009089130154343872,3.569828763927418e-06
2012-04-13,1.0,0.002729155494929136,3.569828763927418e-06
2012-04-16,1.0,0.0,3.173339045314805e-06
2012-04-17,1.0,0.0,3.173339045314805e-06
2012-04-18,1.0,0.0,2.77680986426887e-06
2012-04-19,1.0,0.0009070078258544001,2.77680986426887e-06
2012-04-20,1.0,0.0,3.173339045314805e-06
2012-04-23,1.0,0.000907017154037959,3.173339045314805e-06
2012-04-24,1.0,-0.001811559946235164,3.569828763927418e-06
2012-04-25,1.0,0.0,3.569828763927418e-06
2012-04-26,1.0,0.0009070078258544001,3.569828763927418e-06
2012-04-27,1.0,0.0,3.569828763927418e-06
2012-04-30,1.0,0.003181178035286392,3.966279028766451e-06
2012-05-01,1.0,-0.0009061805760317565,3.569828763927418e-06
2012-05-02,1.0,0.0009070024840651669,3.173339045314805e-06
2012-05-03,1.0,0.0009050332699638286,3.569828763927418e-06
2012-05-04,1.0,0.001810531343283683,2.77680986426887e-06
2012-05-07,1.0,0.0,3.966279028766451e-06
2012-05-08,1.0,0.0,3.569828763927418e-06
2012-05-09,1.0,0.0,3.569828763927418e-06
2012-05-10,1.0,-0.0009036614051400882,3.966279028766451e-06
2012-05-11,1.0,0.0009044787476761851,3.966279028766451e-06
2012-05-14,1.0,0.00180662357874839,3.966279028766451e-06
2012-05-15,1.0,-0.0009014607064464775,3.569828763927418e-06
2012-05-16,1.0,0.0,3.966279028766451e-06
2012-05-17,1.0,0.001804992705977559,3.966279028766451e-06
2012-05-18,1.0,-0.0009010921701151364,3.173339045314805e-06
2012-05-21,1.0,-0.001803365575977711,3.569828763927418e-06
2012-05-22,1.0,-0.0009036614051400882,3.569828763927418e-06
2012-05-23,1.0,0.0,3.569828763927418e-06
2012-05-24,1.0,-0.0009044151236786702,3.966279028766451e-06
2012-05-25,1.0,0.0009052338308457308,3.569828763927418e-06
2012-05-29,1.0,-0.0009044151236786702,3.569828763927418e-06
2012-05-30,1.0,0.004525596019900435,2.77680986426887e-06
2012-05-31,1.0,0.00406239533932351,2.77680986426887e-06
2012-06-01,1.0,0.003597677827480217,2.77680986426887e-06
2012-06-04,1.0,-0.002688286874074852,3.173339045314805e-06
2012-06-05,1.0,-0.001797064214766664,3.173339045314805e-06
2012-06-06,1.0,-0.003599966986926328,3.569828763927418e-06
2012-06-07,1.0,0.001806042822926957,3.569828763927418e-06
2012-06-08,1.0,-0.0009012668382931688,3.569828763927418e-06
2012-06-11,1.0,0.001805553760182654,3.569828763927418e-06
2012-06-12,1.0,-0.001802299611342373,3.966279028766451e-06
2012-06-13,1.0,0.001805553760182654,3.966279028766451e-06
2012-06-14,1.0,-0.0009018455765607003,4.362689847159373e-06
2012-06-15,1.0,0.001803673238477854,3.569828763927418e-06
2012-06-18,1.0,0.0008997705641937692,3.966279028766451e-06
2012-06-19,1.0,-0.001797544580620869,3.569828763927418e-06
2012-06-20,1.0,-0.0009018455765607003,3.569828763927418e-06
2012-06-21,1.0,0.001803673238477854,3.569828763927418e-06
2012-06-22,1.0,-0.002700070032710999,3.569828763927418e-06
2012-06-25,1.0,0.002707380148717631,3.966279028766451e-06
2012-06-26,1.0,-0.0008993913941287568,3.966279028766451e-06
2012-06-27,1.0,0.0009002010271854655,3.569828763927418e-06
2012-06-28,1.0,0.0008997705641937692,3.569828763927418e-06
2012-06-29,1.0,0.0003613399239512649,3.569828763927418e-06
2012-07-02,1.0,0.002702285629350376,3.966279028766451e-06
2012-07-03,1.0,-0.0008987959193821338,3.569828763927418e-06
2012-07-05,1.0,0.0008996044802180858,3.173339045314805e-06
2012-07-06,1.0,0.001796836495180587,3.173339045314805e-06
2012-07-09,1.0,0.001793613664689664,3.569828763927418e-06
2012-07-10,1.0,0.0,3.569828763927418e-06
2012-07-11,1.0,0.0,3.966279028766451e-06
2012-07-12,1.0,0.00179046509442915,3.966279028766451e-06
2012-07-13,1.0,-0.0008932881864264219,3.966279028766451e-06
2012-07-16,1.0,0.001789427002989674,3.966279028766451e-06
2012-07-17,1.0,-0.0008937408553102433,3.966279028766451e-06
2012-07-18,1.0,0.0008945403425610898,3.569828763927418e-06
2012-07-19,1.0,0.0,3.569828763927418e-06
2012-07-20,1.0,0.001785167292112311,3.569828763927418e-06
2012-07-23,1.0,0.0008911491753249567,3.966279028766451e-06
2012-07-24,1.0,0.0008908548138724104,3.966279028766451e-06
2012-07-25,1.0,0.0008900618979461594,3.966279028766451e-06
2012-07-26,1.0,-0.0017785407845059,4.362689847159373e-06
2012-07-27,1.0,-0.003562109174881312,4.362689847159373e-06
2012-07-30,1.0,0.001787640705567473,4.362689847159373e-06
2012-07-31,1.0,0.003933316176074397,4.362689847159373e-06
2012-08-01,1.0,-0.001781007759055875,3.966279028766451e-06
2012-08-02,1.0,0.0008924668773555577,3.569828763927418e-06
2012-08-03,1.0,-0.002674016364229925,3.569828763927418e-06
2012-08-06,1.0,0.0008939993526471124,3.966279028766451e-06
2012-08-07,1.0,-0.002679227987358868,4.362689847159373e-06
2012-08-08,1.0,-0.0008948493216562881,4.362689847159373e-06
2012-08-09,1.0,-0.0008966530611017598,4.362689847159373e-06
2012-08-10,1.0,0.0008974577693579011,3.966279028766451e-06
2012-08-13,1.0,0.0,4.362689847159373e-06
2012-08-14,1.0,-0.002687516157639291,4.362689847159373e-06
2012-08-15,1.0,-0.002695135227211876,3.569828763927418e-06
2012-08-16,1.0,-0.001802557110628378,3.569828763927418e-06
2012-08-17,1.0,0.0009019281387572242,3.569828763927418e-06
2012-08-20,1.0,0.0009030695476388573,4.362689847159373e-06
2012-08-21,1.0,0.0,4.362689847159373e-06
2012-08-22,1.0,0.004502960354135332,4.362689847159373e-06
2012-08-23,1.0,0.0008974577693579011,4.362689847159373e-06
2012-08-24,1.0,-0.0008966530611017598,3.966279028766451e-06
2012-08-27,1.0,0.001793912372283657,4.362689847159373e-06
2012-08-28,1.0,0.0,3.966279028766451e-06
2012-08-29,1.0,-0.0008948493216562881,4.759061227099792e-06
2012-08-30,1.0,0.001792241213579793,3.966279028766451e-06
2012-08-31,1.0,0.004749999718616671,3.569828763927418e-06
2012-09-04,1.0,0.0,3.966279028766451e-06
2012-09-05,1.0,-0.0008915643425543296,4.362689847159373e-06
2012-09-06,1.0,-0.002679073081824912,4.362689847159373e-06
2012-09-07,1.0,0.0,4.362689847159373e-06
2012-09-10,1.0,0.0,3.966279028766451e-06
2012-09-11,1.0,-0.001790888167858995,3.966279028766451e-06
2012-09-12,1.0,-0.000896237205281647,3.966279028766451e-06
2012-09-13,1.0,0.0008970411669499967,3.966279028766451e-06
2012-09-14,1.0,-0.003587639284672095,4.362689847159373e-06
2012-09-17,1.0,0.00180150287876879,4.362689847159373e-06
2012-09-18,1.0,0.0008979720474076025,3.966279028766451e-06
2012-09-19,1.0,0.0008970411669499967,4.362689847159373e-06
2012-09-20,1.0,0.0,4.362689847159373e-06
2012-09-21,1.0,0.000897613721514201,4.362689847159373e-06
2012-09-24,1.0,0.001792242185617798,4.362689847159373e-06
2012-09-25,1.0,0.001788910998245852,4.362689847159373e-06
2012-09-26,1.0,0.0008923599388566128,4.362689847159373e-06
2012-09-27,1.0,-0.0008915643425543296,3.569828763927418e-06
2012-09-28,1.0,0.001968411728870967,3.966279028766451e-06
2012-10-01,1.0,0.0008925340400993687,3.569828763927418e-06
2012-10-02,1.0,0.0,3.569828763927418e-06
2012-10-03,1.0,0.0,3.569828763927418e-06
2012-10-04,1.0,-0.00178422160770253,3.966279028766451e-06
2012-10-05,1.0,-0.001788157417586533,4.362689847159373e-06
2012-10-08,1.0,0.0,4.362689847159373e-06
2012-10-09,1.0,0.0,3.966279028766451e-06
2012-10-10,1.0,0.000895867328855493,3.966279028766451e-06
2012-10-11,1.0,0.0008946917984176128,3.966279028766451e-06
2012-10-12,1.0,0.0008940787087932112,4.362689847159373e-06
2012-10-15,1.0,0.0,4.362689847159373e-06
2012-10-16,1.0,-0.001786373590740187,3.569828763927418e-06
2012-10-17,1.0,-0.00268332805419913,4.362689847159373e-06
2012-10-18,1.0,-0.000896786779435832,3.966279028766451e-06
2012-10-19,1.0,0.002692275167210045,3.966279028766451e-06
2012-10-22,1.0,-0.001789864631280058,3.966279028766451e-06
2012-10-23,1.0,0.00269054767625998,4.362689847159373e-06
2012-10-24,1.0,-0.001788760812623802,4.362689847159373e-06
2012-10-25,1.0,-0.001792153381626527,4.362689847159373e-06
2012-10-26,1.0,0.002692275167210045,4.759061227099792e-06
2012-10-31,1.0,0.003858176198129115,4.362689847159373e-06
2012-11-01,1.0,-0.000893355618686531,3.569828763927418e-06
2012-11-02,1.0,0.0,3.569828763927418e-06
2012-11-05,1.0,0.0008941544165586013,4.362689847159373e-06
2012-11-06,1.0,-0.002680687802482429,3.966279028766451e-06
2012-11-07,1.0,0.003584397206747747,3.966279028766451e-06
2012-11-08,1.0,0.001785673517114672,3.966279028766451e-06
2012-11-09,1.0,-0.0008912143211594614,3.569828763927418e-06
2012-11-12,1.0,0.0,3.569828763927418e-06
2012-11-13,1.0,0.0008920092926156808,4.362689847159373e-06
2012-11-14,1.0,-0.0008912143211594614,3.966279028766451e-06
2012-11-15,1.0,0.0,3.173339045314805e-06
2012-11-16,1.0,0.0,2.380241213684187e-06
2012-11-19,1.0,-0.001784576439698426,3.569828763927418e-06
2012-11-20,1.0,-0.001787704751649688,3.173339045314805e-06
2012-11-21,1.0,0.0,3.966279028766451e-06
2012-11-23,1.0,-0.0008945822998609465,3.966279028766451e-06
2012-11-26,1.0,0.0008953832939071482,3.966279028766451e-06
2012-11-27,1.0,0.0008959508285166784,3.966279028766451e-06
2012-11-28,1.0,0.0,3.966279028766451e-06
2012-11-29,1.0,0.0008941544165586013,3.569828763927418e-06
2012-11-30,1.0,0.001969952526783114,3.173339045314805e-06
2012-12-03,1.0,0.0,3.966279028766451e-06
2012-12-04,1.0,0.0008933344422290546,3.966279028766451e-06
2012-12-05,1.0,0.0,3.966279028766451e-06
2012-12-06,1.0,0.0,3.966279028766451e-06
2012-12-07,1.0,-0.0008925371080893418,3.569828763927418e-06
2012-12-10,1.0,0.0,3.569828763927418e-06
2012-12-11,1.0,-0.0008936443050254761,3.173339045314805e-06
2012-12-12,1.0,-0.001789011294924814,2.77680986426887e-06
2012-12-13,1.0,-0.0008958602395887638,2.380241213684187e-06
2012-12-14,1.0,0.0008966635247888988,1.586985470813929e-06
2012-12-17,1.0,-0.002686959327186988,1.98363308512306e-06
2012-12-18,1.0,-0.001798416927051072,2.380241213684187e-06
2012-12-19,1.0,0.0009000170840332,1.98363308512306e-06
2012-12-20,1.0,0.0,2.380241213684187e-06
2012-12-21,1.0,0.001446440480477262,2.380241213684187e-06
2012-12-24,1.0,0.0,2.380241213684187e-06
2012-12-26,1.0,0.0009025794567585343,3.569828763927418e-06
2012-12-27,1.0,0.000902636572310378,3.173339045314805e-06
2012-12-28,1.0,0.0008993983001128747,3.968056356828953e-07
2012-12-31,1.0,9.147993859848214e-05,1.98363308512306e-06
2013-01-02,1.0,-0.00270570795021452,3.173339045314805e-06
2013-01-03,1.0,-0.001808117950212851,3.173339045314805e-06
2013-01-04,0.0,0.0,2.77680986426887e-06
2013-01-07,0.0,0.0009056342012587759,2.77680986426887e-06
2013-01-08,0.0,0.0009049394173599179,2.77680986426887e-06
2013-01-09,1.0,-0.0009041212424096834,2.380241213684187e-06
2013-01-10,0.0,-0.0009048147700572162,2.380241213684187e-06
2013-01-11,0.0,0.001811393162705288,2.77680986426887e-06
2013-01-14,1.0,0.0,3.173339045314805e-06
2013-01-15,1.0,0.0,3.569828763927418e-06
2013-01-16,1.0,0.0009046816481381725,3.173339045314805e-06
2013-01-17,1.0,-0.002710347596620255,2.77680986426887e-06
2013-01-18,0.0,0.0009056342012587759,3.173339045314805e-06
2013-01-22,1.0,0.0009049394173599179,3.173339045314805e-06
2013-01-23,1.0,0.0,3.173339045314805e-06
2013-01-24,1.0,-0.0009041212424096834,3.173339045314805e-06
2013-01-25,1.0,-0.003619446051182806,3.173339045314805e-06
2013-01-28,0.0,-0.0009086645452192066,2.77680986426887e-06
2013-01-29,0.0,-0.000908739684176818,2.77680986426887e-06
2013-01-30,0.0,0.0,2.77680986426887e-06
2013-01-31,0.0,0.001914444250325609,2.77680986426887e-06
2013-02-01,0.0,-0.0009110180078977237,2.380241213684187e-06
2013-02-04,0.0,0.001822320211146256,2.77680986426887e-06
2013-02-05,0.0,-0.0009088153400831356,2.77680986426887e-06
2013-02-06,0.0,0.0009096420367200597,2.77680986426887e-06
2013-02-07,0.0,0.0,2.77680986426887e-06
2013-02-08,0.0,0.0,2.77680986426887e-06
2013-02-11,1.0,0.0,3.569828763927418e-06
2013-02-12,1.0,-0.0009088153400831356,3.569828763927418e-06
2013-02-13,0.0,-0.001820284779751158,3.966279028766451e-06
2013-02-14,0.0,0.001823604258827771,4.362689847159373e-06
2013-02-15,0.0,0.0,3.966279028766451e-06
2013-02-19,0.0,-0.0009110180078977237,4.759061227099792e-06
2013-02-20,0.0,0.0,4.759061227099792e-06
2013-02-21,0.0,0.0009118487185006963,5.155393176359269e-06
2013-02-22,1.0,0.0,5.155393176359269e-06
2013-02-25,1.0,0.004549273434055756,4.759061227099792e-06
2013-02-26,1.0,-0.0009064564805008057,5.551685702931408e-06
2013-02-27,1.0,-0.000906344128471015,4.362689847159373e-06
2013-02-28,1.0,0.002727985888024698,4.362689847159373e-06
2013-03-01,1.0,0.0009058180052259335,4.362689847159373e-06
2013-03-04,1.0,-0.0009049982415241242,4.362689847159373e-06
2013-03-05,1.0,0.0,3.173339045314805e-06
2013-03-06,1.0,-0.001814248588135059,3.966279028766451e-06
2013-03-07,1.0,-0.00272420031493914,3.966279028766451e-06
2013-03-08,0.0,-0.002732266729720711,3.966279028766451e-06
2013-03-11,0.0,0.0009131881626902594,3.966279028766451e-06
2013-03-12,0.0,0.0009128558233058026,3.966279028766451e-06
2013-03-13,0.0,0.0,3.569828763927418e-06
2013-03-14,0.0,0.0,3.966279028766451e-06
2013-03-15,0.0,0.0009112101996000543,3.569828763927418e-06
2013-03-18,1.0,0.001821448665628944,2.77680986426887e-06
2013-03-19,1.0,0.0009085383329763275,2.77680986426887e-06
2013-03-20,1.0,-0.001815925818994035,2.77680986426887e-06
2013-03-21,1.0,0.0009098644249565524,2.77680986426887e-06
2013-03-22,1.0,0.0,2.77680986426887e-06
2013-03-25,1.0,0.0,3.173339045314805e-06
2013-03-26,1.0,0.0,2.77680986426887e-06
2013-03-27,1.0,0.001818261770190288,3.569828763927418e-06
2013-03-28,1.0,0.001730972009083009,2.77680986426887e-06
2013-04-01,1.0,0.0009082434796099381,3.173339045314805e-06
2013-04-02,1.0,-0.0009074193219275051,2.77680986426887e-06
2013-04-03,1.0,0.001816859877913801,2.380241213684187e-06
2013-04-04,1.0,0.002722270579264885,2.77680986426887e-06
2013-04-05,1.0,0.002715746148980624,2.77680986426887e-06
2013-04-08,1.0,-0.001805285376022203,2.77680986426887e-06
2013-04-09,1.0,0.0,2.380241213684187e-06
2013-04-10,1.0,-0.002712114604366822,2.77680986426887e-06
2013-04-11,1.0,0.0009058975448781315,2.77680986426887e-06
2013-04-12,1.0,0.002718329311522938,2.380241213684187e-06
2013-04-15,1.0,0.0009029945686307439,2.380241213684187e-06
2013-04-16,1.0,-0.0009021799050764612,2.380241213684187e-06
2013-04-17,1.0,0.0,2.380241213684187e-06
2013-04-18,1.0,0.0009029945686307439,1.98363308512306e-06
2013-04-19,1.0,-0.0009021799050764612,1.98363308512306e-06
2013-04-22,1.0,0.0009029945686307439,1.98363308512306e-06
2013-04-23,1.0,-0.0009021799050764612,1.98363308512306e-06
2013-04-24,1.0,0.0,2.380241213684187e-06
2013-04-25,1.0,0.0,1.98363308512306e-06
2013-04-26,1.0,0.001805742096821161,1.98363308512306e-06
2013-04-29,1.0,0.0,1.98363308512306e-06
2013-04-30,1.0,0.0009042644254619869,1.98363308512306e-06
2013-05-01,1.0,0.002706092486831624,2.380241213684187e-06
2013-05-02,1.0,-0.0008991664497274288,1.98363308512306e-06
2013-05-03,1.0,-0.004504243620796822,1.98363308512306e-06
2013-05-06,1.0,0.0,1.586985470813929e-06
2013-05-07,1.0,-0.0009054682164968408,1.586985470813929e-06
2013-05-08,1.0,0.0,1.586985470813929e-06
2013-05-09,1.0,-0.0009060415670136823,1.586985470813929e-06
2013-05-10,1.0,-0.002719414093472428,1.586985470813929e-06
2013-05-13,1.0,-0.0009090879198389024,1.98363308512306e-06
2013-05-14,0.0,-0.001819892322882266,1.98363308512306e-06
2013-05-15,0.0,0.0009110763933668498,1.586985470813929e-06
2013-05-16,0.0,0.001822048030466483,1.190298363207276e-06
2013-05-17,1.0,-0.002727325800595093,1.586985470813929e-06
2013-05-20,0.0,-0.0009113874471029515,1.98363308512306e-06
2013-05-21,0.0,0.001824126326305464,1.586985470813929e-06
2013-05-22,0.0,-0.003642355745570369,1.586985470813929e-06
2013-05-23,0.0,0.0,1.98363308512306e-06
2013-05-24,0.0,0.0,1.586985470813929e-06
2013-05-28,0.0,-0.006398578304420366,1.98363308512306e-06
2013-05-29,0.0,0.001840359761986932,1.98363308512306e-06
2013-05-30,0.0,-0.0009185835314103885,1.586985470813929e-06
2013-05-31,0.0,0.001012826141213896,1.586985470813929e-06
2013-06-03,0.0,0.0,1.98363308512306e-06
2013-06-04,0.0,-0.00184044205198608,1.586985470813929e-06
2013-06-05,0.0,0.001843835524422133,1.98363308512306e-06
2013-06-06,0.0,0.0,1.98363308512306e-06
2013-06-07,0.0,-0.003679818852026839,1.586985470813929e-06
2013-06-10,0.0,-0.001846421945842391,1.98363308512306e-06
2013-06-11,0.0,0.0009239106087028937,1.98363308512306e-06
2013-06-12,0.0,-0.002771880271794314,1.98363308512306e-06
2013-06-13,0.0,0.003707228499027826,1.98363308512306e-06
2013-06-14,0.0,0.0009236512261272534,1.98363308512306e-06
2013-06-17,0.0,-0.0009227988818085731,1.98363308512306e-06
2013-06-18,0.0,-0.0009242172659634784,1.98363308512306e-06
2013-06-19,0.0,-0.005544453010044692,1.98363308512306e-06
2013-06-20,0.0,-0.005576884620670408,1.98363308512306e-06
2013-06-21,0.0,-0.006540997456756181,1.98363308512306e-06
2013-06-24,0.0,-0.002822126088797727,2.380241213684187e-06
2013-06-25,0.0,-0.0009439493297767054,2.380241213684187e-06
2013-06-26,0.0,0.00283336590001837,2.380241213684187e-06
2013-06-27,0.0,0.003765800616971626,2.380241213684187e-06
2013-06-28,0.0,0.002819233534221199,1.586985470813929e-06
2013-07-01,0.0,0.0009379096784059016,1.586985470813929e-06
2013-07-02,1.0,0.0,1.190298363207276e-06
2013-07-03,1.0,-0.000937030828123242,1.98363308512306e-06
2013-07-05,1.0,-0.01030878700944127,1.586985470813929e-06
2013-07-08,1.0,0.003788398708169272,1.98363308512306e-06
2013-07-09,1.0,0.0009421783419816254,1.586985470813929e-06
2013-07-10,1.0,-0.001884248957691126,1.586985470813929e-06
2013-07-11,1.0,0.004721826263294426,1.586985470813929e-06
2013-07-12,1.0,0.0,1.586985470813929e-06
2013-07-15,1.0,0.001879061846680408,1.586985470813929e-06
2013-07-16,1.0,0.00093776879777141,1.190298363207276e-06
2013-07-17,1.0,0.001875500773361294,1.190298363207276e-06
2013-07-18,1.0,-0.001871989854940637,1.190298363207276e-06
2013-07-19,1.0,0.002811371517683847,1.190298363207276e-06
2013-07-22,1.0,0.0009351531820052106,1.586985470813929e-06
2013-07-23,1.0,-0.0009342794875695226,7.935717540874521e-07
2013-07-24,1.0,-0.002803489866123998,1.190298363207276e-06
2013-07-25,1.0,0.0,7.935717540874521e-07
2013-07-26,1.0,0.0009379096784059016,1.190298363207276e-06
2013-07-29,1.0,-0.000937030828123242,1.190298363207276e-06
2013-07-30,1.0,-0.0009368902113642275,1.586985470813929e-06
2013-07-31,1.0,0.002914519606185495,1.586985470813929e-06
2013-08-01,1.0,-0.004686664373147464,1.586985470813929e-06
2013-08-02,1.0,0.00470873262257232,1.586985470813929e-06
2013-08-05,1.0,-0.001874729340363146,1.98363308512306e-06
2013-08-06,1.0,0.0,1.586985470813929e-06
2013-08-07,1.0,0.0009388385784419029,1.98363308512306e-06
2013-08-08,1.0,0.0009385308443754514,1.98363308512306e-06
2013-08-09,1.0,0.0,1.98363308512306e-06
2013-08-12,1.0,-0.0009376508301500719,2.380241213684187e-06
2013-08-13,1.0,-0.004690299142783072,2.380241213684187e-06
2013-08-14,1.0,0.0,1.98363308512306e-06
2013-08-15,1.0,-0.002827453820055559,1.98363308512306e-06
2013-08-16,1.0,-0.0028361764360324,1.98363308512306e-06
2013-08-19,1.0,-0.002843857324775212,2.380241213684187e-06
2013-08-20,1.0,0.00285196791461928,1.586985470813929e-06
2013-08-21,1.0,-0.003791338126905353,1.586985470813929e-06
2013-08-22,1.0,0.0,1.190298363207276e-06
2013-08-23,1.0,0.00380576707672553,1.190298363207276e-06
2013-08-26,1.0,0.00189624789370102,1.586985470813929e-06
2013-08-27,1.0,0.002838346487282983,1.98363308512306e-06
2013-08-28,1.0,-0.002830313078099889,1.190298363207276e-06
2013-08-29,1.0,0.001892530557673133,7.935717540874521e-07
2013-08-30,1.0,0.001134385720361619,1.190298363207276e-06
2013-09-03,1.0,-0.003780414432492107,7.935717540874521e-07
2013-09-04,1.0,-0.00189693040710448,7.935717540874521e-07
2013-09-05,1.0,-0.004752948073245777,7.935717540874521e-07
2013-09-06,1.0,0.00286558189743813,7.935717540874521e-07
2013-09-09,1.0,0.001904606768831307,7.935717540874521e-07
2013-09-10,1.0,-0.002851640116259158,7.935717540874521e-07
2013-09-11,1.0,0.002859795223041361,7.935717540874521e-07
2013-09-12,1.0,0.0,3.968056356828953e-07
2013-09-13,1.0,0.0009500103400514881,3.968056356828953e-07
2013-09-16,1.0,0.0009496230990417853,7.935717540874521e-07
2013-09-17,1.0,0.000949300346307913,3.968056356828953e-07
2013-09-18,1.0,0.006633986647051282,3.968056356828953e-07
2013-09-19,1.0,-0.0009407471476967633,3.968056356828953e-07
2013-09-20,1.0,0.0,3.968056356828953e-07
2013-09-23,1.0,0.001885371962898619,7.935717540874521e-07
2013-09-24,1.0,0.001881441837859876,7.935717540874521e-07
2013-09-25,1.0,0.001877845083756879,7.935717540874521e-07
2013-09-26,1.0,-0.001874325391035936,0.0
2013-09-27,1.0,0.000938032447377557,7.935717540874521e-07
2013-09-30,1.0,0.002068927712725266,7.935717540874521e-07
2013-10-01,1.0,-0.000938261065404844,7.935717540874521e-07
2013-10-02,1.0,0.0009391422259903415,7.935717540874521e-07
2013-10-03,1.0,0.0,1.190298363207276e-06
2013-10-04,1.0,-0.000938261065404844,1.190298363207276e-06
2013-10-07,1.0,0.0009391422259903415,1.190298363207276e-06
2013-10-08,1.0,-0.000938261065404844,1.98363308512306e-06
2013-10-09,1.0,-0.0009393325669361241,1.98363308512306e-06
2013-10-10,1.0,0.0,1.98363308512306e-06
2013-10-11,1.0,0.0,3.173339045314805e-06
2013-10-14,1.0,-0.0009398982090239594,3.173339045314805e-06
2013-10-15,1.0,0.0,5.551685702931408e-06
2013-10-16,1.0,0.00282279231095961,3.966279028766451e-06
2013-10-17,1.0,0.002814402871502253,1.98363308512306e-06
2013-10-18,1.0,0.0009349325266445607,1.586985470813929e-06
2013-10-21,1.0,-0.0009340592442752538,1.586985470813929e-06
2013-10-22,1.0,0.003741310345450888,1.586985470813929e-06
2013-10-23,1.0,0.0,1.586985470813929e-06
2013-10-24,1.0,-0.0009321404052071713,1.190298363207276e-06
2013-10-25,1.0,0.0009330101016213899,1.586985470813929e-06
2013-10-28,1.0,-0.0009321404052071713,1.586985470813929e-06
2013-10-29,1.0,0.0009330101016213899,1.586985470813929e-06
2013-10-30,1.0,-0.0009321404052071713,1.586985470813929e-06
2013-10-31,1.0,0.002150108605351031,1.586985470813929e-06
2013-11-01,1.0,-0.002797931000344644,1.586985470813929e-06
2013-11-04,1.0,0.0,1.98363308512306e-06
2013-11-05,1.0,-0.001871403957271922,1.98363308512306e-06
2013-11-06,1.0,0.0009372667615266117,1.98363308512306e-06
2013-11-07,1.0,0.000936767913318759,1.98363308512306e-06
2013-11-08,1.0,-0.005612130431620677,2.380241213684187e-06
2013-11-11,1.0,-0.0009417440564577495,2.380241213684187e-06
2013-11-12,1.0,0.0,3.173339045314805e-06
2013-11-13,1.0,0.001883168388116196,3.173339045314805e-06
2013-11-14,1.0,0.001880135693719254,3.173339045314805e-06
2013-11-15,1.0,0.0009376395682885175,3.173339045314805e-06
2013-11-18,1.0,0.001874912676273821,3.569828763927418e-06
2013-11-19,1.0,-0.001871403957271922,3.173339045314805e-06
2013-11-20,1.0,-0.002811610707969425,3.173339045314805e-06
2013-11-21,1.0,0.0,2.77680986426887e-06
2013-11-22,1.0,0.001880135693719254,2.77680986426887e-06
2013-11-25,1.0,0.0,3.173339045314805e-06
2013-11-26,1.0,0.0009376395682885175,2.77680986426887e-06
2013-11-27,1.0,-0.0009367612238989631,2.77680986426887e-06
2013-11-29,1.0,0.002161871478989053,2.380241213684187e-06
2013-12-02,1.0,-0.002813288385348889,1.98363308512306e-06
2013-12-03,1.0,0.0009397755045439382,2.380241213684187e-06
2013-12-04,1.0,-0.002819208813050089,2.380241213684187e-06
2013-12-05,1.0,-0.0009428158233258932,2.380241213684187e-06
2013-12-06,1.0,0.000943705563864139,2.380241213684187e-06
2013-12-09,1.0,0.0009420548743159785,2.77680986426887e-06
2013-12-10,1.0,0.001883350128143668,2.77680986426887e-06
2013-12-11,1.0,-0.001879809788138176,2.77680986426887e-06
2013-12-12,1.0,-0.001883096717200661,2.77680986426887e-06
2013-12-13,1.0,0.000943705563864139,2.77680986426887e-06
2013-12-16,1.0,0.0,2.77680986426887e-06
2013-12-17,1.0,0.001885631646651786,2.77680986426887e-06
2013-12-18,1.0,-0.001882082731890944,2.77680986426887e-06
2013-12-19,1.0,-0.0009428158233258932,2.380241213684187e-06
2013-12-20,1.0,0.00188664946060646,2.77680986426887e-06
2013-12-23,1.0,-0.002072711455276988,2.77680986426887e-06
2013-12-24,1.0,-0.001889229891389066,2.77680986426887e-06
2013-12-26,1.0,-0.0009455442578445439,2.77680986426887e-06
2013-12-27,1.0,0.0,2.77680986426887e-06
2013-12-30,1.0,0.001894979250407047,2.77680986426887e-06
2013-12-31,1.0,0.0002830261635256015,2.77680986426887e-06
2014-01-02,1.0,0.001894862089195426,2.77680986426887e-06
2014-01-03,1.0,-0.0009464634685835138,2.77680986426887e-06
2014-01-06,1.0,0.00189275276814227,1.98363308512306e-06
2014-01-07,1.0,0.0009439867215996767,1.586985470813929e-06
2014-01-08,1.0,-0.002830491798028967,1.98363308512306e-06
2014-01-09,1.0,0.000947360110319595,1.586985470813929e-06
2014-01-10,1.0,0.004725532885817119,1.98363308512306e-06
2014-01-13,1.0,0.001880994739891451,1.190298363207276e-06
2014-01-14,1.0,-0.001877463241410138,1.586985470813929e-06
2014-01-15,1.0,-0.0009411284491713801,1.586985470813929e-06
2014-01-16,1.0,0.001883145669390407,1.586985470813929e-06
2014-01-17,1.0,0.0009398660972954609,1.98363308512306e-06
2014-01-21,1.0,-0.0009389835784641143,1.586985470813929e-06
2014-01-22,1.0,-0.0009393617081642214,1.586985470813929e-06
2014-01-23,1.0,0.002821933865295279,1.586985470813929e-06
2014-01-24,1.0,0.001875764564266857,1.586985470813929e-06
2014-01-27,1.0,-0.001872252659073648,1.98363308512306e-06
2014-01-28,1.0,0.0009381025383141672,1.98363308512306e-06
2014-01-29,1.0,0.001873629325816584,1.586985470813929e-06
2014-01-30,1.0,0.0,7.935717540874521e-07
2014-01-31,1.0,0.003094514409679894,7.935717540874521e-07
2014-02-03,1.0,0.003737846041507398,1.98363308512306e-06
2014-02-04,1.0,-0.001862524233601115,2.380241213684187e-06
2014-02-05,1.0,-0.001864875719911341,2.77680986426887e-06
2014-02-06,1.0,-0.0009343363900031765,2.77680986426887e-06
2014-02-07,1.0,0.000935210190916802,3.173339045314805e-06
2014-02-10,1.0,0.0009341487094427503,2.77680986426887e-06
2014-02-11,1.0,-0.002801268211540253,1.98363308512306e-06
2014-02-12,1.0,-0.0009360866251493238,1.98363308512306e-06
2014-02-13,1.0,0.00187499392244006,1.190298363207276e-06
2014-02-14,1.0,0.0,7.935717540874521e-07
2014-02-18,1.0,0.000935210190916802,1.98363308512306e-06
2014-02-19,1.0,-0.0009343363900031765,2.380241213684187e-06
2014-02-20,1.0,-0.0009362747087102719,1.98363308512306e-06
2014-02-21,1.0,0.0009371521405576733,1.98363308512306e-06
2014-02-24,1.0,-0.0009362747087102719,1.98363308512306e-06
2014-02-25,1.0,0.002809137358725122,1.98363308512306e-06
2014-02-26,1.0,0.0009333393918411481,1.98363308512306e-06
2014-02-27,1.0,0.001865999703268395,1.586985470813929e-06
2014-02-28,1.0,0.001026342286742032,1.98363308512306e-06
2014-03-03,1.0,0.002796183159243126,1.98363308512306e-06
2014-03-04,1.0,-0.004646668940391452,1.98363308512306e-06
2014-03-05,1.0,0.000933572446650377,2.380241213684187e-06
2014-03-06,1.0,-0.002798852962624165,1.98363308512306e-06
2014-03-07,1.0,-0.001871264010653406,2.380241213684187e-06
2014-03-10,1.0,0.0,1.98363308512306e-06
2014-03-11,1.0,0.0,1.98363308512306e-06
2014-03-12,1.0,0.001874772204407682,1.98363308512306e-06
2014-03-13,1.0,0.003741840562081711,1.98363308512306e-06
2014-03-14,1.0,-0.0009316459643223807,1.98363308512306e-06
2014-03-17,1.0,-0.00186590197508274,2.380241213684187e-06
2014-03-18,1.0,0.0009349447883695294,1.98363308512306e-06
2014-03-19,1.0,-0.004668610787933014,2.380241213684187e-06
2014-03-20,1.0,-0.000938327409457429,2.380241213684187e-06
2014-03-21,1.0,0.001877413693263774,2.380241213684187e-06
2014-03-24,1.0,0.0009375113291227866,2.380241213684187e-06
2014-03-25,1.0,0.0,1.98363308512306e-06
2014-03-26,1.0,0.001872828566030993,1.98363308512306e-06
2014-03-27,1.0,0.0009349447883695294,1.586985470813929e-06
2014-03-28,1.0,-0.001867893447981994,1.586985470813929e-06
2014-03-31,1.0,0.002250366525135439,1.98363308512306e-06
2014-04-01,1.0,-0.0009352148290975304,1.586985470813929e-06
2014-04-02,1.0,-0.001872804692609642,7.935717540874521e-07
2014-04-03,1.0,0.0009380968040613169,7.935717540874521e-07
2014-04-04,1.0,0.002811153026918589,1.190298363207276e-06
2014-04-07,1.0,0.001869679035317429,1.190298363207276e-06
2014-04-08,1.0,0.0,1.190298363207276e-06
2014-04-09,1.0,0.0,1.586985470813929e-06
2014-04-10,1.0,0.002798414248507575,1.586985470813929e-06
2014-04-11,1.0,0.0009301189826804723,1.586985470813929e-06
2014-04-14,1.0,-0.0009292546652766021,1.586985470813929e-06
2014-04-15,1.0,0.0009301189826804723,1.586985470813929e-06
2014-04-16,1.0,-0.0009292546652766021,1.586985470813929e-06
2014-04-17,1.0,-0.003721530065569079,1.190298363207276e-06
2014-04-21,1.0,0.0,1.586985470813929e-06
2014-04-22,1.0,0.0009344024927691041,1.190298363207276e-06
2014-04-23,1.0,0.0009321622077897995,7.935717540874521e-07
2014-04-24,1.0,0.0009325365615711068,3.968056356828953e-07
2014-04-25,1.0,0.0,1.190298363207276e-06
2014-04-28,1.0,-0.0009316677473334423,1.190298363207276e-06
2014-04-29,1.0,0.0,7.935717540874521e-07
2014-04-30,1.0,0.00401659792074982,1.190298363207276e-06
2014-05-01,1.0,0.002790687141275727,1.190298363207276e-06
2014-05-02,1.0,0.0,7.935717540874521e-07
2014-05-05,1.0,-0.0009278254017331955,1.190298363207276e-06
2014-05-06,1.0,0.0009286870611788789,1.190298363207276e-06
2014-05-07,1.0,0.0009272700762950059,1.190298363207276e-06
2014-05-08,1.0,0.0,1.190298363207276e-06
2014-05-09,1.0,-0.0009264110430563521,1.190298363207276e-06
2014-05-12,1.0,-0.001855280586507524,1.190298363207276e-06
2014-05-13,1.0,0.002787722670553716,1.190298363207276e-06
2014-05-14,1.0,0.002780650979447907,1.190298363207276e-06
2014-05-15,1.0,0.0009248257560408035,1.190298363207276e-06
2014-05-16,1.0,-0.0009239712436367453,1.190298363207276e-06
2014-05-19,1.0,-0.0009240265846216511,1.190298363207276e-06
2014-05-20,1.0,0.001850562309432924,1.190298363207276e-06
2014-05-21,1.0,-0.001847144054265892,1.586985470813929e-06
2014-05-22,1.0,0.0,1.190298363207276e-06
2014-05-23,1.0,0.0009248811994375661,1.586985470813929e-06
2014-05-27,1.0,0.0009248257560408035,1.586985470813929e-06
2014-05-28,1.0,0.002770132611124021,1.586985470813929e-06
2014-05-29,1.0,-0.0009214187913942906,1.586985470813929e-06
2014-05-30,1.0,0.001201021263489643,1.586985470813929e-06
2014-06-02,1.0,-0.001845386063361265,1.586985470813929e-06
2014-06-03,1.0,-0.002772889991561445,1.586985470813929e-06
2014-06-04,1.0,-0.0009261695936111369,1.586985470813929e-06
2014-06-05,1.0,0.001853933213826098,1.586985470813929e-06
2014-06-06,1.0,-0.0009251897948135968,1.586985470813929e-06
2014-06-09,1.0,-0.0009261695936111369,1.586985470813929e-06
2014-06-10,1.0,-0.0009281364750984844,1.586985470813929e-06
2014-06-11,1.0,0.0,1.586985470813929e-06
2014-06-12,1.0,0.001856888099596832,1.586985470813929e-06
2014-06-13,1.0,-0.0009261695936111369,1.586985470813929e-06
2014-06-16,1.0,0.0009270281789228729,1.586985470813929e-06
2014-06-17,1.0,-0.002780108170407858,1.586985470813929e-06
2014-06-18,1.0,0.002787858719210945,1.190298363207276e-06
2014-06-19,1.0,-0.001853446456927643,7.935717540874521e-07
2014-06-20,1.0,0.0009289987126890331,7.935717540874521e-07
2014-06-23,1.0,0.0,1.190298363207276e-06
2014-06-24,1.0,0.001853933213826098,1.190298363207276e-06
2014-06-25,1.0,0.0009269720788609437,1.190298363207276e-06
2014-06-26,1.0,0.0009250083766523254,1.586985470813929e-06
2014-06-27,1.0,0.0,1.190298363207276e-06
2014-06-30,1.0,0.002964284548741869,1.586985470813929e-06
2014-07-01,1.0,-0.001847370408531668,7.935717540874521e-07
2014-07-02,1.0,-0.002775632766695013,7.935717540874521e-07
2014-07-03,1.0,-0.001854834869248756,3.968056356828953e-07
2014-07-07,1.0,0.0009288330322279048,1.586985470813929e-06
2014-07-08,1.0,0.002786004439229828,1.190298363207276e-06
2014-07-09,1.0,0.0,1.190298363207276e-06
2014-07-10,1.0,0.0009259449505272244,7.935717540874521e-07
2014-07-11,1.0,0.0009247207117952794,7.935717540874521e-07
2014-07-14,1.0,-0.001848100104973383,1.190298363207276e-06
2014-07-15,1.0,-0.0009263742818284015,7.935717540874521e-07
2014-07-16,1.0,0.000927233246861503,7.935717540874521e-07
2014-07-17,1.0,0.002778448182011894,7.935717540874521e-07
2014-07-18,1.0,-0.0009243579984153927,7.935717540874521e-07
2014-07-21,1.0,0.0,1.190298363207276e-06
2014-07-22,1.0,0.0009252132266617252,1.190298363207276e-06
2014-07-23,1.0,0.0,1.190298363207276e-06
2014-07-24,1.0,-0.002770749797274874,1.190298363207276e-06
2014-07-25,1.0,0.002778448182011894,1.190298363207276e-06
2014-07-28,1.0,-0.0009243579984153927,1.586985470813929e-06
2014-07-29,1.0,0.0009252132266617252,7.935717540874521e-07
2014-07-30,1.0,-0.003694557327749703,1.586985470813929e-06
2014-07-31,1.0,0.001114656651434398,1.190298363207276e-06
2014-08-01,1.0,0.002783201669810609,1.190298363207276e-06
2014-08-04,1.0,0.0,1.586985470813929e-06
2014-08-05,1.0,0.0009250366831745627,1.190298363207276e-06
2014-08-06,1.0,-0.0009241817811249664,1.190298363207276e-06
2014-08-07,1.0,0.002774743141339409,1.190298363207276e-06
2014-08-08,1.0,-0.0009218672247753856,1.190298363207276e-06
2014-08-11,1.0,0.0,1.586985470813929e-06
2014-08-12,1.0,-0.0009235723860463452,1.190298363207276e-06
2014-08-13,1.0,0.001847996993155965,1.586985470813929e-06
2014-08-14,1.0,0.0009228429392422743,1.586985470813929e-06
2014-08-15,1.0,0.001842461022484532,1.190298363207276e-06
2014-08-18,1.0,-0.001839072602896175,1.190298363207276e-06
2014-08-19,1.0,-0.0009219920853562602,1.190298363207276e-06
2014-08-20,1.0,-0.0009218672247753856,1.586985470813929e-06
2014-08-21,1.0,0.0009227178481172604,7.935717540874521e-07
2014-08-22,1.0,0.0,1.190298363207276e-06
2014-08-25,1.0,0.0009228429392422743,1.586985470813929e-06
2014-08-26,1.0,0.0,1.190298363207276e-06
2014-08-27,1.0,0.001842461022484532,1.586985470813929e-06
2014-08-28,1.0,0.0009208437999090879,1.190298363207276e-06
2014-08-29,1.0,0.00202633783501005,1.190298363207276e-06
2014-09-02,1.0,-0.003676971050454725,1.190298363207276e-06
2014-09-03,1.0,0.0009230460629625625,1.190298363207276e-06
2014-09-04,1.0,-0.00184341682580258,1.190298363207276e-06
2014-09-05,1.0,0.0,1.190298363207276e-06
2014-09-08,1.0,-0.0009232888135979334,7.935717540874521e-07
2014-09-09,1.0,-0.001848710926387054,7.935717540874521e-07
2014-09-10,1.0,-0.001851829567419139,7.935717540874521e-07
2014-09-11,1.0,-0.0009273266133925651,7.935717540874521e-07
2014-09-12,1.0,-0.001857416016594504,7.935717540874521e-07
2014-09-15,1.0,0.0009305282679490379,7.935717540874521e-07
2014-09-16,1.0,-0.0009296631900709285,7.935717540874521e-07
2014-09-17,1.0,-0.0009299145844641199,7.935717540874521e-07
2014-09-18,1.0,0.0,7.935717540874521e-07
2014-09-19,1.0,0.001862174515653958,7.935717540874521e-07
2014-09-22,1.0,0.0009294792561811427,3.968056356828953e-07
2014-09-23,1.0,0.001857048490423008,3.968056356828953e-07
2014-09-24,1.0,-0.001853606253727658,7.935717540874521e-07
2014-09-25,1.0,0.002785174582282002,3.968056356828953e-07
2014-09-26,1.0,-0.001851829567419139,3.968056356828953e-07
2014-09-29,1.0,0.0009279997865430101,7.935717540874521e-07
2014-09-30,1.0,0.00102111284241535,7.935717540874521e-07
2014-10-01,1.0,0.005565651823747686,7.935717540874521e-07
2014-10-02,1.0,-0.001844442761260723,3.968056356828953e-07
2014-10-03,1.0,0.0,3.968056356828953e-07
2014-10-06,1.0,0.000923986360978013,7.935717540874521e-07
2014-10-07,1.0,0.003693202354257741,7.935717540874521e-07
2014-10-08,1.0,0.0009202817795836982,3.968056356828953e-07
2014-10-09,1.0,-0.0009194356397170811,3.968056356828953e-07
2014-10-10,1.0,0.001839715540677744,3.968056356828953e-07
2014-10-13,1.0,0.001836639510174543,3.968056356828953e-07
2014-10-14,1.0,0.001833815605634337,7.935717540874521e-07
2014-10-15,1.0,0.001829013116642075,7.935717540874521e-07
2014-10-16,1.0,-0.001825673935068162,1.190298363207276e-06
2014-10-17,1.0,-0.000915771602634563,7.935717540874521e-07
2014-10-20,1.0,0.0009166110089671164,7.935717540874521e-07
2014-10-21,1.0,-0.000915771602634563,7.935717540874521e-07
2014-10-22,1.0,-0.0009155256913669918,7.935717540874521e-07
2014-10-23,1.0,-0.001833272449560885,3.968056356828953e-07
2014-10-24,1.0,0.0,3.968056356828953e-07
2014-10-27,1.0,0.0,7.935717540874521e-07
2014-10-28,1.0,-0.0009177453706732397,7.935717540874521e-07
2014-10-29,1.0,-0.001838689728264509,1.190298363207276e-06
2014-10-30,1.0,0.0009209474251183902,3.968056356828953e-07
2014-10-31,1.0,0.001014169540944465,3.968056356828953e-07
2014-11-03,1.0,-0.0009213462789766647,7.935717540874521e-07
2014-11-04,1.0,0.0,1.190298363207276e-06
2014-11-05,1.0,0.0,1.190298363207276e-06
2014-11-06,1.0,-0.001842938269138839,1.190298363207276e-06
2014-11-07,1.0,0.002770239590470069,1.190298363207276e-06
2014-11-10,1.0,-0.001841966421387897,7.935717540874521e-07
2014-11-11,1.0,-0.0009223190230813749,7.935717540874521e-07
2014-11-12,1.0,0.0,7.935717540874521e-07
2014-11-13,1.0,0.00092317048077728,7.935717540874521e-07
2014-11-14,1.0,0.000922319023081597,7.935717540874521e-07
2014-11-17,1.0,-0.0009214691345695858,1.190298363207276e-06
2014-11-18,1.0,0.000922319023081597,7.935717540874521e-07
2014-11-19,1.0,-0.001842938269138839,3.968056356828953e-07
2014-11-20,1.0,0.00092317048077728,7.935717540874521e-07
2014-11-21,1.0,0.001845365522715969,3.968056356828953e-07
2014-11-24,1.0,0.0,7.935717540874521e-07
2014-11-25,1.0,0.00184117977344167,7.935717540874521e-07
2014-11-26,1.0,0.0009196530324149244,7.935717540874521e-07
2014-11-28,1.0,0.003771844018665815,7.935717540874521e-07
2014-12-01,1.0,-0.0009162572385734702,1.190298363207276e-06
2014-12-02,1.0,-0.002752255376372248,1.190298363207276e-06
2014-12-03,1.0,0.0,3.968056356828953e-07
2014-12-04,1.0,0.0009201716406721516,7.935717540874521e-07
2014-12-05,1.0,-0.002757675691430928,7.935717540874521e-07
2014-12-08,1.0,0.001843433580172249,1.190298363207276e-06
2014-12-09,1.0,0.0009201716406721516,1.586985470813929e-06
2014-12-10,1.0,0.001837988286283343,1.190298363207276e-06
2014-12-11,1.0,-0.0009177594394373934,1.190298363207276e-06
2014-12-12,1.0,0.003673265643917345,7.935717540874521e-07
2014-12-15,1.0,-0.001830001084342836,1.586985470813929e-06
2014-12-16,1.0,0.001833356128045249,1.190298363207276e-06
2014-12-17,1.0,-0.002744581571176186,1.190298363207276e-06
2014-12-18,1.0,-0.002752255376372248,1.586985470813929e-06
2014-12-19,1.0,0.001839558872732461,1.586985470813929e-06
2014-12-22,1.0,0.0007367129376838477,1.98363308512306e-06
2014-12-23,1.0,-0.004599501411735929,1.190298363207276e-06
2014-12-24,1.0,0.0,3.968056356828953e-07
2014-12-26,1.0,0.0009236793115061648,3.968056356828953e-07
2014-12-29,1.0,0.001847345206914763,1.190298363207276e-06
2014-12-30,1.0,0.0009213664586311676,1.190298363207276e-06
2014-12-31,1.0,0.002952453641261066,1.586985470813929e-06
2015-01-02,1.0,0.002760032438324345,7.935717540874521e-07
2015-01-05,1.0,0.002752255936442349,1.190298363207276e-06
2015-01-06,1.0,0.003658905541938262,1.190298363207276e-06
2015-01-07,1.0,0.0,1.190298363207276e-06
2015-01-08,1.0,-0.002734517277088067,1.190298363207276e-06
2015-01-09,1.0,0.002742015365478911,7.935717540874521e-07
2015-01-12,1.0,0.001823408282051631,1.190298363207276e-06
2015-01-13,1.0,0.0,1.190298363207276e-06
2015-01-14,1.0,0.001820802391078846,1.586985470813929e-06
2015-01-15,1.0,0.004540234138177279,1.190298363207276e-06
2015-01-16,1.0,-0.004519713580285356,1.190298363207276e-06
2015-01-20,1.0,0.001815714146109038,1.190298363207276e-06
2015-01-21,1.0,-0.002720647443536062,1.190298363207276e-06
2015-01-22,1.0,-0.0009084464509218071,1.190298363207276e-06
2015-01-23,1.0,0.003639822593846764,7.935717540874521e-07
2015-01-26,1.0,-0.0009062116517390972,1.190298363207276e-06
2015-01-27,1.0,0.0,7.935717540874521e-07
2015-01-28,1.0,0.004537063905524441,7.935717540874521e-07
2015-01-29,1.0,-0.001806935452099534,1.190298363207276e-06
2015-01-30,1.0,0.006437287202671671,7.935717540874521e-07
2015-02-02,1.0,-0.0009001946331868016,7.935717540874521e-07
2015-02-03,1.0,-0.004508906641846999,7.935717540874521e-07
2015-02-04,1.0,0.0009053227642694672,3.968056356828953e-07
2015-02-05,1.0,-0.001809243678350447,7.935717540874521e-07
2015-02-06,1.0,-0.006345484602357399,7.935717540874521e-07
2015-02-09,1.0,0.0,3.968056356828953e-07
2015-02-10,1.0,-0.001826119248666713,3.968056356828953e-07
2015-02-11,1.0,0.0,3.968056356828953e-07
2015-02-12,1.0,0.0,7.935717540874521e-07
2015-02-13,1.0,-0.001828149644758081,3.968056356828953e-07
2015-02-17,1.0,-0.003662876447051655,7.935717540874521e-07
2015-02-18,1.0,0.002757586237008169,7.935717540874521e-07
2015-02-19,1.0,-0.001833056513329434,7.935717540874521e-07
2015-02-20,1.0,0.0,7.935717540874521e-07
2015-02-23,1.0,0.00275433498098776,7.935717540874521e-07
2015-02-24,1.0,0.003664308610140665,7.935717540874521e-07
2015-02-25,1.0,0.0009107408559965169,7.935717540874521e-07
2015-02-26,1.0,-0.003645588797162369,1.190298363207276e-06
2015-02-27,1.0,0.004583139075263976,7.935717540874521e-07
2015-03-02,1.0,-0.004561992354463973,7.935717540874521e-07
2015-03-03,1.0,-0.0009171760897010994,7.935717540874521e-07
2015-03-04,1.0,0.0,3.968056356828953e-07
2015-03-05,1.0,0.0,7.935717540874521e-07
2015-03-06,1.0,-0.005504408682741935,3.968056356828953e-07
2015-03-09,1.0,0.001844938297443699,7.935717540874521e-07
2015-03-10,1.0,0.00276234109920459,7.935717540874521e-07
2015-03-11,1.0,0.0009182637730904553,1.190298363207276e-06
2015-03-12,1.0,0.0,1.190298363207276e-06
2015-03-13,1.0,-0.0009174213383108532,1.190298363207276e-06
2015-03-16,1.0,0.001837124829759285,1.98363308512306e-06
2015-03-17,1.0,0.0,1.98363308512306e-06
2015-03-18,1.0,0.006414866933154961,1.190298363207276e-06
2015-03-19,1.0,-0.001820290504810695,1.190298363207276e-06
2015-03-20,1.0,0.001823610004786813,3.968056356828953e-07
2015-03-23,1.0,0.0009113300288339232,1.190298363207276e-06
2015-03-24,1.0,0.001820290306593142,7.935717540874521e-07
2015-03-25,1.0,-0.002725828769509886,1.586985470813929e-06
2015-03-26,1.0,-0.003642121218978556,1.190298363207276e-06
2015-03-27,1.0,0.002742794901583467,1.586985470813929e-06
2015-03-30,1.0,0.0,1.586985470813929e-06
2015-03-31,1.0,0.003105397821063116,1.190298363207276e-06
2015-04-01,1.0,0.003642544092196998,1.190298363207276e-06
2015-04-02,1.0,-0.001814308691614031,7.935717540874521e-07
2015-04-06,1.0,0.0,1.190298363207276e-06
2015-04-07,1.0,0.0009088621970438915,7.935717540874521e-07
2015-04-08,1.0,0.0,1.190298363207276e-06
2015-04-09,1.0,-0.003632737147717169,1.190298363207276e-06
2015-04-10,1.0,0.0009113476029085632,7.935717540874521e-07
2015-04-13,1.0,0.0009113453332061372,1.190298363207276e-06
2015-04-14,1.0,0.00181914130672034,7.935717540874521e-07
2015-04-15,1.0,0.0,7.935717540874521e-07
2015-04-16,1.0,0.0,7.935717540874521e-07
2015-04-17,1.0,0.0009079190203671317,3.968056356828953e-07
2015-04-20,1.0,-0.001814308691614031,1.190298363207276e-06
2015-04-21,1.0,-0.0009086261902413462,1.190298363207276e-06
2015-04-22,1.0,-0.003640290495677601,1.190298363207276e-06
2015-04-23,1.0,0.001826736042331856,1.190298363207276e-06
2015-04-24,1.0,0.001823523488499568,1.190298363207276e-06
2015-04-27,1.0,-0.0009105155391186948,7.935717540874521e-07
2015-04-28,1.0,-0.00273226272422622,7.935717540874521e-07
2015-04-29,1.0,-0.002739748436753731,3.968056356828953e-07
2015-04-30,1.0,0.001835201758674687,3.968056356828953e-07
2015-05-01,1.0,-0.003663205324829777,3.968056356828953e-07
2015-05-04,1.0,-0.001838217781410689,7.935717540874521e-07
2015-05-05,1.0,-0.0009205629130065729,3.968056356828953e-07
2015-05-06,1.0,-0.002764352805407877,7.935717540874521e-07
2015-05-07,1.0,0.001847870718622469,3.968056356828953e-07
2015-05-08,1.0,0.001844701442180297,3.968056356828953e-07
2015-05-11,1.0,-0.005525167063795577,7.935717540874521e-07
2015-05-12,1.0,0.0,1.190298363207276e-06
2015-05-13,1.0,-0.000925677435484773,7.935717540874521e-07
2015-05-14,1.0,0.001853850734425677,3.968056356828953e-07
2015-05-15,1.0,0.004625121932553933,7.935717540874521e-07
2015-05-18,1.0,-0.003682370957743375,7.935717540874521e-07
2015-05-19,1.0,-0.003698016623951084,7.935717540874521e-07
2015-05-20,1.0,0.0009278755819805973,7.935717540874521e-07
2015-05-21,1.0,0.003707041030399205,7.935717540874521e-07
2015-05-22,1.0,-0.001846345816276407,7.935717540874521e-07
2015-05-26,1.0,0.003700301303828146,7.935717540874521e-07
2015-05-27,1.0,0.0,3.968056356828953e-07
2015-05-28,1.0,0.0,3.968056356828953e-07
2015-05-29,1.0,0.001939190686725878,3.968056356828953e-07
2015-06-01,1.0,-0.002764604245996338,7.935717540874521e-07
2015-06-02,1.0,-0.003697433596007271,3.968056356828953e-07
2015-06-03,1.0,-0.004638674276512433,7.935717540874521e-07
2015-06-04,1.0,0.002796247421979592,7.935717540874521e-07
2015-06-05,1.0,-0.004647176679124287,1.190298363207276e-06
2015-06-08,1.0,0.0009346078758205589,7.935717540874521e-07
2015-06-09,1.0,-0.001865781581477544,7.935717540874521e-07
2015-06-10,1.0,-0.002803782989045711,7.935717540874521e-07
2015-06-11,1.0,0.004686191282022634,3.968056356828953e-07
2015-06-12,1.0,-0.0009337351995492016,7.935717540874521e-07
2015-06-15,1.0,0.0009346078758205589,7.935717540874521e-07
2015-06-16,1.0,0.001865299062157266,3.968056356828953e-07
2015-06-17,1.0,0.0,3.968056356828953e-07
2015-06-18,1.0,-0.0009316355311764779,3.968056356828953e-07
2015-06-19,1.0,0.002796247421979592,3.968056356828953e-07
2015-06-22,1.0,-0.004647176679124287,3.968056356828953e-07
2015-06-23,1.0,-0.001867404613066559,3.968056356828953e-07
2015-06-24,1.0,0.00187089833725218,3.968056356828953e-07
2015-06-25,1.0,-0.001867404613066559,3.968056356828953e-07
2015-06-26,1.0,-0.002806045084706388,3.968056356828953e-07
2015-06-29,1.0,0.006566267000452042,7.935717540874521e-07
2015-06-30,1.0,0.001027472088444448,3.968056356828953e-07
2015-07-01,1.0,-0.00373178689885334,3.968056356828953e-07
2015-07-02,1.0,0.001873154549117073,3.968056356828953e-07
2015-07-06,1.0,0.00373827954225403,7.935717540874521e-07
2015-07-07,1.0,0.001862508894053816,7.935717540874521e-07
2015-07-08,1.0,0.002787789954984188,7.935717540874521e-07
2015-07-09,1.0,-0.005561036478064496,1.190298363207276e-06
2015-07-10,1.0,-0.003727468239629883,3.968056356828953e-07
2015-07-13,1.0,-0.00187097876746356,7.935717540874521e-07
2015-07-14,1.0,0.00187448589076511,3.968056356828953e-07
2015-07-15,1.0,0.00187091840162612,7.935717540874521e-07
2015-07-16,1.0,0.0009336219216233843,7.935717540874521e-07
2015-07-17,1.0,0.0,1.190298363207276e-06
2015-07-20,1.0,-0.001865622563342106,1.586985470813929e-06
2015-07-21,1.0,0.001869109616415843,1.190298363207276e-06
2015-07-22,1.0,0.0009325102971324828,1.586985470813929e-06
2015-07-23,1.0,0.00186496700674299,1.190298363207276e-06
2015-07-24,1.0,0.0,1.586985470813929e-06
2015-07-27,1.0,0.001859454397565186,1.98363308512306e-06
2015-07-28,1.0,-0.001856003244171012,1.98363308512306e-06
2015-07-29,1.0,-0.0009309277762603596,2.380241213684187e-06
2015-07-30,1.0,0.0009317952103033988,2.77680986426887e-06
2015-07-31,1.0,0.004846311075627385,3.173339045314805e-06
2015-08-03,1.0,0.001855922646611274,3.173339045314805e-06
2015-08-04,1.0,-0.003703538068447809,3.173339045314805e-06
2015-08-05,1.0,-0.001859550380229225,3.173339045314805e-06
2015-08-06,1.0,0.001863014750016045,1.586985470813929e-06
2015-08-07,1.0,0.00185793442077431,2.380241213684187e-06
2015-08-10,1.0,-0.002781763222694633,4.759061227099792e-06
2015-08-11,1.0,0.004650622800775661,3.966279028766451e-06
2015-08-12,1.0,-0.0009266298757636404,3.966279028766451e-06
2015-08-13,1.0,-0.002779483745361855,3.966279028766451e-06
2015-08-14,1.0,0.0,3.569828763927418e-06
2015-08-17,1.0,0.0009288774348619189,3.966279028766451e-06
2015-08-18,1.0,-0.00185615043417009,2.77680986426887e-06
2015-08-19,1.0,0.003719683518984107,1.98363308512306e-06
2015-08-20,1.0,0.0009274893150723607,7.935717540874521e-07
2015-08-21,1.0,0.001852067177684491,1.190298363207276e-06
2015-08-24,1.0,0.0,2.380241213684187e-06
2015-08-25,1.0,-0.003697703361186022,2.77680986426887e-06
2015-08-26,1.0,-0.003710590766696664,2.380241213684187e-06
2015-08-27,1.0,0.0,2.380241213684187e-06
2015-08-28,1.0,0.0,2.380241213684187e-06
2015-08-31,1.0,0.0001866012842628439,3.173339045314805e-06
2015-09-01,1.0,0.002799875926102979,1.190298363207276e-06
2015-09-02,1.0,-0.001861770894330927,1.190298363207276e-06
2015-09-03,1.0,0.001865243550484008,7.935717540874521e-07
2015-09-04,1.0,0.001859499129704956,7.935717540874521e-07
2015-09-08,1.0,-0.003714363168955792,2.380241213684187e-06
2015-09-09,1.0,0.0009317832481818833,1.190298363207276e-06
2015-09-10,1.0,-0.0009309158364000369,7.935717540874521e-07
2015-09-11,1.0,0.0009317832481818833,1.586985470813929e-06
2015-09-14,1.0,0.0,2.77680986426887e-06
2015-09-15,1.0,-0.004655177572330471,2.77680986426887e-06
2015-09-16,1.0,0.0,2.380241213684187e-06
2015-09-17,1.0,0.004676949603230396,3.968056356828953e-07
2015-09-18,1.0,0.003724800287227437,0.0
2015-09-21,1.0,-0.003710977636660395,3.968056356828953e-07
2015-09-22,1.0,0.002793824611794227,0.0
2015-09-23,1.0,-0.0009280835775273832,3.968056356828953e-07
2015-09-24,1.0,0.0009289457167915849,3.968056356828953e-07
2015-09-25,1.0,-0.001856047810416706,0.0
2015-09-28,1.0,0.002789607394235061,3.968056356828953e-07
2015-09-29,1.0,0.0009276996964362461,3.968056356828953e-07
2015-09-30,1.0,0.001021483434576309,0.0
2015-10-01,1.0,0.0009277386109554087,0.0
2015-10-02,1.0,0.002780517237792157,0.0
2015-10-05,1.0,-0.00277280739902197,3.968056356828953e-07
2015-10-06,1.0,0.0009266409266408537,0.0
2015-10-07,1.0,-0.0009257830581700377,0.0
2015-10-08,1.0,-0.001853281853281818,0.0
2015-10-09,1.0,0.0,3.968056356828953e-07
2015-10-12,1.0,0.002785084326164311,3.968056356828953e-07
2015-10-13,1.0,0.0,3.968056356828953e-07
2015-10-14,1.0,0.003704082484728533,0.0
2015-10-15,1.0,-0.001845088102335635,3.968056356828953e-07
2015-10-16,1.0,-0.0009240715298233226,3.968056356828953e-07
2015-10-19,1.0,0.0,7.935717540874521e-07
2015-10-20,1.0,-0.001850445813492474,7.935717540874521e-07
2015-10-21,1.0,0.001853876311151081,3.968056356828953e-07
2015-10-22,1.0,0.0009249262278177017,0.0
2015-10-23,1.0,-0.001848735869198759,3.968056356828953e-07
2015-10-26,1.0,0.000926376965700193,7.935717540874521e-07
2015-10-27,1.0,0.0009249262278177017,1.190298363207276e-06
2015-10-28,1.0,-0.00277280739902197,1.586985470813929e-06
2015-10-29,1.0,-0.003706860935498324,2.77680986426887e-06
2015-10-30,1.0,0.002889253401002101,3.173339045314805e-06
2015-11-02,1.0,-0.0009296699285036292,3.173339045314805e-06
2015-11-03,1.0,-0.001860772285706358,2.380241213684187e-06
2015-11-04,1.0,-0.0009311958546270871,1.98363308512306e-06
2015-11-05,1.0,0.0,1.98363308512306e-06
2015-11-06,1.0,-0.004664618570749957,3.173339045314805e-06
2015-11-09,1.0,-0.0009378718121463292,5.551685702931408e-06
2015-11-10,1.0,0.0009387522414121552,5.155393176359269e-06
2015-11-11,1.0,-0.0009378718121463292,5.155393176359269e-06
2015-11-12,1.0,0.0009387522414121552,5.551685702931408e-06
2015-11-13,1.0,0.001874003713689287,5.551685702931408e-06
2015-11-16,1.0,0.0,5.947938814809817e-06
2015-11-17,1.0,0.0,5.551685702931408e-06
2015-11-18,1.0,0.0,4.759061227099792e-06
2015-11-19,1.0,0.001871396663152947,4.362689847159373e-06
2015-11-20,1.0,-0.000934010312487632,4.759061227099792e-06
2015-11-23,1.0,0.0,5.551685702931408e-06
2015-11-24,1.0,0.0,6.344152519766055e-06
2015-11-25,1.0,0.0,7.532557270595319e-06
2015-11-27,1.0,0.0009348835033207159,7.136461739776223e-06
2015-11-30,1.0,0.001965211253933674,8.720607641343747e-06
2015-12-01,1.0,0.003733963232822823,8.32463021360752e-06
2015-12-02,1.0,-0.0009302558893126145,8.32463021360752e-06
2015-12-03,1.0,-0.006517676030673991,8.32463021360752e-06
2015-12-04,1.0,0.001874521152807951,9.116545717002822e-06
2015-12-07,1.0,0.001871671337477565,1.149134821565312e-05
2015-12-08,1.0,0.0,1.0699904655187e-05
2015-12-09,1.0,0.0,1.030412390967683e-05
2015-12-10,1.0,-0.0009339083973964879,9.512444448356305e-06
2015-12-11,1.0,0.003737632806283031,9.116545717002822e-06
2015-12-14,1.0,-0.004655372399452573,1.030412390967683e-05
2015-12-15,1.0,-0.002807267937198987,9.908303843175759e-06
2015-12-16,1.0,-0.0009372714958704176,1.0699904655187e-05
2015-12-17,1.0,0.002817691947464951,9.116545717002822e-06
2015-12-18,1.0,0.0009356344516877613,7.532557270595319e-06
2015-12-21,1.0,0.0,9.512444448356305e-06
2015-12-22,1.0,-0.002153473941775896,8.32463021360752e-06
2015-12-23,1.0,-0.0009374360420468797,7.92861342602258e-06
2015-12-24,1.0,0.0009383156529587655,7.92861342602258e-06
2015-12-28,1.0,0.0,9.116545717002822e-06
2015-12-29,1.0,-0.003751541055368124,9.116545717002822e-06
2015-12-30,1.0,0.0,8.32463021360752e-06
2015-12-31,1.0,0.003962927702647168,6.344152519766055e-06
2016-01-04,1.0,0.001878635735938161,8.720607641343747e-06
2016-01-05,1.0,-0.0009372277937532703,7.92861342602258e-06
2016-01-06,1.0,0.003756077578338957,8.32463021360752e-06
2016-01-07,1.0,0.0009355502663956905,7.92861342602258e-06
2016-01-08,1.0,0.001869232563019851,7.92861342602258e-06
2016-01-11,1.0,-0.002798677014983819,8.32463021360752e-06
2016-01-12,1.0,0.002806531590437755,8.32463021360752e-06
2016-01-13,1.0,0.001864675175510255,8.720607641343747e-06
2016-01-14,1.0,-0.001861204633433644,9.908303843175759e-06
2016-01-15,1.0,0.001864675175510255,9.512444448356305e-06
2016-01-19,1.0,-0.0009300090473577383,1.030412390967683e-05
2016-01-20,1.0,0.0009308747693150821,1.030412390967683e-05
2016-01-21,1.0,-0.0009300090473577383,1.109564608792191e-05
2016-01-22,1.0,-0.0009320624125523924,1.228263458696865e-05
2016-01-25,1.0,0.0009329319633688549,1.228263458696865e-05
2016-01-26,1.0,0.0,1.228263458696865e-05
2016-01-27,1.0,0.0,1.26782188460961e-05
2016-01-28,1.0,0.0009308747693150821,1.386473601239224e-05
2016-01-29,1.0,0.004853062011479725,1.307376383175018e-05
2016-02-01,1.0,-0.001857529352529808,1.386473601239224e-05
2016-02-02,1.0,0.004650868414872944,1.346926955103633e-05
2016-02-03,1.0,-0.001852488807880137,1.307376383175018e-05
2016-02-04,1.0,0.0009289072174580859,1.149134821565312e-05
2016-02-05,1.0,0.0,1.188701104593015e-05
2016-02-08,1.0,0.004633743339767404,1.26782188460961e-05
2016-02-09,1.0,-0.0009231780695406755,1.188701104593015e-05
2016-02-10,1.0,0.001847122815583413,1.228263458696865e-05
2016-02-11,1.0,0.0009222102524508724,1.109564608792191e-05
2016-02-12,1.0,-0.004604343674048161,1.188701104593015e-05
2016-02-16,1.0,-0.001849950813072487,1.188701104593015e-05
2016-02-17,1.0,-0.0009280451496204156,1.188701104593015e-05
2016-02-18,1.0,0.002784008308965413,1.188701104593015e-05
2016-02-19,1.0,0.0,1.228263458696865e-05
2016-02-22,1.0,0.0,1.307376383175018e-05
2016-02-23,1.0,0.000924446008847335,1.26782188460961e-05
2016-02-24,1.0,0.0,1.307376383175018e-05
2016-02-25,1.0,0.001849064959866364,1.26782188460961e-05
2016-02-26,1.0,-0.002767539796729501,1.307376383175018e-05
2016-02-29,1.0,0.002872394216342,1.307376383175018e-05
2016-03-01,1.0,-0.003696577521965172,1.307376383175018e-05
2016-03-02,1.0,0.0,1.426016322336743e-05
2016-03-03,1.0,0.00185573516477433,1.109564608792191e-05
2016-03-04,1.0,-0.001852297790628676,1.149134821565312e-05
2016-03-07,1.0,-0.0009271022579425692,1.26782188460961e-05
2016-03-08,1.0,0.003713971623248602,1.149134821565312e-05
2016-03-09,1.0,-0.001849762292512325,1.188701104593015e-05
2016-03-10,1.0,-0.001853896051954296,1.26782188460961e-05
2016-03-11,1.0,-0.0009284339800708086,1.307376383175018e-05
2016-03-14,1.0,0.0009292967707703603,1.346926955103633e-05
2016-03-15,1.0,0.0,1.346926955103633e-05
2016-03-16,1.0,0.003713971623248602,1.228263458696865e-05
2016-03-17,1.0,0.0009242940692304469,1.149134821565312e-05
2016-03-18,1.0,0.001849461830772503,1.188701104593015e-05
2016-03-21,1.0,-0.00184604763613172,1.228263458696865e-05
2016-03-22,1.0,-0.0009234405386173705,1.188701104593015e-05
2016-03-23,1.0,0.003700463908265617,1.188701104593015e-05
2016-03-24,1.0,-0.0009215882575758227,1.188701104593015e-05
2016-03-28,1.0,0.0,1.149134821565312e-05
2016-03-29,1.0,0.004612660191410045,9.116545717002822e-06
2016-03-30,1.0,-0.0009185526659006849,7.92861342602258e-06
2016-03-31,1.0,0.003868561084499067,8.32463021360752e-06
2016-04-01,1.0,0.0009163189845255992,9.116545717002822e-06
2016-04-04,1.0,0.0,9.116545717002822e-06
2016-04-05,1.0,0.002750736186496461,9.116545717002822e-06
2016-04-06,1.0,-0.001829295332836489,9.116545717002822e-06
2016-04-07,1.0,0.002747521708970968,9.116545717002822e-06
2016-04-08,1.0,-0.0009123671734756478,9.116545717002822e-06
2016-04-11,1.0,0.0,9.116545717002822e-06
2016-04-12,1.0,-0.001829295332836489,8.720607641343747e-06
2016-04-13,1.0,0.000916381892293705,9.116545717002822e-06
2016-04-14,1.0,-0.001830274570158386,8.720607641343747e-06
2016-04-15,1.0,0.002750736186496461,8.720607641343747e-06
2016-04-18,1.0,-0.0009145897736613229,8.720607641343747e-06
2016-04-19,1.0,0.0,8.32463021360752e-06
2016-04-20,1.0,-0.002744079102906971,9.116545717002822e-06
2016-04-21,1.0,-0.0009182945612836724,9.116545717002822e-06
2016-04-22,1.0,-0.0009179754291523956,9.116545717002822e-06
2016-04-25,1.0,0.0,9.908303843175759e-06
2016-04-26,1.0,-0.001838452733218365,9.512444448356305e-06
2016-04-27,1.0,0.002762350065556696,9.512444448356305e-06
2016-04-28,1.0,0.002754391556301083,8.720607641343747e-06
2016-04-29,1.0,0.001927533911929791,8.720607641343747e-06
2016-05-02,1.0,-0.001831206033891641,8.720607641343747e-06
2016-05-03,1.0,0.002752138219322076,8.32463021360752e-06
2016-05-04,1.0,0.0009149386933240411,7.532557270595319e-06
2016-05-05,1.0,0.001828320254312343,7.92861342602258e-06
2016-05-06,1.0,-0.001824983599832963,7.532557270595319e-06
2016-05-09,1.0,0.000913524531340526,9.512444448356305e-06
2016-05-10,1.0,0.0,9.512444448356305e-06
2016-05-11,1.0,0.0009139607973627228,1.030412390967683e-05
2016-05-12,1.0,-0.000913126235780104,1.0699904655187e-05
2016-05-13,1.0,0.001826651563298975,1.149134821565312e-05
2016-05-16,1.0,-0.002734347628864486,1.109564608792191e-05
2016-05-17,1.0,-0.0009141023457183151,1.109564608792191e-05
2016-05-18,1.0,-0.004575040472446168,1.188701104593015e-05
2016-05-19,1.0,0.0009191438134708019,1.228263458696865e-05
2016-05-20,1.0,0.0,1.307376383175018e-05
2016-05-23,1.0,0.0,1.386473601239224e-05
2016-05-24,1.0,-0.0009182997639237689,1.386473601239224e-05
2016-05-25,1.0,-0.0009184466120951695,1.307376383175018e-05
2016-05-26,1.0,0.002759850015079168,1.228263458696865e-05
2016-05-27,1.0,-0.001835493396863286,1.26782188460961e-05
2016-05-31,1.0,0.003868421832396329,1.346926955103633e-05
2016-06-01,1.0,0.0,1.188701104593015e-05
2016-06-02,1.0,0.001834676331841978,1.149134821565312e-05
2016-06-03,1.0,0.005494642619459533,1.188701104593015e-05
2016-06-06,1.0,-0.001821194107645918,1.109564608792191e-05
2016-06-07,1.0,0.0009115101817345206,1.109564608792191e-05
2016-06-08,1.0,0.0009121752683072248,9.512444448356305e-06
2016-06-09,1.0,0.0009105395992798915,1.030412390967683e-05
2016-06-10,1.0,0.001819307737734865,1.030412390967683e-05
2016-06-13,1.0,0.0009090905965560836,1.0699904655187e-05
2016-06-14,1.0,-0.0009082649014751087,1.0699904655187e-05
2016-06-15,1.0,0.001817837404912481,1.030412390967683e-05
2016-06-16,1.0,0.0,1.0699904655187e-05
2016-06-17,1.0,-0.0009070978519510886,1.0699904655187e-05
2016-06-20,1.0,-0.002722619356747447,1.109564608792191e-05
2016-06-21,1.0,-0.0009097112711435873,1.0699904655187e-05
2016-06-22,1.0,0.0009105395992798915,1.0699904655187e-05
2016-06-23,1.0,-0.002729248617982849,1.228263458696865e-05
2016-06-24,1.0,0.006387133040310022,1.0699904655187e-05
2016-06-27,1.0,0.005438812303495411,1.0699904655187e-05
2016-06-28,1.0,0.0,1.030412390967683e-05
2016-06-29,1.0,-0.001803130545900644,1.030412390967683e-05
2016-06-30,1.0,0.003710451860206687,1.030412390967683e-05
2016-07-01,1.0,0.002705867163486086,1.109564608792191e-05
2016-07-05,0.0,0.003596614727015668,1.109564608792191e-05
2016-07-06,0.0,0.0,1.0699904655187e-05
2016-07-07,0.0,0.0,1.149134821565312e-05
2016-07-08,0.0,0.001792709033066719,1.109564608792191e-05
2016-07-11,0.0,-0.00268340667279876,1.228263458696865e-05
2016-07-12,0.0,-0.00358806700330272,1.149134821565312e-05
2016-07-13,0.0,0.002700315631906536,1.228263458696865e-05
2016-07-14,0.0,-0.002693043564272468,1.26782188460961e-05
2016-07-15,0.0,-0.002700542330108413,1.26782188460961e-05
2016-07-18,0.0,0.0,1.26782188460961e-05
2016-07-19,0.0,0.001805426098175911,1.228263458696865e-05
2016-07-20,0.0,-0.001802172409075098,1.26782188460961e-05
2016-07-21,0.0,0.0009026562210709965,1.26782188460961e-05
2016-07-22,0.0,0.0,1.307376383175018e-05
2016-07-25,0.0,-0.0009018421676280086,1.26782188460961e-05
2016-07-26,0.0,0.0,1.228263458696865e-05
2016-07-27,0.0,0.003610965852385517,1.228263458696865e-05
2016-07-28,0.0,-0.0008998614761442925,9.908303843175759e-06
2016-07-29,0.0,0.004599366469205002,1.109564608792191e-05
2016-08-01,0.0,-0.001795240575889645,1.149134821565312e-05
2016-08-02,0.0,-0.002697760407859517,1.149134821565312e-05
2016-08-03,0.0,0.0,1.109564608792191e-05
2016-08-04,0.0,0.002705058006249761,1.030412390967683e-05
2016-08-05,0.0,-0.004496907867192479,1.109564608792191e-05
2016-08-08,0.0,0.0009038076188712107,1.228263458696865e-05
2016-08-09,0.0,0.002707499730010055,1.149134821565312e-05
2016-08-10,0.0,0.0009002138361406953,1.109564608792191e-05
2016-08-11,0.0,-0.002697760407859517,1.109564608792191e-05
2016-08-12,0.0,0.002705058006249761,1.149134821565312e-05
2016-08-15,0.0,-0.002697760407859517,1.228263458696865e-05
2016-08-16,0.0,0.0,1.0699904655187e-05
2016-08-17,0.0,0.0009013837651863366,1.188701104593015e-05
2016-08-18,0.0,0.0009010249512686475,1.188701104593015e-05
2016-08-19,0.0,-0.001799975132964482,1.188701104593015e-05
2016-08-22,0.0,0.00180322088571816,1.149134821565312e-05
2016-08-23,0.0,0.0,1.188701104593015e-05
2016-08-24,0.0,0.0,1.228263458696865e-05
2016-08-25,0.0,-0.0009002138361406953,1.307376383175018e-05
2016-08-26,0.0,-0.00270296161703909,1.346926955103633e-05
2016-08-29,0.0,0.003613754407765235,1.307376383175018e-05
2016-08-30,0.0,-0.0009002138361406953,1.307376383175018e-05
2016-08-31,0.0,0.001895243761390164,1.307376383175018e-05
2016-09-01,0.0,0.0,1.307376383175018e-05
2016-09-02,0.0,-0.0018018056710426,1.307376383175018e-05
2016-09-06,0.0,0.00361022929626631,1.26782188460961e-05
2016-09-07,0.0,0.0,1.346926955103633e-05
2016-09-08,0.0,-0.003597242426273128,1.386473601239224e-05
2016-09-09,0.0,-0.004512418633968895,1.386473601239224e-05
2016-09-12,0.0,0.0,1.465555119151141e-05
2016-09-13,0.0,-0.002719860200118385,1.426016322336743e-05
2016-09-14,0.0,0.0009095488717432154,1.307376383175018e-05
2016-09-15,0.0,0.0,1.149134821565312e-05
2016-09-16,0.0,0.0009079247197318896,1.188701104593015e-05
2016-09-19,0.0,-0.0009071011401833307,1.188701104593015e-05
2016-09-20,0.0,0.0009079247197318896,1.188701104593015e-05
2016-09-21,0.0,0.001814999181468657,8.720607641343747e-06
2016-09-22,0.0,0.001811370017326119,7.136461739776223e-06
2016-09-23,0.0,0.0,7.136461739776223e-06
2016-09-26,0.0,0.001808094888456679,9.908303843175759e-06
2016-09-27,0.0,0.0009028686971437327,1.030412390967683e-05
2016-09-28,0.0,0.0,1.0699904655187e-05
2016-09-29,0.0,0.0009013755139666291,1.030412390967683e-05
2016-09-30,0.0,-0.0008120671023987835,1.149134821565312e-05
2016-10-03,0.0,-0.0009029923966750175,1.26782188460961e-05
2016-10-04,0.0,-0.002712670969880593,1.307376383175018e-05
2016-10-05,0.0,-0.000906834555936542,1.26782188460961e-05
2016-10-06,0.0,-0.001815428930167284,1.307376383175018e-05
2016-10-07,0.0,0.0009097637733248565,1.307376383175018e-05
2016-10-10,0.0,-0.002724649680586944,1.307376383175018e-05
2016-10-11,0.0,0.0,1.386473601239224e-05
2016-10-12,0.0,0.0009101656989669582,1.465555119151141e-05
2016-10-13,0.0,0.0009096798642407311,1.188701104593015e-05
2016-10-14,0.0,-0.002726217793713515,1.26782188460961e-05
2016-10-17,0.0,0.001822332770862412,1.346926955103633e-05
2016-10-18,0.0,0.0009096798642407311,1.346926955103633e-05
2016-10-19,0.0,0.0009097637733248565,1.386473601239224e-05
2016-10-20,0.0,0.0,1.386473601239224e-05
2016-10-21,0.0,0.0,1.346926955103633e-05
2016-10-24,0.0,-0.0009089368555015298,1.307376383175018e-05
2016-10-25,0.0,0.0,1.346926955103633e-05
2016-10-26,0.0,-0.001817364694836399,1.307376383175018e-05
2016-10-27,0.0,-0.002732207720317126,1.188701104593015e-05
2016-10-28,0.0,0.0,1.188701104593015e-05
2016-10-31,0.0,0.002836322261007274,1.346926955103633e-05
2016-11-01,0.0,0.0,1.386473601239224e-05
2016-11-02,0.0,0.0009124726412148565,1.465555119151141e-05
2016-11-03,0.0,-0.0009116407939318005,1.505089992526187e-05
2016-11-04,0.0,0.001824945282429713,1.505089992526187e-05
2016-11-07,0.0,-0.002732431385877421,1.623671079520328e-05
2016-11-08,0.0,-0.00182592720761654,1.702705534412097e-05
2016-11-09,0.0,-0.01006474357669673,1.781724314131594e-05
2016-11-10,0.0,-0.003696539762491846,1.900223106310328e-05
2016-11-11,0.0,-0.001854953531674974,1.900223106310328e-05
2016-11-14,0.0,-0.003717382307769079,2.17658330252668e-05
2016-11-15,0.0,0.0009324343040690852,2.018686664317926e-05
2016-11-16,0.0,0.001864063159174645,1.86072742485166e-05
2016-11-17,0.0,-0.003721073527445662,1.742216883293679e-05
2016-11-18,0.0,-0.002801199550547806,1.742216883293679e-05
2016-11-21,0.0,0.0,1.821227827725203e-05
2016-11-22,0.0,0.0,1.939714872856158e-05
2016-11-23,0.0,-0.001872439160647388,2.018686664317926e-05
2016-11-25,0.0,-0.0009385034615595478,1.939714872856158e-05
2016-11-28,0.0,0.003756132113333699,1.900223106310328e-05
2016-11-29,0.0,0.0009359867376548259,1.900223106310328e-05
2016-11-30,0.0,-0.002809772907837016,1.900223106310328e-05
2016-12-01,0.0,-0.001877366767047417,1.900223106310328e-05
2016-12-02,0.0,0.002822050957922428,1.939714872856158e-05
2016-12-05,0.0,-0.0009385045480023724,1.939714872856158e-05
2016-12-06,0.0,0.0009393861661917136,1.939714872856158e-05
2016-12-07,0.0,0.00281387535676636,2.058166690788177e-05
2016-12-08,0.0,-0.002805979679693982,2.018686664317926e-05
2016-12-09,0.0,-0.003752379904768732,2.137115009137602e-05
2016-12-12,0.0,0.0,2.018686664317926e-05
2016-12-13,0.0,0.0009418045153053445,2.137115009137602e-05
2016-12-14,0.0,-0.005644453968110197,2.17658330252668e-05
2016-12-15,0.0,-0.001892046876783127,2.018686664317926e-05
2016-12-16,0.0,0.0009475802708915904,2.018686664317926e-05
2016-12-19,0.0,0.002840640281051687,2.058166690788177e-05
2016-12-20,0.0,-0.0009447084078577639,2.058166690788177e-05
2016-12-21,0.0,0.001419345832254448,2.058166690788177e-05
2016-12-22,0.0,0.0,2.018686664317926e-05
2016-12-23,0.0,0.0,2.058166690788177e-05
2016-12-27,0.0,-0.0009447324455077455,2.018686664317926e-05
2016-12-28,0.0,0.002835581080224303,2.097642805476418e-05
2016-12-29,0.0,0.001885316401876613,1.86072742485166e-05
2016-12-30,0.0,0.00386464590305069,2.018686664317926e-05
2017-01-03,0.0,0.0,2.097642805476418e-05
2017-01-04,1.0,0.0009386058530773678,2.097642805476418e-05
2017-01-05,1.0,0.004690963174917684,2.058166690788177e-05
2017-01-06,1.0,-0.003735481004469077,2.097642805476418e-05
2017-01-09,1.0,0.002811707170069067,1.979202725266305e-05
2017-01-10,1.0,-0.0009339876247511647,2.058166690788177e-05
2017-01-11,1.0,0.0009348607731440861,2.058166690788177e-05
2017-01-12,1.0,0.0,2.058166690788177e-05
2017-01-13,1.0,-0.001869254525292741,2.097642805476418e-05
2017-01-17,1.0,0.003745859909569882,2.17658330252668e-05
2017-01-18,1.0,-0.005597414927592914,2.097642805476418e-05
2017-01-19,1.0,-0.001875451396496919,2.058166690788177e-05
2017-01-20,1.0,0.0009394876616954928,1.979202725266305e-05
2017-01-23,1.0,0.00281640177798792,2.018686664317926e-05
2017-01-24,1.0,-0.002808491936305169,2.018686664317926e-05
2017-01-25,1.0,-0.002817336527997316,1.979202725266305e-05
2017-01-26,1.0,0.0009418435621044718,2.018686664317926e-05
2017-01-27,1.0,0.000941308518344508,2.058166690788177e-05
2017-01-30,1.0,0.0,2.018686664317926e-05
2017-01-31,1.0,0.003860051073604209,2.058166690788177e-05
2017-02-01,1.0,-0.001875711401412739,2.018686664317926e-05
2017-02-02,1.0,0.0,2.058166690788177e-05
2017-02-03,1.0,0.0009397348759412338,2.018686664317926e-05
2017-02-06,1.0,0.002817140876051782,2.097642805476418e-05
2017-02-07,1.0,0.0009357500111344397,2.097642805476418e-05
2017-02-08,1.0,0.002806949142184934,2.137115009137602e-05
2017-02-09,1.0,-0.003731350632382169,2.137115009137602e-05
2017-02-10,1.0,0.0,2.17658330252668e-05
2017-02-13,1.0,-0.0009363314390026245,2.058166690788177e-05
2017-02-14,1.0,-0.001874650743580841,2.137115009137602e-05
2017-02-15,1.0,-0.001878055046312332,2.137115009137602e-05
2017-02-16,1.0,0.002821974246359771,2.097642805476418e-05
2017-02-17,1.0,0.0009386712274026543,2.097642805476418e-05
2017-02-21,1.0,0.0,2.097642805476418e-05
2017-02-22,1.0,0.0009372089772328174,2.058166690788177e-05
2017-02-23,1.0,0.0009357500111344397,2.018686664317926e-05
2017-02-24,1.0,0.003742172874422245,2.058166690788177e-05
2017-02-27,1.0,-0.002795789752443878,1.979202725266305e-05
2017-02-28,1.0,0.002809199382238559,2.097642805476418e-05
2017-03-01,1.0,-0.005602312546839738,2.492188974012599e-05
2017-03-02,1.0,-0.0009397745798076507,2.649898106499293e-05
2017-03-03,1.0,0.0,2.807544836191944e-05
2017-03-06,1.0,-0.000939377035627631,2.925738961367941e-05
2017-03-07,1.0,-0.0009407267513558137,3.004515569715593e-05
2017-03-08,1.0,-0.002824020586379428,2.886344815444808e-05
2017-03-09,0.0,-0.002833188809957643,2.886344815444808e-05
2017-03-10,0.0,0.0009463752021994232,2.965129212539885e-05
2017-03-13,0.0,-0.001892016331409341,3.122651284970246e-05
2017-03-14,0.0,0.0009483301645953901,3.08327660516472e-05
2017-03-15,0.0,0.004733871592544459,2.886344815444808e-05
2017-03-16,1.0,-0.0009422667936419549,2.886344815444808e-05
2017-03-17,1.0,0.001887012661087706,2.886344815444808e-05
2017-03-20,1.0,0.001882758206923185,3.004515569715593e-05
2017-03-21,1.0,0.001880385136429297,3.043898033650017e-05
2017-03-22,1.0,0.0009373813882873616,3.043898033650017e-05
2017-03-23,1.0,-0.0009365035273107836,3.004515569715593e-05
2017-03-24,1.0,0.0009373813882873616,3.08327660516472e-05
2017-03-27,1.0,0.001875214419342797,3.08327660516472e-05
2017-03-28,1.0,-0.00280645524131784,3.08327660516472e-05
2017-03-29,1.0,0.001876158208488743,3.08327660516472e-05
2017-03-30,1.0,-0.0018726448305183,3.08327660516472e-05
2017-03-31,1.0,0.003948490886899414,3.004515569715593e-05
2017-04-03,1.0,0.002808844628962026,3.122651284970246e-05
2017-04-04,1.0,-0.0009347755805154678,3.122651284970246e-05
2017-04-05,1.0,0.0009356502034776337,3.162022073865955e-05
2017-04-06,1.0,0.0,3.122651284970246e-05
2017-04-07,1.0,-0.002800977119424286,3.240751982014345e-05
2017-04-10,1.0,0.0009357796188611545,3.240751982014345e-05
2017-04-11,1.0,0.003742049143657722,3.240751982014345e-05
2017-04-12,1.0,0.001864337430433238,3.201388972629005e-05
2017-04-13,1.0,0.001860522921094621,3.201388972629005e-05
2017-04-17,1.0,-0.0009289933447412801,3.280111102821337e-05
2017-04-18,1.0,0.003717129353388193,3.240751982014345e-05
2017-04-19,1.0,-0.001851910819635427,3.201388972629005e-05
2017-04-20,1.0,-0.001854887739357269,3.122651284970246e-05
2017-04-21,1.0,0.0,3.122651284970246e-05
2017-04-24,1.0,-0.001858449709189691,3.201388972629005e-05
2017-04-25,1.0,-0.002793383279898642,3.240751982014345e-05
2017-04-26,1.0,0.0009336205384042895,3.280111102821337e-05
2017-04-27,1.0,0.0009327497041233812,3.201388972629005e-05
2017-04-28,1.0,0.002894559388157081,3.162022073865955e-05
2017-05-01,1.0,-0.001861715518832963,3.280111102821337e-05
2017-05-02,1.0,0.000932306057593868,3.240751982014345e-05
2017-05-03,1.0,-0.000931437672609392,3.358817681675674e-05
2017-05-04,1.0,-0.0009329970812312904,3.398165141277332e-05
2017-05-05,1.0,0.0,3.555516132158765e-05
2017-05-08,1.0,-0.001867506199083047,3.594844171850298e-05
2017-05-09,1.0,0.0,3.594844171850298e-05
2017-05-10,1.0,-0.0009352691641826283,3.555516132158765e-05
2017-05-11,1.0,0.000936144711464415,3.516184210039519e-05
2017-05-12,1.0,0.003741538632114016,3.4768484046932e-05
2017-05-15,1.0,-0.000931437672609392,3.555516132158765e-05
2017-05-16,1.0,0.000932306057593868,3.555516132158765e-05
2017-05-17,1.0,0.005592077935616446,3.555516132158765e-05
2017-05-18,1.0,-0.0009272877770792887,3.673488606925623e-05
2017-05-19,1.0,0.0,3.634168329846865e-05
2017-05-22,1.0,-0.0009268886114216501,3.673488606925623e-05
2017-05-23,1.0,-0.001857101964871211,3.634168329846865e-05
2017-05-24,1.0,0.001860557209320435,3.673488606925623e-05
2017-05-25,1.0,0.0,3.712805003863728e-05
2017-05-26,1.0,0.0,3.712805003863728e-05
2017-05-30,1.0,0.001856758057099839,3.673488606925623e-05
2017-05-31,1.0,0.002042687734010284,3.870031805486285e-05
2017-06-01,1.0,0.0,3.870031805486285e-05
2017-06-02,1.0,0.002780074904211505,3.870031805486285e-05
2017-06-05,1.0,-0.0009236290525349578,3.79142616035999e-05
2017-06-06,1.0,0.001849763716022412,3.830730921472458e-05
2017-06-07,1.0,-0.00184634840773068,3.948621945371045e-05
2017-06-08,1.0,-0.0009251668052839834,3.987911202774086e-05
2017-06-09,1.0,-0.0009261376159725998,3.987911202774086e-05
2017-06-12,1.0,0.0,3.870031805486285e-05
2017-06-13,1.0,0.0,3.948621945371045e-05
2017-06-14,1.0,0.003707071046181065,3.987911202774086e-05
2017-06-15,1.0,-0.0009235723934905016,4.027196586142701e-05
2017-06-16,1.0,0.0,4.066478096254045e-05
2017-06-19,1.0,-0.0009236290525349578,4.027196586142701e-05
2017-06-20,1.0,0.001849763716022412,3.987911202774086e-05
2017-06-21,1.0,0.0,3.90932881320083e-05
2017-06-22,1.0,0.0,3.79142616035999e-05
2017-06-23,1.0,0.0009233448565617586,3.830730921472458e-05
2017-06-26,1.0,0.0,3.90932881320083e-05
2017-06-27,1.0,-0.002767138241429934,3.948621945371045e-05
2017-06-28,1.0,0.0,4.027196586142701e-05
2017-06-29,1.0,-0.002775272458033773,4.105755733907479e-05
2017-06-30,1.0,0.001115987237239047,4.066478096254045e-05
2017-07-03,1.0,-0.001857524767758023,4.184299394793811e-05
2017-07-05,1.0,0.0,4.145029499813546e-05
2017-07-06,1.0,-0.0009301476500732653,4.105755733907479e-05
2017-07-07,1.0,-0.0009312426055284595,4.145029499813546e-05
2017-07-10,1.0,0.0,4.105755733907479e-05
2017-07-11,1.0,0.0009321106266571011,4.145029499813546e-05
2017-07-12,1.0,0.002793727816585267,4.145029499813546e-05
2017-07-13,1.0,-0.001857524767758023,4.145029499813546e-05
2017-07-14,1.0,0.000930376412407341,4.105755733907479e-05
2017-07-17,1.0,0.0009297401664207783,4.223565419558817e-05
2017-07-18,1.0,0.002785031295924334,4.223565419558817e-05
2017-07-19,1.0,0.0,4.380590832075981e-05
2017-07-20,1.0,0.0,4.537554382633147e-05
2017-07-21,1.0,0.00185122735462806,4.576785610077572e-05
2017-07-24,1.0,-0.000924130604700979,4.616012974967276e-05
2017-07-25,1.0,-0.003699259169947289,4.655236478057212e-05
2017-07-26,1.0,0.001855926405941899,4.459080337038124e-05
2017-07-27,1.0,-0.0009260162475625,4.380590832075981e-05
2017-07-28,1.0,0.0009268745484538599,4.262827574930128e-05
2017-07-31,1.0,0.002043366642264566,4.223565419558817e-05
2017-08-01,1.0,0.002779889584568984,4.262827574930128e-05
2017-08-02,1.0,-0.0009233806164240521,4.262827574930128e-05
2017-08-03,1.0,0.001849716730554452,4.262827574930128e-05
2017-08-04,1.0,-0.001846301595603395,4.262827574930128e-05
2017-08-07,1.0,0.0,4.027196586142701e-05
2017-08-08,1.0,-0.0009251421512131985,4.184299394793811e-05
2017-08-09,1.0,0.0009259988317644741,4.184299394793811e-05
2017-08-10,1.0,0.0009242340362181078,4.145029499813546e-05
2017-08-11,1.0,0.0009246281215555818,4.066478096254045e-05
2017-08-14,1.0,-0.001846301595603395,4.027196586142701e-05
2017-08-15,1.0,-0.0009251421512131985,4.105755733907479e-05
2017-08-16,1.0,0.0009259988317644741,4.027196586142701e-05
2017-08-17,1.0,0.001849716730554452,3.948621945371045e-05
2017-08-18,1.0,0.0,4.027196586142701e-05
2017-08-21,1.0,0.0,3.948621945371045e-05
2017-08-22,1.0,-0.0009237739741611017,3.948621945371045e-05
2017-08-23,1.0,0.001848689195323994,3.948621945371045e-05
2017-08-24,1.0,-0.0009223559243369817,4.027196586142701e-05
2017-08-25,1.0,0.000923207450197916,4.066478096254045e-05
2017-08-28,1.0,0.0,3.870031805486285e-05
2017-08-29,1.0,0.001845391050385503,4.066478096254045e-05
2017-08-30,1.0,-0.000921447894635663,4.066478096254045e-05
2017-08-31,1.0,0.00295542423603945,3.987911202774086e-05
2017-09-01,1.0,-0.001840964193438155,4.027196586142701e-05
2017-09-05,1.0,0.004612480573276567,4.066478096254045e-05
2017-09-06,1.0,-0.001836791195277243,4.223565419558817e-05
2017-09-07,1.0,0.00275969351359362,4.145029499813546e-05
2017-09-08,1.0,-0.0009169916920238608,4.105755733907479e-05
2017-09-11,1.0,-0.003673357486526529,4.145029499813546e-05
2017-09-12,1.0,-0.001843337528961597,4.066478096254045e-05
2017-09-13,1.0,-0.0009233708486191539,4.105755733907479e-05
2017-09-14,1.0,0.0009242242503495479,4.145029499813546e-05
2017-09-15,1.0,0.0,4.145029499813546e-05
2017-09-18,1.0,-0.0009233708486191539,4.145029499813546e-05
2017-09-19,1.0,-0.0009238847116830318,4.105755733907479e-05
2017-09-20,1.0,-0.0009247390639665065,4.105755733907479e-05
2017-09-21,1.0,0.0,4.105755733907479e-05
2017-09-22,1.0,0.000925594997818413,4.066478096254045e-05
2017-09-25,1.0,0.001849817980584145,4.145029499813546e-05
2017-09-26,1.0,-0.0009233708486191539,4.184299394793811e-05
2017-09-27,1.0,-0.002772899110159655,4.223565419558817e-05
2017-09-28,1.0,0.0,4.184299394793811e-05
2017-09-29,1.0,0.001114627163399273,4.184299394793811e-05
2017-10-02,1.0,0.0,3.987911202774086e-05
2017-10-03,1.0,0.0009280296352762729,4.223565419558817e-05
2017-10-04,1.0,0.0,4.262827574930128e-05
2017-10-05,1.0,-0.0009271691947865257,4.223565419558817e-05
2017-10-06,1.0,-0.0009267825883683134,4.223565419558817e-05
2017-10-09,1.0,0.0009276423111104215,4.223565419558817e-05
2017-10-10,1.0,0.0,4.262827574930128e-05
2017-10-11,1.0,0.0,4.341340280400452e-05
2017-10-12,1.0,0.0009280296352762729,4.302085861618288e-05
2017-10-13,1.0,0.001853658812836168,4.302085861618288e-05
2017-10-16,1.0,-0.0009252276128890458,4.341340280400452e-05
2017-10-17,1.0,0.0,4.302085861618288e-05
2017-10-18,1.0,-0.001852168903591411,4.302085861618288e-05
2017-10-19,1.0,0.0009280296352762729,4.341340280400452e-05
2017-10-20,1.0,-0.002780601482043621,4.380590832075981e-05
2017-10-23,1.0,0.0009300952072668345,4.302085861618288e-05
2017-10-24,1.0,-0.001858007975794829,4.419837517355418e-05
2017-10-25,1.0,-0.0009298238234528577,4.419837517355418e-05
2017-10-26,1.0,-0.001862288721660388,4.380590832075981e-05
2017-10-27,1.0,0.001865763311633017,4.341340280400452e-05
2017-10-30,1.0,0.002793888242877296,4.419837517355418e-05
2017-10-31,1.0,0.002046827156918729,4.537554382633147e-05
2017-11-01,1.0,0.0,4.655236478057212e-05
2017-11-02,1.0,0.0009275593265405391,4.616012974967276e-05
2017-11-03,1.0,0.0009285099389708673,4.655236478057212e-05
2017-11-06,1.0,0.0009262922313526545,4.69445612010233e-05
2017-11-07,1.0,0.0,4.812091887673731e-05
2017-11-08,1.0,-0.0009254350080940554,4.851296093222324e-05
2017-11-09,1.0,-0.0009276486080184165,4.890496441523062e-05
2017-11-10,1.0,-0.003710193120337602,4.851296093222324e-05
2017-11-13,1.0,0.0,4.890496441523062e-05
2017-11-14,1.0,0.0009308321425867128,4.968885569511805e-05
2017-11-15,1.0,0.0018612944244214,4.929692933375307e-05
2017-11-16,1.0,-0.001857836443807104,5.008074350687508e-05
2017-11-17,1.0,0.0009305337601550612,5.086440351265153e-05
2017-11-20,1.0,-0.0009296686720700054,5.125617572176999e-05
2017-11-21,1.0,0.0009305337601550612,5.125617572176999e-05
2017-11-22,1.0,0.001858317224894712,5.086440351265153e-05
2017-11-24,1.0,-0.0009266997575375635,5.086440351265153e-05
2017-11-27,1.0,0.0,5.008074350687508e-05
2017-11-28,1.0,0.0,5.125617572176999e-05
2017-11-29,1.0,-0.001857836443807104,5.086440351265153e-05
2017-11-30,1.0,0.000186174823264329,5.008074350687508e-05
2017-12-01,1.0,0.002796186043525495,5.008074350687508e-05
2017-12-04,1.0,0.0,5.086440351265153e-05
2017-12-05,1.0,0.0009299155214561594,5.125617572176999e-05
2017-12-06,1.0,0.0009274694481482548,5.125617572176999e-05
2017-12-07,1.0,-0.0009266100456406523,5.086440351265153e-05
2017-12-08,1.0,-0.0009290515819699863,5.047259277701777e-05
2017-12-11,1.0,-0.0009296892921601962,5.243126126464048e-05
2017-12-12,1.0,0.0,5.282287944297082e-05
2017-12-13,1.0,0.002790531056843237,5.125617572176999e-05
2017-12-14,1.0,0.0,5.203960459021495e-05
2017-12-15,1.0,0.0,5.164790941170061e-05
2017-12-18,1.0,-0.001854800759081843,5.438896734411003e-05
2017-12-19,1.0,-0.002788389188592477,5.399750307555351e-05
2017-12-20,1.0,-0.002795165165086821,5.438896734411003e-05
2017-12-21,1.0,0.000934447086578194,5.321445913253342e-05
2017-12-22,1.0,0.0004668441765507403,5.243126126464048e-05
2017-12-26,1.0,0.0009339342075043167,5.791041604052971e-05
2017-12-27,1.0,0.002798053527980571,5.673694559393816e-05
2017-12-28,1.0,-0.0009301198121970389,5.478039315431893e-05
2017-12-29,1.0,0.003078856723684575,5.478039315431893e-05
2018-01-02,1.0,-0.002790369509967805,5.673694559393816e-05
2018-01-03,1.0,0.000933443010716628,5.556312942989194e-05
2018-01-04,1.0,0.0,5.556312942989194e-05
2018-01-05,1.0,-0.0009325725074276203,5.478039315431893e-05
2018-01-08,1.0,0.0,5.71281408126012e-05
2018-01-09,1.0,-0.003731393988368858,5.673694559393816e-05
2018-01-10,1.0,0.0,5.595443991035509e-05
2018-01-11,1.0,0.0009365981051847605,5.634571196244664e-05
2018-01-12,1.0,0.0,5.634571196244664e-05
2018-01-16,1.0,0.0009358352684640803,5.71281408126012e-05
2018-01-17,1.0,-0.001869807146994917,5.673694559393816e-05
2018-01-18,1.0,-0.002808316672912592,5.71281408126012e-05
2018-01-19,1.0,-0.001878129598579248,5.673694559393816e-05
2018-01-22,1.0,0.0,5.673694559393816e-05
2018-01-23,1.0,0.001881663606693618,5.673694559393816e-05
2018-01-24,1.0,-0.001878129598579248,5.634571196244664e-05
2018-01-25,1.0,0.002822209911526263,5.595443991035509e-05
2018-01-26,1.0,-0.001875912589966444,5.556312942989194e-05
2018-01-29,1.0,-0.001880350988202495,5.673694559393816e-05
2018-01-30,1.0,-0.001883664754996683,5.673694559393816e-05
2018-01-31,1.0,0.003026376983776613,5.75192976255412e-05
2018-02-01,1.0,-0.003770472393161306,5.83014960653383e-05
2018-02-02,1.0,-0.002838069906167084,5.83014960653383e-05
2018-02-05,1.0,0.004743272624792017,5.947450587262537e-05
2018-02-06,1.0,-0.002832253578838761,5.986543241132125e-05
2018-02-07,1.0,-0.002841445201084869,6.10379819414586e-05
2018-02-08,1.0,0.0,6.10379819414586e-05
2018-02-09,1.0,-0.00189904275912145,6.10379819414586e-05
2018-02-12,1.0,0.0,6.377258964507249e-05
2018-02-13,1.0,0.0,6.260084472953231e-05
2018-02-14,1.0,-0.003805888286303682,6.221018650132137e-05
2018-02-15,1.0,0.0009553674363755871,6.221018650132137e-05
2018-02-16,1.0,0.0009539932065696366,6.377258964507249e-05
2018-02-20,1.0,-0.000953083970936075,6.533438035116745e-05
2018-02-21,1.0,-0.002862788774252278,6.455356152268443e-05
2018-02-22,1.0,0.0009568480539432489,6.416309471890536e-05
2018-02-23,1.0,0.001912330000151785,6.455356152268443e-05
2018-02-26,1.0,0.0009539932065696366,6.533438035116745e-05
2018-02-27,1.0,-0.001906629875215615,6.533438035116745e-05
2018-02-28,1.0,0.002966649033386171,6.494399006440332e-05
2018-03-01,1.0,0.002862469930972278,6.416309471890536e-05
2018-03-02,1.0,-0.002854299584238329,6.494399006440332e-05
2018-03-05,1.0,-0.0009534644734406905,6.689555910033285e-05
2018-03-06,1.0,0.0,6.611504619025155e-05
2018-03-07,1.0,0.0,6.611504619025155e-05
2018-03-08,1.0,0.0009543744355593464,6.572473239052634e-05
2018-03-09,1.0,-0.001908313287314778,6.572473239052634e-05
2018-03-12,1.0,0.0009566744484357237,6.728575822556593e-05
2018-03-13,1.0,0.0009543744355593464,6.806604185438658e-05
2018-03-14,1.0,0.001908774734125984,6.923618085541428e-05
2018-03-15,1.0,-0.0009525691271804471,6.962615083461188e-05
2018-03-16,1.0,-0.0009534773802963858,7.001608264878278e-05
2018-03-19,1.0,-0.0009534644734406905,7.079583181268667e-05
2018-03-20,1.0,-0.0009557600971717983,7.118564917729664e-05
2018-03-21,1.0,0.0,6.845612637285114e-05
2018-03-22,1.0,0.001911961909631721,6.767591914114135e-05
2018-03-23,1.0,0.0,6.845612637285114e-05
2018-03-26,1.0,-0.0009534644734406905,7.040597630569856e-05
2018-03-27,1.0,0.002864970855494864,6.962615083461188e-05
2018-03-28,1.0,0.0,6.806604185438658e-05
2018-03-29,1.0,0.004391628076851228,6.806604185438658e-05
2018-04-02,1.0,0.0009504675816727204,6.962615083461188e-05
2018-04-03,1.0,-0.002848924211858672,6.884617270408455e-05
2018-04-04,1.0,-0.0009522780187792845,6.728575822556593e-05
2018-04-05,1.0,-0.0009538755144742339,6.767591914114135e-05
2018-04-06,1.0,0.002863092948218071,6.806604185438658e-05
2018-04-09,1.0,0.0009514866864728244,6.923618085541428e-05
2018-04-10,1.0,-0.0009505822201459901,6.845612637285114e-05
2018-04-11,1.0,0.0,6.806604185438658e-05
2018-04-12,1.0,-0.00190285862539552,6.884617270408455e-05
2018-04-13,1.0,0.0,6.923618085541428e-05
2018-04-16,1.0,0.0,7.040597630569856e-05
2018-04-17,1.0,0.0009531857165849811,7.079583181268667e-05
2018-04-18,1.0,-0.002857523197347778,7.118564917729664e-05
2018-04-19,1.0,-0.002864329804188492,7.157542840707798e-05
2018-04-20,1.0,-0.00191677125755696,7.118564917729664e-05
2018-04-23,1.0,-0.000959358122403442,7.352375279379153e-05
2018-04-24,1.0,-0.001920906297979919,7.352375279379153e-05
2018-04-25,1.0,-0.001925183644598039,7.274453736161313e-05
2018-04-26,1.0,0.001928897125796691,7.157542840707798e-05
2018-04-27,1.0,0.001924603280542669,7.157542840707798e-05
2018-04-30,1.0,0.002214469807966246,7.352375279379153e-05
2018-05-01,1.0,-0.0009610474098997734,7.274453736161313e-05
2018-05-02,1.0,-0.000961277680122663,7.23548724916867e-05
2018-05-03,1.0,0.0009622026240290182,7.23548724916867e-05
2018-05-04,1.0,0.0009619719105127267,7.23548724916867e-05
2018-05-07,1.0,-0.0009610474098997734,7.31341641264649e-05
2018-05-08,1.0,-0.000961277680122663,7.352375279379153e-05
2018-05-09,1.0,-0.001924636880851316,7.39133033709205e-05
2018-05-10,1.0,0.002892406336790554,7.469229028500557e-05
2018-05-11,1.0,0.0,7.5471124928006e-05
2018-05-14,1.0,-0.000961277680122663,7.586048516672328e-05
2018-05-15,1.0,-0.003849621210892828,7.5471124928006e-05
2018-05-16,1.0,-0.001932772220166301,7.5471124928006e-05
2018-05-17,1.0,-0.0009675585966463229,7.5471124928006e-05
2018-05-18,1.0,0.002906886242102669,7.508172663661661e-05
2018-05-21,1.0,0.0,7.586048516672328e-05
2018-05-22,1.0,0.0,7.586048516672328e-05
2018-05-23,1.0,0.002898111954528604,7.5471124928006e-05
2018-05-24,1.0,0.001926723304448652,7.508172663661661e-05
2018-05-25,1.0,0.00192324959063539,7.469229028500557e-05
2018-05-29,1.0,0.006718452306575751,7.586048516672328e-05
2018-05-30,1.0,-0.002860235827786162,7.62498073600959e-05
2018-05-31,1.0,0.001245322276175242,7.586048516672328e-05
2018-06-01,1.0,-0.00191385987517001,7.5471124928006e-05
2018-06-04,1.0,-0.001917299521325577,7.62498073600959e-05
2018-06-05,1.0,0.0009606643197346276,7.62498073600959e-05
2018-06-06,1.0,-0.002879342217565917,7.663909151545134e-05
2018-06-07,1.0,0.001925143033655097,7.62498073600959e-05
2018-06-08,1.0,-0.0009604336403444824,7.586048516672328e-05
2018-06-11,1.0,-0.0009619342127973329,7.62498073600959e-05
2018-06-12,1.0,0.0,7.5471124928006e-05
2018-06-13,1.0,-0.0009627448594382582,7.62498073600959e-05
2018-06-14,1.0,0.001927460933722536,7.62498073600959e-05
2018-06-15,1.0,0.0009613569599091765,7.62498073600959e-05
2018-06-18,1.0,-0.0009604336403444824,7.62498073600959e-05
2018-06-19,1.0,0.00192294482097366,7.62498073600959e-05
2018-06-20,1.0,-0.002879342217565917,7.62498073600959e-05
2018-06-21,1.0,0.0009628604211786573,7.62498073600959e-05
2018-06-22,1.0,0.0,7.586048516672328e-05
2018-06-25,1.0,0.0009613569599091765,7.586048516672328e-05
2018-06-26,1.0,0.0,7.586048516672328e-05
2018-06-27,1.0,0.002881416260728686,7.586048516672328e-05
2018-06-28,1.0,-0.000957674182382906,7.586048516672328e-05
2018-06-29,1.0,0.002210276241936482,7.586048516672328e-05
2018-07-02,1.0,-0.0009583159552657428,7.780671582890974e-05
2018-07-03,1.0,0.001918470411336415,7.780671582890974e-05
2018-07-05,1.0,0.0,7.702833764056116e-05
2018-07-06,1.0,0.0009585460120447031,7.741754574253079e-05
2018-07-09,1.0,-0.0009576280814661553,7.780671582890974e-05
2018-07-10,1.0,0.0,7.81958479070255e-05
2018-07-11,1.0,0.0009585460120447031,7.741754574253079e-05
2018-07-12,1.0,0.0,7.780671582890974e-05
2018-07-13,1.0,0.0009569402126179405,7.780671582890974e-05
2018-07-16,1.0,-0.0009560253535129126,7.897399806910954e-05
2018-07-17,1.0,0.0,7.936301616751074e-05
2018-07-18,1.0,-0.0009576280814661553,7.85849419846496e-05
2018-07-19,1.0,0.001916403495887176,7.85849419846496e-05
2018-07-20,1.0,-0.002868305130948046,7.81958479070255e-05
2018-07-23,1.0,-0.002876211377184967,7.81958479070255e-05
2018-07-24,1.0,0.0009615410091423637,7.936301616751074e-05
2018-07-25,1.0,-0.0009606173361794701,7.897399806910954e-05
2018-07-26,1.0,0.0,7.81958479070255e-05
2018-07-27,1.0,0.0,7.85849419846496e-05
2018-07-30,1.0,0.0,8.01409384370011e-05
2018-07-31,1.0,0.003276865406261154,7.97519962878468e-05
2018-08-01,1.0,-0.001921278889940981,7.97519962878468e-05
2018-08-02,1.0,0.000962316092939064,7.936301616751074e-05
2018-08-03,1.0,0.001923241582657553,7.897399806910954e-05
2018-08-06,1.0,0.0,8.052984262252316e-05
2018-08-07,1.0,-0.001919549824614841,8.091870885218455e-05
2018-08-08,1.0,0.0009617357215057076,8.091870885218455e-05
2018-08-09,1.0,0.0009605820350950811,8.091870885218455e-05
2018-08-10,1.0,0.002878980608233661,8.052984262252316e-05
2018-08-13,1.0,-0.0009570196712321843,8.091870885218455e-05
2018-08-14,1.0,-0.0009578219454112746,8.16963274727911e-05
2018-08-15,1.0,0.001917595095320523,8.130753713309069e-05
2018-08-16,1.0,0.0,8.130753713309069e-05
2018-08-17,1.0,0.0,8.052984262252316e-05
2018-08-20,1.0,0.00191415372272874,8.091870885218455e-05
2018-08-21,1.0,-0.0009555337734953318,8.16963274727911e-05
2018-08-22,1.0,0.0009564476915671083,8.20850798783912e-05
2018-08-23,1.0,0.0,8.16963274727911e-05
2018-08-24,1.0,0.0,8.20850798783912e-05
2018-08-27,1.0,-0.0009555337734953318,8.325110956697301e-05
2018-08-28,1.0,-0.001911981215687253,8.363971031166706e-05
2018-08-29,1.0,0.0,8.363971031166706e-05
2018-08-30,1.0,0.0009579364352445552,8.286247091815468e-05
2018-08-31,1.0,0.001342709922385055,8.286247091815468e-05
2018-09-04,1.0,-0.001915813410830913,8.363971031166706e-05
2018-09-05,1.0,0.0,8.402827315934225e-05
2018-09-06,1.0,0.0009600887369654032,8.363971031166706e-05
2018-09-07,1.0,-0.002876245852019177,8.402827315934225e-05
2018-09-10,1.0,0.0,8.402827315934225e-05
2018-09-11,1.0,-0.0019238692223007,8.441679811777014e-05
2018-09-12,1.0,0.0009633292659430026,8.480528519427821e-05
2018-09-13,1.0,0.0,8.441679811777014e-05
2018-09-14,1.0,-0.000962402155780806,8.480528519427821e-05
2018-09-17,1.0,0.0,8.480528519427821e-05
2018-09-18,1.0,-0.002889643136195663,8.519373439619393e-05
2018-09-19,1.0,-0.0009657753504219713,8.480528519427821e-05
2018-09-20,1.0,0.0009667089741201007,8.519373439619393e-05
2018-09-21,1.0,0.0,8.558214573084477e-05
2018-09-24,1.0,-0.0009657753504219713,8.713541254601331e-05
2018-09-25,1.0,-0.000967746957986404,8.6747152605815e-05
2018-09-26,1.0,0.002904552435714303,8.635885482832784e-05
2018-09-27,1.0,0.0,8.558214573084477e-05
2018-09-28,1.0,0.002224825218614779,8.597051920578025e-05
2018-10-01,1.0,-0.001930800371941266,8.75236346555841e-05
2018-10-02,1.0,0.001934535573946849,8.75236346555841e-05
2018-10-03,1.0,-0.004826598942981208,8.75236346555841e-05
2018-10-04,1.0,-0.002909612396372996,8.713541254601331e-05
2018-10-05,1.0,-0.001945479128057759,8.75236346555841e-05
2018-10-08,1.0,0.0,8.75236346555841e-05
2018-10-09,1.0,0.0009744037517676052,8.829996541415142e-05
2018-10-10,1.0,0.0,8.907614494035876e-05
2018-10-11,1.0,0.002921292519584062,8.907614494035876e-05
2018-10-12,1.0,-0.001941701588145106,8.946417800981266e-05
2018-10-15,1.0,0.0009730868056627706,9.062805053217105e-05
2018-10-16,1.0,0.0,9.024013079850235e-05
2018-10-17,1.0,-0.002915728676616491,9.062805053217105e-05
2018-10-18,1.0,0.0009744037517676052,9.101593250226969e-05
2018-10-19,1.0,-0.0009734552133554564,9.062805053217105e-05
2018-10-22,1.0,-0.0009746356974357218,9.179158318017855e-05
2018-10-23,1.0,0.0009755865389025065,9.140377671590372e-05
2018-10-24,1.0,0.002924255010809285,9.179158318017855e-05
2018-10-25,1.0,-0.0009721408282497013,9.179158318017855e-05
2018-10-26,1.0,0.001945479128057759,9.140377671590372e-05
2018-10-29,1.0,0.0,9.179158318017855e-05
2018-10-30,1.0,-0.002912783427147181,9.140377671590372e-05
2018-10-31,1.0,0.001366452128816364,9.179158318017855e-05
2018-11-01,1.0,0.0,9.101593250226969e-05
2018-11-02,1.0,-0.003897879243147995,9.140377671590372e-05
2018-11-05,1.0,0.0009779055375076506,9.256708289151483e-05
2018-11-06,1.0,0.0,9.217935190308779e-05
2018-11-07,1.0,0.0,9.295477615278713e-05
2018-11-08,1.0,-0.0009769501725240826,9.217935190308779e-05
2018-11-09,1.0,0.001956043384205852,9.256708289151483e-05
2018-11-12,1.0,0.001953268098421779,9.256708289151483e-05
2018-11-13,1.0,0.0,9.334243169467626e-05
2018-11-14,1.0,0.0,9.334243169467626e-05
2018-11-15,1.0,0.0,9.295477615278713e-05
2018-11-16,1.0,0.001949460279847992,9.256708289151483e-05
2018-11-19,1.0,0.0009725449475816994,9.334243169467626e-05
2018-11-20,1.0,-0.0009716000228883193,9.37300495240656e-05
2018-11-21,1.0,0.0,9.450517207554299e-05
2018-11-23,1.0,0.0,9.450517207554299e-05
2018-11-26,1.0,-0.000972775901024403,9.450517207554299e-05
2018-11-27,1.0,0.0,9.450517207554299e-05
2018-11-28,1.0,0.0,9.411762964850467e-05
2018-11-29,1.0,0.0009737231154054449,9.295477615278713e-05
2018-11-30,1.0,0.003315452147947928,9.295477615278713e-05
2018-12-03,1.0,0.001943496348319362,9.334243169467626e-05
2018-12-04,1.0,0.001939267009452017,9.489267681228597e-05
2018-12-06,1.0,0.0009687886118152633,9.450517207554299e-05
2018-12-07,1.0,0.001934212936147039,9.411762964850467e-05
2018-12-10,1.0,0.0009654109655596876,9.450517207554299e-05
2018-12-11,1.0,-0.0009644798461400095,9.450517207554299e-05
2018-12-12,1.0,-0.000965753917945178,9.52801438660611e-05
2018-12-13,1.0,0.0,9.52801438660611e-05
2018-12-14,1.0,0.0009666875001859143,9.489267681228597e-05
2018-12-17,1.0,0.001930593296195493,9.411762964850467e-05
2018-12-18,1.0,0.002890081736942607,9.37300495240656e-05
2018-12-19,1.0,0.001921320514215008,9.411762964850467e-05
2018-12-20,1.0,-0.001917636120597588,9.37300495240656e-05
2018-12-21,1.0,0.0,9.37300495240656e-05
2018-12-24,1.0,0.001921320514215008,9.605496495423971e-05
2018-12-26,1.0,-0.003835726442076415,9.566757324419584e-05
2018-12-27,1.0,0.0009628519476350128,9.450517207554299e-05
2018-12-28,1.0,0.00288486624426354,9.411762964850467e-05
2018-12-31,1.0,0.004324560140511524,9.605496495423971e-05
2019-01-02,1.0,0.0009571767965239619,9.489267681228597e-05
2019-01-03,1.0,0.004780177894455839,9.450517207554299e-05
2019-01-04,1.0,-0.003805724369732366,9.489267681228597e-05
2019-01-07,1.0,-0.001910695845590671,9.605496495423971e-05
2019-01-08,1.0,-0.0009568376126839473,9.644231900329814e-05
2019-01-09,1.0,0.0009577540277614371,9.605496495423971e-05
2019-01-10,1.0,-0.0009568376126839473,9.52801438660611e-05
2019-01-11,1.0,0.0009577540277614371,9.52801438660611e-05
2019-01-14,1.0,0.0,9.605496495423971e-05
2019-01-15,1.0,-0.0009568376126839473,9.605496495423971e-05
2019-01-16,1.0,0.0,9.52801438660611e-05
2019-01-17,1.0,0.0,9.489267681228597e-05
2019-01-18,1.0,-0.001915508055522763,9.450517207554299e-05
2019-01-22,1.0,0.001919184268448948,9.52801438660611e-05
2019-01-23,1.0,0.0009577540277614371,9.450517207554299e-05
2019-01-24,1.0,0.001914353593047924,9.295477615278713e-05
2019-01-25,1.0,-0.0009553479227953909,9.37300495240656e-05
2019-01-28,1.0,0.0,9.489267681228597e-05
2019-01-29,1.0,0.001911619345126958,9.489267681228597e-05
2019-01-30,1.0,0.0009545497027052541,9.489267681228597e-05
2019-01-31,1.0,0.006210876512538377,9.450517207554299e-05
2019-02-01,1.0,-0.002848743899826256,9.411762964850467e-05
2019-02-04,1.0,-0.0009519199596960126,9.489267681228597e-05
2019-02-05,1.0,0.001906440481123761,9.489267681228597e-05
2019-02-06,1.0,0.0,9.489267681228597e-05
2019-02-07,1.0,0.001902364290145009,9.489267681228597e-05
2019-02-08,1.0,0.0009502155978635685,9.52801438660611e-05
2019-02-11,1.0,-0.0009493135453254586,9.605496495423971e-05
2019-02-12,1.0,-0.0009498797930815872,9.52801438660611e-05
2019-02-13,1.0,-0.001900669514309672,9.566757324419584e-05
2019-02-14,1.0,0.001904288938241017,9.52801438660611e-05
2019-02-15,1.0,0.0009507829225672282,9.52801438660611e-05
2019-02-19,1.0,0.0009502155978635685,9.605496495423971e-05
2019-02-20,1.0,-0.0009493135453254586,9.605496495423971e-05
2019-02-21,1.0,-0.001898752171817453,9.605496495423971e-05
2019-02-22,1.0,0.001902364290145009,9.644231900329814e-05
2019-02-25,1.0,-0.0009498797930815872,9.682963539892064e-05
2019-02-26,1.0,0.001901901969193931,9.605496495423971e-05
2019-02-27,1.0,-0.00284626320598691,9.605496495423971e-05
2019-02-28,1.0,0.001334671780758967,9.605496495423971e-05
2019-03-01,1.0,-0.002857302854838872,9.566757324419584e-05
2019-03-04,1.0,0.001910551591182807,9.644231900329814e-05
2019-03-05,1.0,0.0009531178568009668,9.644231900329814e-05
2019-03-06,1.0,0.0009529942768824462,9.682963539892064e-05
2019-03-07,1.0,0.002853239753036974,9.605496495423971e-05
2019-03-08,1.0,0.0,9.644231900329814e-05
2019-03-11,1.0,0.0,9.644231900329814e-05
2019-03-12,1.0,0.001898644706639585,9.644231900329814e-05
2019-03-13,1.0,0.0,9.605496495423971e-05
2019-03-14,1.0,-0.001895046686279711,9.605496495423971e-05
2019-03-15,1.0,0.001898644706639585,9.605496495423971e-05
2019-03-18,1.0,0.0,9.566757324419584e-05
2019-03-19,1.0,0.0,9.644231900329814e-05
2019-03-20,1.0,0.003787754771136687,9.72169141484347e-05
2019-03-21,1.0,0.0,9.760415525894572e-05
2019-03-22,1.0,0.004716577659947818,9.644231900329814e-05
2019-03-25,1.0,0.001877708142650203,9.644231900329814e-05
2019-03-26,1.0,0.0,9.644231900329814e-05
2019-03-27,1.0,0.001874078748780317,9.566757324419584e-05
2019-03-28,1.0,0.0,9.52801438660611e-05
2019-03-29,1.0,0.001407220165931422,9.411762964850467e-05
2019-04-01,1.0,-0.003745116748730681,9.52801438660611e-05
2019-04-02,1.0,0.0009393577787624174,9.489267681228597e-05
2019-04-03,1.0,-0.001878054054863854,9.566757324419584e-05
2019-04-04,1.0,0.0,9.566757324419584e-05
2019-04-05,1.0,0.000941345739215782,9.566757324419584e-05
2019-04-08,1.0,-0.0009404604407869943,9.52801438660611e-05
2019-04-09,1.0,0.000941345739215782,9.489267681228597e-05
2019-04-10,1.0,0.001879377154739403,9.52801438660611e-05
2019-04-11,1.0,-0.001875851721867661,9.52801438660611e-05
2019-04-12,1.0,-0.00188047981676398,9.566757324419584e-05
2019-04-15,1.0,0.0009417903938042649,9.52801438660611e-05
2019-04-16,1.0,-0.001881367038418569,9.52801438660611e-05
2019-04-17,1.0,0.0,9.566757324419584e-05
2019-04-18,1.0,0.001884913252081288,9.489267681228597e-05
2019-04-22,1.0,-0.001881367038418569,9.566757324419584e-05
2019-04-23,1.0,0.0009422354699626379,9.605496495423971e-05
2019-04-24,1.0,0.001884022683394493,9.566757324419584e-05
2019-04-25,1.0,0.0,9.52801438660611e-05
2019-04-26,1.0,0.001879377154739403,9.489267681228597e-05
2019-04-29,1.0,-0.001875851721867661,9.566757324419584e-05
2019-04-30,1.0,0.00423874308879002,9.52801438660611e-05
2019-05-01,1.0,0.0,9.52801438660611e-05
2019-05-02,1.0,-0.001875726812572198,9.682963539892064e-05
2019-05-03,1.0,0.0009396808913217924,9.52801438660611e-05
2019-05-06,1.0,0.0009386888162496998,9.566757324419584e-05
2019-05-07,1.0,0.001876385617282983,9.52801438660611e-05
2019-05-08,1.0,-0.001872871388346908,9.52801438660611e-05
2019-05-09,1.0,0.001876385617282983,9.52801438660611e-05
2019-05-10,1.0,-0.0009363808966021958,9.52801438660611e-05
2019-05-13,1.0,0.002811885280609383,9.450517207554299e-05
2019-05-14,1.0,-0.0009350680150402857,9.450517207554299e-05
2019-05-15,1.0,0.001871448400547759,9.489267681228597e-05
2019-05-16,1.0,-0.0009337577355500448,9.411762964850467e-05
2019-05-17,1.0,0.0,9.37300495240656e-05
2019-05-20,1.0,-0.0009350680150402857,9.37300495240656e-05
2019-05-21,1.0,-0.0009351767370160413,9.37300495240656e-05
2019-05-22,1.0,0.001872871388346908,9.334243169467626e-05
2019-05-23,1.0,0.003737646693717345,9.295477615278713e-05
2019-05-24,1.0,-0.0009304962461375021,9.217935190308779e-05
2019-05-28,1.0,0.001863816595909062,9.295477615278713e-05
2019-05-29,1.0,0.0,9.295477615278713e-05
2019-05-30,1.0,0.002790414987668521,9.334243169467626e-05
2019-05-31,1.0,0.006973672424042565,9.217935190308779e-05
2019-06-03,1.0,0.00276995675723235,9.217935190308779e-05
2019-06-04,1.0,-0.002762305291025946,9.217935190308779e-05
2019-06-05,1.0,0.0,9.217935190308779e-05
2019-06-06,1.0,-0.0009234267456474932,9.140377671590372e-05
2019-06-07,1.0,0.002772948678486431,8.946417800981266e-05
2019-06-10,1.0,-0.002765280697031969,8.985217329349204e-05
2019-06-11,1.0,0.0,8.907614494035876e-05
2019-06-12,1.0,0.00184856050150306,8.791181894252098e-05
2019-06-13,1.0,0.0009226825424799578,8.597051920578025e-05
2019-06-14,1.0,0.0,8.635885482832784e-05
2019-06-17,1.0,0.0,8.75236346555841e-05
2019-06-18,1.0,0.001842910573902623,8.713541254601331e-05
2019-06-19,1.0,0.002760301336297788,8.558214573084477e-05
2019-06-20,1.0,0.001834349714348482,8.402827315934225e-05
2019-06-21,1.0,-0.002747342058041613,8.286247091815468e-05
2019-06-24,1.0,0.002754910740184302,8.363971031166706e-05
2019-06-25,1.0,0.0009164579594962419,8.325110956697301e-05
2019-06-26,1.0,-0.002744933379915548,8.441679811777014e-05
2019-06-27,1.0,0.002752488778240858,8.402827315934225e-05
2019-06-28,1.0,0.002292145443434146,8.325110956697301e-05
2019-07-01,1.0,0.0,8.6747152605815e-05
2019-07-02,1.0,0.00182950150321215,8.635885482832784e-05
2019-07-03,1.0,0.001826798945821384,8.6747152605815e-05
2019-07-05,1.0,-0.004558616488253064,8.75236346555841e-05
2019-07-08,0.0,-0.0009152156902410002,8.868807407758084e-05
2019-07-09,1.0,-0.0009162676595106944,8.868807407758084e-05
2019-07-10,1.0,0.0009171079758891754,8.635885482832784e-05
2019-07-11,1.0,-0.003666458922375271,8.519373439619393e-05
2019-07-12,0.0,0.0009204969525955509,8.402827315934225e-05
2019-07-15,0.0,0.0009184724765056718,8.480528519427821e-05
2019-07-16,0.0,-0.0009176296589203936,8.441679811777014e-05
2019-07-17,1.0,0.002756916626750483,8.402827315934225e-05
2019-07-18,1.0,0.0009160540773056614,8.052984262252316e-05
2019-07-19,0.0,0.0,8.091870885218455e-05
2019-07-22,0.0,0.0,8.20850798783912e-05
2019-07-23,0.0,-0.0009152156902410002,8.091870885218455e-05
2019-07-24,1.0,0.0009160540773056614,8.24737943578846e-05
2019-07-25,0.0,-0.0009152156902410002,8.24737943578846e-05
2019-07-26,1.0,0.0,8.325110956697301e-05
2019-07-29,1.0,0.0,8.325110956697301e-05
2019-07-30,1.0,0.0009160540773056614,8.16963274727911e-05
2019-07-31,1.0,0.003213177398845524,8.16963274727911e-05
2019-08-01,1.0,0.007319438846212556,8.130753713309069e-05
2019-08-02,1.0,0.0009081893615991987,8.091870885218455e-05
2019-08-05,1.0,0.005444191812510102,8.052984262252316e-05
2019-08-06,0.0,0.0009029767388279986,8.052984262252316e-05
2019-08-07,0.0,0.0,7.936301616751074e-05
2019-08-08,0.0,0.0,7.936301616751074e-05
2019-08-09,1.0,-0.001803380859572545,7.85849419846496e-05
2019-08-12,1.0,0.004516754803974177,7.85849419846496e-05
2019-08-13,0.0,-0.00179893360211214,7.85849419846496e-05
2019-08-14,1.0,0.004504863015176275,7.702833764056116e-05
2019-08-15,1.0,0.003587457129777594,7.508172663661661e-05
2019-08-16,0.0,-0.0008932687694996888,7.352375279379153e-05
2019-08-19,0.0,-0.003578037196073969,7.62498073600959e-05
2019-08-20,0.0,0.002692355451023198,7.62498073600959e-05
2019-08-21,0.0,-0.001790049402491056,7.741754574253079e-05
2019-08-22,1.0,-0.0008966818393312259,7.85849419846496e-05
2019-08-23,1.0,0.004488163423742808,7.741754574253079e-05
2019-08-26,1.0,-0.001787784105487744,7.897399806910954e-05
2019-08-27,1.0,0.003581451670643387,7.780671582890974e-05
2019-08-28,1.0,0.0008924009765185481,7.81958479070255e-05
2019-08-29,1.0,-0.001783003408634243,7.81958479070255e-05
2019-08-30,1.0,0.003042539612952311,7.81958479070255e-05
2019-09-03,1.0,0.000892247576093741,7.780671582890974e-05
2019-09-04,1.0,0.0008907285148187505,7.741754574253079e-05
2019-09-05,1.0,-0.005342816892708768,7.741754574253079e-05
2019-09-06,0.0,0.0008956507201032249,7.702833764056116e-05
2019-09-09,0.0,-0.004472897480364058,7.702833764056116e-05
2019-09-10,0.0,-0.0053905091646681,7.663909151545134e-05
2019-09-11,0.0,0.0,7.702833764056116e-05
2019-09-12,0.0,-0.001806330255513133,7.663909151545134e-05
2019-09-13,0.0,-0.0063353284864619,7.702833764056116e-05
2019-09-16,0.0,0.002732813955363067,7.81958479070255e-05
2019-09-17,0.0,0.001816173223249562,7.81958479070255e-05
2019-09-18,0.0,0.0009065981013074431,7.663909151545134e-05
2019-09-19,0.0,0.0009060921246892839,7.586048516672328e-05
2019-09-20,0.0,0.003619197977834387,7.508172663661661e-05
2019-09-23,0.0,0.0009019027292205273,7.62498073600959e-05
2019-09-24,0.0,0.00270253861191172,7.5471124928006e-05
2019-09-25,0.0,-0.004492160448415827,7.430281586562337e-05
2019-09-26,0.0,0.001805014279838479,7.196516950935816e-05
2019-09-27,0.0,0.0009009855352217766,7.079583181268667e-05
2019-09-30,0.0,0.002976151013823758,7.39133033709205e-05
2019-10-01,0.0,0.001799274648215166,7.157542840707798e-05
2019-10-02,0.0,0.000897138322021096,7.040597630569856e-05
2019-10-03,0.0,0.003587516849089312,6.689555910033285e-05
2019-10-04,0.0,0.0008935438405939244,6.728575822556593e-05
2019-10-07,0.0,-0.002678445100402049,6.884617270408455e-05
2019-10-08,0.0,0.001790494709398072,6.767591914114135e-05
2019-10-09,0.0,-0.002680528078410127,6.650532175767054e-05
2019-10-10,0.0,-0.003584922725483275,6.611504619025155e-05
2019-10-11,0.0,-0.003596467405023174,6.611504619025155e-05
2019-10-14,0.0,0.0009025188728200018,6.611504619025155e-05
2019-10-15,0.0,-0.001803932014423304,6.572473239052634e-05
2019-10-16,0.0,0.0009038574448250181,6.533438035116745e-05
2019-10-17,0.0,-0.0009030412242915231,6.533438035116745e-05
2019-10-18,0.0,0.0009038574448250181,6.533438035116745e-05
2019-10-21,0.0,-0.00180524668622839,6.572473239052634e-05
2019-10-22,0.0,0.000903837110886041,6.494399006440332e-05
2019-10-23,0.0,0.0,6.494399006440332e-05
2019-10-24,0.0,0.0,6.572473239052634e-05
2019-10-25,0.0,-0.000903020927060405,6.533438035116745e-05
2019-10-28,0.0,-0.001808406836382725,6.494399006440332e-05
2019-10-29,0.0,0.0,6.416309471890536e-05
2019-10-30,0.0,0.003623471041799053,6.377258964507249e-05
2019-10-31,0.0,0.005788176658014121,6.064717043807732e-05
2019-11-01,0.0,-0.0008991946406877727,5.986543241132125e-05
2019-11-04,0.0,-0.002700323645859037,6.025632059736274e-05
2019-11-05,0.0,-0.003610075938668245,6.142875511461199e-05
2019-11-06,0.0,0.001811211727010154,6.142875511461199e-05
2019-11-07,0.0,-0.004520469520614689,6.142875511461199e-05
2019-11-08,0.0,-0.0009084931309106814,6.10379819414586e-05
2019-11-11,0.0,0.0,6.10379819414586e-05
2019-11-12,0.0,0.0009093192411950834,6.260084472953231e-05
2019-11-13,0.0,0.00181646172768124,6.18194899655311e-05
2019-11-14,0.0,0.002719595190701085,6.18194899655311e-05
2019-11-15,0.0,-0.0009035508546032522,6.18194899655311e-05
2019-11-18,0.0,0.001809885791659527,6.18194899655311e-05
2019-11-19,0.0,0.0009031515041866278,6.18194899655311e-05
2019-11-20,0.0,0.001805507067590417,6.18194899655311e-05
2019-11-21,0.0,-0.0009013346558178759,6.221018650132137e-05
2019-11-22,0.0,0.0,6.221018650132137e-05
2019-11-25,0.0,0.0,6.338204629385835e-05
2019-11-26,0.0,0.001803462385321586,6.299146465793548e-05
2019-11-27,0.0,-0.001800215763905988,6.377258964507249e-05
2019-11-29,0.0,0.002078418535543802,6.260084472953231e-05
2019-12-02,0.0,-0.002705195153306139,6.299146465793548e-05
2019-12-03,0.0,0.005425274601246199,6.18194899655311e-05
2019-12-04,0.0,-0.001799219426096843,6.10379819414586e-05
2019-12-05,0.0,-0.001801112525764093,6.064717043807732e-05
2019-12-06,0.0,-0.0009027533456904546,6.025632059736274e-05
2019-12-09,0.0,0.0,6.064717043807732e-05
2019-12-10,0.0,0.0,6.142875511461199e-05
2019-12-11,0.0,0.001806617482301265,6.18194899655311e-05
2019-12-12,0.0,-0.004508762522882237,6.142875511461199e-05
2019-12-13,0.0,0.004529183535868064,6.18194899655311e-05
2019-12-16,0.0,-0.002705195153306139,6.18194899655311e-05
2019-12-17,0.0,0.0,6.142875511461199e-05
2019-12-18,0.0,-0.00180845960573639,6.142875511461199e-05
2019-12-19,0.0,0.0009060246357683877,6.18194899655311e-05
2019-12-20,0.0,0.0,6.221018650132137e-05
2019-12-23,0.0,-0.0009052044981927576,6.260084472953231e-05
2019-12-24,0.0,0.0009060246357683877,6.221018650132137e-05
2019-12-26,0.0,0.0009048915673908198,6.221018650132137e-05
2019-12-27,0.0,0.0009042819108497913,6.18194899655311e-05
2019-12-30,0.0,0.0,6.18194899655311e-05
2019-12-31,0.0,0.0003621356465588477,6.10379819414586e-05
2020-01-02,0.0,0.00271472188620403,6.064717043807732e-05
2020-01-03,1.0,0.003610452312383661,5.986543241132125e-05
2020-01-06,1.0,-0.0008997279613192077,6.142875511461199e-05
2020-01-07,1.0,-0.001799730614954864,6.064717043807732e-05
2020-01-08,1.0,-0.001803286611188004,6.064717043807732e-05
2020-01-09,0.0,0.0009028565800370814,6.064717043807732e-05
2020-01-10,1.0,0.001805433760833308,6.064717043807732e-05
2020-01-13,1.0,-0.0009009345991939366,6.18194899655311e-05
2020-01-14,1.0,0.001802975485133418,6.18194899655311e-05
2020-01-15,1.0,0.0009005382007187812,6.18194899655311e-05
2020-01-16,1.0,-0.0008997279613192077,6.10379819414586e-05
2020-01-17,1.0,-0.0008996065023846311,6.142875511461199e-05
2020-01-21,1.0,0.002702285721331465,6.142875511461199e-05
2020-01-22,1.0,0.0008987132497120243,6.10379819414586e-05
2020-01-23,1.0,0.001795502849202935,6.10379819414586e-05
2020-01-24,1.0,0.001791872564026686,6.064717043807732e-05
2020-01-27,1.0,0.003577849368827879,6.10379819414586e-05
2020-01-28,1.0,-0.001782393239124547,6.18194899655311e-05
2020-01-29,1.0,0.002678261066015875,6.142875511461199e-05
2020-01-30,1.0,0.0,6.18194899655311e-05
2020-01-31,1.0,0.004818869419413119,6.10379819414586e-05
2020-02-03,1.0,0.0,6.18194899655311e-05
2020-02-04,1.0,-0.003552074533837768,6.18194899655311e-05
2020-02-05,1.0,-0.002673808278331191,6.18194899655311e-05
2020-02-06,1.0,0.0008937272734919066,6.18194899655311e-05
2020-02-07,1.0,0.003571307070515894,6.142875511461199e-05
2020-02-10,1.0,0.0008899558738721947,6.221018650132137e-05
2020-02-11,1.0,-0.001778431128512614,6.18194899655311e-05
2020-02-12,1.0,-0.001780782004995984,6.221018650132137e-05
2020-02-13,1.0,0.0008923377508622821,6.260084472953231e-05
2020-02-14,1.0,0.000890826178117532,6.221018650132137e-05
2020-02-18,1.0,0.001781599580665372,6.221018650132137e-05
2020-02-19,1.0,0.0,6.221018650132137e-05
2020-02-20,1.0,0.001777002915594572,6.221018650132137e-05
2020-02-21,1.0,0.002662558265738246,6.142875511461199e-05
2020-02-24,1.0,0.003539905697985013,6.025632059736274e-05
2020-02-25,1.0,0.001763203455886764,6.025632059736274e-05
2020-02-26,1.0,-0.001760100041410917,6.025632059736274e-05
2020-02-27,1.0,0.002644906389400958,5.71281408126012e-05
2020-02-28,1.0,0.007226093273522638,5.008074350687508e-05
2020-03-02,1.0,-0.001749744102430562,4.459080337038124e-05
2020-03-03,1.0,0.00788795099999584,3.752117521416132e-05
2020-03-04,1.0,-0.001739093191390539,2.846946773971126e-05
2020-03-05,1.0,0.005226069382589182,2.452751934667319e-05
2020-03-06,1.0,0.007799490839963008,1.781724314131594e-05
2020-03-09,1.0,-0.000859925172425613,1.307376383175018e-05
2020-03-10,1.0,-0.01290899344451235,1.742216883293679e-05
2020-03-11,1.0,-0.006102747254887242,1.6631902667541e-05
2020-03-12,0.0,-0.009649519166859521,1.307376383175018e-05
2020-03-13,0.0,-0.005314528857814582,1.109564608792191e-05
2020-03-16,0.0,0.008905043301225879,9.512444448356305e-06
2020-03-17,0.0,-0.01676968649216992,7.532557270595319e-06
2020-03-18,0.0,-0.01615785262259972,7.935717540874521e-07
2020-03-19,0.0,-0.008211085707740318,1.586985470813929e-06
2020-03-20,0.0,0.01379904018222677,1.98363308512306e-06
2020-03-23,0.0,0.008166793425029795,7.935717540874521e-07
2020-03-24,0.0,0.0,3.968056356828953e-07
2020-03-25,0.0,0.003600180096640315,0.0
2020-03-26,0.0,0.006277791315446368,0.0
2020-03-27,1.0,0.00891328616428444,1.190298363207276e-06
2020-03-30,1.0,0.0008830696216461931,4.759061227099792e-06
2020-03-31,0.0,0.002918726557681772,4.362689847159373e-06
2020-04-01,0.0,0.00176347784362596,3.569828763927418e-06
2020-04-02,0.0,0.0008803879865528774,3.569828763927418e-06
2020-04-03,0.0,0.0,3.966279028766451e-06
2020-04-06,0.0,-0.0008796135853196274,5.947938814809817e-06
2020-04-07,0.0,0.0,5.551685702931408e-06
2020-04-08,0.0,-0.0008798848502021839,8.720607641343747e-06
2020-04-09,1.0,0.006167136002707352,9.908303843175759e-06
2020-04-13,0.0,0.001751224430697196,1.030412390967683e-05
2020-04-14,0.0,0.001747863234198066,7.92861342602258e-06
2020-04-15,0.0,0.005236136353208298,5.551685702931408e-06
2020-04-16,1.0,0.001735923505053139,5.551685702931408e-06
2020-04-17,1.0,-0.002599273887292308,4.759061227099792e-06
2020-04-20,0.0,0.0008686163624640475,4.759061227099792e-06
2020-04-21,0.0,0.0008678625228761838,4.362689847159373e-06
2020-04-22,0.0,-0.0008671099906121249,4.759061227099792e-06
2020-04-23,0.0,0.0008678625228761838,4.362689847159373e-06
2020-04-24,0.0,0.0008673082778267727,4.759061227099792e-06
2020-04-27,0.0,-0.004332783530112905,4.759061227099792e-06
2020-04-28,0.0,0.002611181919470518,4.362689847159373e-06
2020-04-29,0.0,0.0008678625228761838,3.966279028766451e-06
2020-04-30,0.0,0.0001742944618678965,3.569828763927418e-06
2020-05-01,0.0,0.0008684457794339018,4.759061227099792e-06
2020-05-04,0.0,-0.0008676922357737649,5.155393176359269e-06
2020-05-05,0.0,-0.0008691396637456883,5.155393176359269e-06
2020-05-06,0.0,-0.003478590772894585,4.759061227099792e-06
2020-05-07,1.0,0.003490733606609231,4.362689847159373e-06
2020-05-08,1.0,-0.003478590772894585,4.759061227099792e-06
2020-05-11,1.0,-0.002617403072207924,4.759061227099792e-06
2020-05-12,1.0,0.001749947120273321,5.155393176359269e-06
2020-05-13,1.0,0.001746591217539839,5.155393176359269e-06
2020-05-14,1.0,0.00174334701140233,4.759061227099792e-06
2020-05-15,1.0,0.0,4.759061227099792e-06
2020-05-18,1.0,-0.002611065356370901,5.155393176359269e-06
2020-05-19,1.0,0.002617900866630274,5.155393176359269e-06
2020-05-20,1.0,0.001741206732229106,4.759061227099792e-06
2020-05-21,1.0,0.0008684457794339018,4.759061227099792e-06
2020-05-22,0.0,0.0008682864776885513,4.759061227099792e-06
2020-05-26,0.0,-0.0008675332103330602,5.551685702931408e-06
2020-05-27,1.0,0.0,5.947938814809817e-06
2020-05-28,1.0,0.0,5.947938814809817e-06
2020-05-29,1.0,0.004522775212743468,5.551685702931408e-06
2020-06-01,0.0,0.0,5.551685702931408e-06
2020-06-02,0.0,0.0,5.947938814809817e-06
2020-06-03,0.0,-0.002598159597513972,6.344152519766055e-06
2020-06-04,1.0,-0.001735531046601069,5.947938814809817e-06
2020-06-05,1.0,-0.0008696207564274916,5.947938814809817e-06
2020-06-08,1.0,0.00174075530980411,6.740326825349641e-06
2020-06-09,1.0,0.002606100834464664,7.532557270595319e-06
2020-06-10,1.0,0.003466328155205201,6.740326825349641e-06
2020-06-11,1.0,0.0008635148032161144,6.740326825349641e-06
2020-06-12,1.0,-0.001725539577463686,6.344152519766055e-06
2020-06-15,1.0,-0.0008638674094922916,7.136461739776223e-06
2020-06-16,1.0,0.0008646143216264335,6.740326825349641e-06
2020-06-17,1.0,0.0,6.740326825349641e-06
2020-06-18,1.0,0.001728522210949102,6.344152519766055e-06
2020-06-19,1.0,0.0008630645512153201,5.947938814809817e-06
2020-06-22,1.0,-0.0008623203131212787,6.344152519766055e-06
2020-06-23,1.0,-0.0008627697887317876,6.344152519766055e-06
2020-06-24,1.0,0.0008635148032161144,5.947938814809817e-06
2020-06-25,1.0,0.0,6.344152519766055e-06
2020-06-26,1.0,0.00258880063700162,5.551685702931408e-06
2020-06-29,1.0,-0.0008610320192974363,5.551685702931408e-06
2020-06-30,1.0,0.001812216828859903,6.344152519766055e-06
2020-07-01,1.0,0.0,5.551685702931408e-06
2020-07-02,1.0,0.001722975870505294,5.551685702931408e-06
2020-07-06,1.0,-0.0008597129481413557,5.947938814809817e-06
2020-07-07,1.0,0.003441908585021247,5.947938814809817e-06
2020-07-08,1.0,-0.0008575012495479761,5.947938814809817e-06
2020-07-09,1.0,0.002575004280941151,5.155393176359269e-06
2020-07-10,1.0,-0.001712357763360095,5.155393176359269e-06
2020-07-13,1.0,0.00085759873718394,5.551685702931408e-06
2020-07-14,1.0,0.0,5.947938814809817e-06
2020-07-15,1.0,0.0,6.344152519766055e-06
2020-07-16,1.0,0.0017134355712769,4.362689847159373e-06
2020-07-17,1.0,0.0,4.362689847159373e-06
2020-07-20,1.0,0.0008557871720216159,5.155393176359269e-06
2020-07-21,1.0,0.0008547639635088089,5.155393176359269e-06
2020-07-22,1.0,0.00170797086072616,5.155393176359269e-06
2020-07-23,1.0,0.001704767952610764,4.759061227099792e-06
2020-07-24,1.0,-0.0008505463686594439,4.362689847159373e-06
2020-07-27,1.0,-0.0008520449999820379,4.362689847159373e-06
2020-07-28,1.0,0.001704767952610764,4.362689847159373e-06
2020-07-29,1.0,0.0,4.362689847159373e-06
2020-07-30,1.0,0.0008513202962014965,3.569828763927418e-06
2020-07-31,1.0,0.002555558186818851,3.569828763927418e-06
2020-08-03,1.0,0.0,3.966279028766451e-06
2020-08-04,1.0,0.001699169813241808,3.569828763927418e-06
2020-08-05,1.0,-0.001696287532671592,3.966279028766451e-06
2020-08-06,1.0,0.001699169813241808,3.966279028766451e-06
2020-08-07,1.0,-0.0008482400150607861,3.966279028766451e-06
2020-08-10,1.0,-0.001697823943604293,4.362689847159373e-06
2020-08-11,1.0,-0.002551404908277766,4.362689847159373e-06
2020-08-12,1.0,-0.002556673592361336,4.362689847159373e-06
2020-08-13,1.0,-0.002564487784760927,3.966279028766451e-06
2020-08-14,1.0,-0.0008568650330612604,3.966279028766451e-06
2020-08-17,1.0,0.0,3.966279028766451e-06
2020-08-18,1.0,0.0008575998804112306,3.569828763927418e-06
2020-08-19,1.0,-0.0008568650330612604,4.362689847159373e-06
2020-08-20,1.0,0.001714713151720337,4.362689847159373e-06
2020-08-21,1.0,0.0008565204807591265,3.966279028766451e-06
2020-08-24,1.0,-0.0008557874812541444,4.759061227099792e-06
2020-08-25,1.0,-0.001711777943567805,4.362689847159373e-06
2020-08-26,1.0,-0.0008577945240515472,4.362689847159373e-06
2020-08-27,1.0,-0.003433831652733699,4.362689847159373e-06
2020-08-28,1.0,0.0,3.966279028766451e-06
2020-08-31,1.0,0.003451430200072991,4.362689847159373e-06
2020-09-01,1.0,0.003439558802945442,4.759061227099792e-06
2020-09-02,1.0,0.001713690253447364,4.759061227099792e-06
2020-09-03,1.0,0.0008558637959439341,4.362689847159373e-06
2020-09-04,1.0,-0.004273916801434852,4.362689847159373e-06
2020-09-08,1.0,0.000858607894194563,5.155393176359269e-06
2020-09-09,1.0,-0.001715062559027092,4.759061227099792e-06
2020-09-10,1.0,0.0008586639022287734,4.759061227099792e-06
2020-09-11,1.0,0.000858607894194563,4.362689847159373e-06
2020-09-14,1.0,0.0,4.362689847159373e-06
2020-09-15,1.0,-0.0008578713191078613,4.362689847159373e-06
2020-09-16,1.0,0.0,4.759061227099792e-06
2020-09-17,1.0,0.000858607894194563,3.569828763927418e-06
2020-09-18,1.0,-0.0008578713191078613,3.966279028766451e-06
2020-09-21,1.0,0.0,3.966279028766451e-06
2020-09-22,1.0,0.0,3.966279028766451e-06
2020-09-23,1.0,0.0,4.362689847159373e-06
2020-09-24,1.0,-0.0008579272310846875,3.966279028766451e-06
2020-09-25,1.0,0.0,3.966279028766451e-06
2020-09-28,1.0,-0.0008596371130442648,4.362689847159373e-06
2020-09-29,1.0,0.0008603767248080985,3.569828763927418e-06
2020-09-30,1.0,-8.6421120387703e-05,3.966279028766451e-06
2020-10-01,1.0,0.0008603927167170067,3.569828763927418e-06
2020-10-02,1.0,-0.0008596530774702682,3.569828763927418e-06
2020-10-05,1.0,-0.004302644890035956,3.966279028766451e-06
2020-10-06,1.0,0.001728514606451848,3.966279028766451e-06
2020-10-07,1.0,-0.001725531999187346,3.966279028766451e-06
2020-10-08,1.0,0.0008637196778038536,3.569828763927418e-06
2020-10-09,1.0,0.0,3.966279028766451e-06
2020-10-12,1.0,0.0008640486328412855,3.966279028766451e-06
2020-10-13,1.0,0.001725336836375435,4.362689847159373e-06
2020-10-14,1.0,0.0008614261214832108,4.759061227099792e-06
2020-10-15,1.0,-0.0008606847051957356,4.362689847159373e-06
2020-10-16,1.0,0.0,4.362689847159373e-06
2020-10-19,1.0,-0.001722365176291207,4.362689847159373e-06
2020-10-20,1.0,-0.001725531999187346,3.966279028766451e-06
2020-10-21,1.0,-0.0008645016784178949,3.966279028766451e-06
2020-10-22,1.0,-0.001730792880415666,3.569828763927418e-06
2020-10-23,1.0,0.0008672398740998677,3.966279028766451e-06
2020-10-26,1.0,0.00173180180925625,4.362689847159373e-06
2020-10-27,1.0,0.001728514606451848,3.966279028766451e-06
2020-10-28,1.0,0.0,3.966279028766451e-06
2020-10-29,1.0,-0.002588541952295742,3.569828763927418e-06
2020-10-30,1.0,-0.0009533008776648755,3.569828763927418e-06
2020-11-02,1.0,0.001734892621447548,3.569828763927418e-06
2020-11-03,1.0,-0.0008660417492928341,3.966279028766451e-06
2020-11-04,1.0,0.006066079346877418,3.966279028766451e-06
2020-11-05,1.0,0.001722548679603086,3.966279028766451e-06
2020-11-06,1.0,-0.002579671169837483,3.966279028766451e-06
2020-11-09,1.0,-0.003448068097787305,4.362689847159373e-06
2020-11-10,1.0,-0.002595389501331091,3.966279028766451e-06
2020-11-11,1.0,0.0008673483827139616,3.966279028766451e-06
2020-11-12,1.0,0.003466289122581845,3.966279028766451e-06
2020-11-13,1.0,0.0,3.569828763927418e-06
2020-11-16,1.0,-0.000863700748069407,3.569828763927418e-06
2020-11-17,1.0,0.002592951757922624,3.569828763927418e-06
2020-11-18,1.0,0.0008623090356341123,3.569828763927418e-06
2020-11-19,1.0,0.0008615660994018004,2.77680986426887e-06
2020-11-20,1.0,0.001720482850703808,2.77680986426887e-06
2020-11-23,1.0,-0.0008587639367260147,3.173339045314805e-06
2020-11-24,1.0,-0.0008595020460867575,3.569828763927418e-06
2020-11-25,1.0,-0.0008608244422447786,3.569828763927418e-06
2020-11-27,1.0,0.002583531259804372,3.569828763927418e-06
2020-11-30,1.0,0.00154893737056816,3.173339045314805e-06
2020-12-01,1.0,-0.002576956390482832,3.569828763927418e-06
2020-12-02,1.0,-0.0008614960589856668,3.569828763927418e-06
2020-12-03,1.0,0.001724283375700075,3.173339045314805e-06
2020-12-04,1.0,-0.003442533661309977,3.569828763927418e-06
2020-12-07,1.0,0.00259089224417508,3.173339045314805e-06
2020-12-08,1.0,0.0,3.569828763927418e-06
2020-12-09,1.0,-0.001722797912367291,3.173339045314805e-06
2020-12-10,1.0,0.001725771067158988,3.173339045314805e-06
2020-12-11,1.0,0.001722312398357628,3.173339045314805e-06
2020-12-14,1.0,-0.0008595301655150989,3.569828763927418e-06
2020-12-15,1.0,0.0,3.173339045314805e-06
2020-12-16,1.0,-0.0008605606508982344,3.569828763927418e-06
2020-12-17,1.0,0.0,3.173339045314805e-06
2020-12-18,1.0,0.0,3.173339045314805e-06
2020-12-21,1.0,0.0,3.569828763927418e-06
2020-12-22,1.0,0.001638609783068512,3.569828763927418e-06
2020-12-23,1.0,-0.001722306191839107,3.569828763927418e-06
2020-12-24,1.0,0.0008631243801271449,3.569828763927418e-06
2020-12-28,1.0,0.0,4.362689847159373e-06
2020-12-29,1.0,0.0,3.966279028766451e-06
2020-12-30,1.0,0.0008614097643193652,3.173339045314805e-06
2020-12-31,1.0,0.002502123314835458,3.569828763927418e-06
2021-01-04,1.0,0.0,3.569828763927418e-06
2021-01-05,1.0,-0.00172100528679453,3.569828763927418e-06
2021-01-06,1.0,-0.005172497968663148,3.569828763927418e-06
2021-01-07,1.0,-0.002599452475229636,3.569828763927418e-06
2021-01-08,1.0,-0.0008690678334679625,3.173339045314805e-06
2021-01-11,1.0,-0.001739256694452962,3.173339045314805e-06
2021-01-12,1.0,0.0,3.569828763927418e-06
2021-01-13,1.0,0.003484573957488468,3.569828763927418e-06
2021-01-14,1.0,-0.001736236932744162,3.569828763927418e-06
2021-01-15,1.0,0.001739256694452518,3.569828763927418e-06
2021-01-19,1.0,0.0008681184663721364,3.569828763927418e-06
2021-01-20,1.0,0.0,3.173339045314805e-06
2021-01-21,1.0,-0.001734536067152459,3.569828763927418e-06
2021-01-22,1.0,0.0,3.173339045314805e-06
2021-01-25,1.0,0.002606227239077219,3.569828763927418e-06
2021-01-26,1.0,0.0,2.77680986426887e-06
2021-01-27,1.0,0.0,3.173339045314805e-06
2021-01-28,1.0,-0.0008664192435043905,2.77680986426887e-06
2021-01-29,1.0,-0.0001734730980743615,2.380241213684187e-06
2021-02-01,1.0,0.0008682957707033534,2.77680986426887e-06
2021-02-02,1.0,-0.001735961476750481,2.77680986426887e-06
2021-02-03,1.0,-0.001739272955027515,1.586985470813929e-06
2021-02-04,1.0,0.0,1.586985470813929e-06
2021-02-05,1.0,-0.001741814653642648,1.190298363207276e-06
2021-02-08,1.0,0.0,1.98363308512306e-06
2021-02-09,1.0,0.0008723779833375023,1.586985470813929e-06
2021-02-10,1.0,0.001743235206660643,1.98363308512306e-06
2021-02-11,1.0,-0.0008700031695063615,1.98363308512306e-06
2021-02-12,1.0,-0.00348441113510467,1.586985470813929e-06
2021-02-16,1.0,-0.004370596280511174,1.586985470813929e-06
2021-02-17,1.0,0.001755971999008787,1.586985470813929e-06
2021-02-18,1.0,0.0,1.190298363207276e-06
2021-02-19,1.0,-0.00350529629237406,1.586985470813929e-06
2021-02-22,1.0,-0.002639231369623629,1.190298363207276e-06
2021-02-23,1.0,-0.0008816100845666641,1.586985470813929e-06
2021-02-24,1.0,-0.001765073080462032,1.190298363207276e-06
2021-02-25,1.0,-0.007073569868266794,1.586985470813929e-06
2021-02-26,1.0,0.009452426615691456,1.586985470813929e-06
2021-03-01,1.0,-0.001766589662491103,1.98363308512306e-06
2021-03-02,1.0,0.0008848580122629013,1.586985470813929e-06
2021-03-03,1.0,-0.00265282152893298,1.98363308512306e-06
2021-03-04,1.0,-0.003545609736815059,1.586985470813929e-06
2021-03-05,1.0,-0.0008899800644068812,1.586985470813929e-06
2021-03-08,1.0,-0.003561694673120619,1.98363308512306e-06
2021-03-09,1.0,0.002681069560434457,1.98363308512306e-06
2021-03-10,1.0,0.0008909673800894247,1.586985470813929e-06
2021-03-11,1.0,0.0,1.586985470813929e-06
2021-03-12,1.0,-0.00534264177144983,1.586985470813929e-06
2021-03-15,1.0,0.0008953568820118107,1.586985470813929e-06
2021-03-16,1.0,-0.0008945559351989374,7.935717540874521e-07
2021-03-17,1.0,-0.0008951562867651752,7.935717540874521e-07
2021-03-18,1.0,-0.003584435562828947,3.968056356828953e-07
2021-03-19,1.0,0.0008996851102112124,3.968056356828953e-07
2021-03-22,1.0,0.002695220000755061,1.190298363207276e-06
2021-03-23,1.0,0.002688075703407344,3.968056356828953e-07
2021-03-24,1.0,0.0008940569541311394,7.935717540874521e-07
2021-03-25,1.0,-0.0008932583303091768,7.935717540874521e-07
2021-03-26,1.0,-0.001787312961382903,7.935717540874521e-07
2021-03-29,1.0,-0.001790312573530461,1.190298363207276e-06
2021-03-30,1.0,0.0,7.935717540874521e-07
2021-03-31,1.0,0.00125817937164574,1.190298363207276e-06
2021-04-01,1.0,0.004488109280102126,7.935717540874521e-07
2021-04-05,1.0,-0.001786962714848461,1.190298363207276e-06
2021-04-06,1.0,0.002685893031660225,7.935717540874521e-07
2021-04-07,1.0,-0.0008933319705446419,7.935717540874521e-07
2021-04-08,1.0,0.001787662034969717,3.968056356828953e-07
2021-04-09,1.0,-0.0008919368272580774,7.935717540874521e-07
2021-04-12,1.0,-0.0008933319705446419,7.935717540874521e-07
2021-04-13,1.0,0.002680993538082266,1.190298363207276e-06
2021-04-14,1.0,-0.0008909428909790185,7.935717540874521e-07
2021-04-15,1.0,0.004460282483892186,7.935717540874521e-07
2021-04-16,1.0,-0.002664425016545069,7.935717540874521e-07
2021-04-19,1.0,0.0,7.935717540874521e-07
2021-04-20,1.0,0.0008903484692905916,1.190298363207276e-06
2021-04-21,1.0,0.0008896559125219916,1.190298363207276e-06
2021-04-22,1.0,0.0008891632385652493,1.190298363207276e-06
2021-04-23,1.0,-0.0008883733296584095,1.190298363207276e-06
2021-04-26,1.0,0.0,1.190298363207276e-06
2021-04-27,1.0,-0.002666694755268484,3.968056356828953e-07
2021-04-28,1.0,0.0,3.968056356828953e-07
2021-04-29,1.0,0.0,3.968056356828953e-07
2021-04-30,1.0,0.002320417019460175,3.968056356828953e-07
2021-05-03,1.0,0.0,1.586985470813929e-06
2021-05-04,1.0,0.0008905702044972319,7.935717540874521e-07
2021-05-05,1.0,0.0008899764281882216,7.935717540874521e-07
2021-05-06,1.0,0.0008888873894385974,7.935717540874521e-07
2021-05-07,1.0,0.0,7.935717540874521e-07
2021-05-10,1.0,-0.002664690471882558,7.935717540874521e-07
2021-05-11,1.0,-0.001780345168271635,3.968056356828953e-07
2021-05-12,1.0,-0.003568634218676814,7.935717540874521e-07
2021-05-13,1.0,0.000895953378843295,7.935717540874521e-07
2021-05-14,1.0,0.002683057705261005,3.968056356828953e-07
2021-05-17,1.0,-0.0008921585546692867,7.935717540874521e-07
2021-05-18,1.0,0.0,7.935717540874521e-07
2021-05-19,1.0,-0.001785312396777705,3.968056356828953e-07
2021-05-20,1.0,0.002683057705261005,3.968056356828953e-07
2021-05-21,1.0,0.0,3.968056356828953e-07
2021-05-24,1.0,0.001783520450287845,7.935717540874521e-07
2021-05-25,1.0,0.002671810018581855,7.935717540874521e-07
2021-05-26,1.0,-0.0008880979703521641,7.935717540874521e-07
2021-05-27,1.0,-0.001778171692201291,7.935717540874521e-07
2021-05-28,1.0,0.002408386529139106,3.968056356828953e-07
2021-06-01,1.0,-0.0008898188480351843,7.935717540874521e-07
2021-06-02,1.0,0.0008906113307836083,7.935717540874521e-07
2021-06-03,1.0,-0.001779439363550961,7.935717540874521e-07
2021-06-04,1.0,0.00356472610976355,7.935717540874521e-07
2021-06-07,1.0,-0.0008878427608594031,7.935717540874521e-07
2021-06-08,1.0,0.00177785792097418,7.935717540874521e-07
2021-06-09,1.0,0.002661658518271715,1.190298363207276e-06
2021-06-10,1.0,0.001769892998560563,1.190298363207276e-06
2021-06-11,1.0,-0.0008831368421964303,1.190298363207276e-06
2021-06-14,1.0,-0.001768426239605825,1.190298363207276e-06
2021-06-15,1.0,-0.000885582101408322,1.190298363207276e-06
2021-06-16,1.0,-0.002659694044275462,1.586985470813929e-06
2021-06-17,1.0,0.003555517685693399,1.586985470813929e-06
2021-06-18,1.0,0.003542822041141314,1.98363308512306e-06
2021-06-21,1.0,-0.00353031476418264,1.98363308512306e-06
2021-06-22,1.0,0.0008855821014084331,1.586985470813929e-06
2021-06-23,1.0,-0.0008847985396582825,1.98363308512306e-06
2021-06-24,1.0,0.0,1.98363308512306e-06
2021-06-25,1.0,-0.001771361657020076,2.380241213684187e-06
2021-06-28,1.0,0.002661658518271715,1.98363308512306e-06
2021-06-29,1.0,0.0008851930986502055,1.586985470813929e-06
2021-06-30,1.0,0.001505291037880996,1.98363308512306e-06
2021-07-01,1.0,0.0,1.98363308512306e-06
2021-07-02,1.0,0.001768326758444516,1.98363308512306e-06
2021-07-06,1.0,0.003530410597361477,1.98363308512306e-06
2021-07-07,1.0,0.001759093208056228,1.98363308512306e-06
2021-07-08,1.0,0.001755808806501502,2.380241213684187e-06
2021-07-09,1.0,-0.004382364844163544,2.380241213684187e-06
2021-07-12,1.0,0.0,1.98363308512306e-06
2021-07-13,1.0,-0.002640522437827975,1.98363308512306e-06
2021-07-14,1.0,0.00264751325598489,2.380241213684187e-06
2021-07-15,1.0,0.002641208236917381,1.98363308512306e-06
2021-07-16,1.0,-0.0008779532598597317,1.98363308512306e-06
2021-07-19,1.0,0.005272250635571574,1.98363308512306e-06
2021-07-20,1.0,-0.0008740188933619164,1.98363308512306e-06
2021-07-21,1.0,-0.003499523367643587,1.98363308512306e-06
2021-07-22,1.0,0.002633859779578085,1.98363308512306e-06
2021-07-23,1.0,-0.001751293857265912,1.98363308512306e-06
2021-07-26,1.0,-0.0008771831340672609,1.98363308512306e-06
2021-07-27,1.0,0.002633859779578085,1.98363308512306e-06
2021-07-28,1.0,0.0008756469286332891,1.98363308512306e-06
2021-07-29,1.0,-0.001749859055089509,2.380241213684187e-06
2021-07-30,1.0,0.003247756852102324,2.380241213684187e-06
2021-08-02,1.0,0.002625204235756184,1.98363308512306e-06
2021-08-03,1.0,0.0,1.98363308512306e-06
2021-08-04,1.0,0.0,1.98363308512306e-06
2021-08-05,1.0,-0.002618330583218476,1.98363308512306e-06
2021-08-06,1.0,-0.004374108861243009,2.380241213684187e-06
2021-08-09,1.0,-0.001757759973188278,2.380241213684187e-06
2021-08-10,1.0,-0.001760463832720549,1.98363308512306e-06
2021-08-11,1.0,0.0,1.98363308512306e-06
2021-08-12,1.0,0.0,2.380241213684187e-06
2021-08-13,1.0,0.003527529053899858,2.380241213684187e-06
2021-08-16,1.0,0.0008783917199350899,2.380241213684187e-06
2021-08-17,1.0,0.0,2.77680986426887e-06
2021-08-18,1.0,0.0,2.77680986426887e-06
2021-08-19,1.0,0.0008782062308443361,2.380241213684187e-06
2021-08-20,1.0,0.0,1.98363308512306e-06
2021-08-23,1.0,0.0,1.98363308512306e-06
2021-08-24,1.0,-0.001754286430639351,1.98363308512306e-06
2021-08-25,1.0,-0.001757759973188278,2.380241213684187e-06
2021-08-26,1.0,0.0,1.98363308512306e-06
2021-08-27,1.0,0.002640793574365974,1.98363308512306e-06
2021-08-30,1.0,0.0008782062308443361,1.98363308512306e-06
2021-08-31,1.0,0.0006145266536312644,1.586985470813929e-06
2021-09-01,1.0,0.0,1.98363308512306e-06
2021-09-02,1.0,0.0008780658507496764,1.98363308512306e-06
2021-09-03,1.0,-0.001754104371594845,1.98363308512306e-06
2021-09-07,1.0,-0.002636121267623803,1.98363308512306e-06
2021-09-08,1.0,0.001761635529839323,1.98363308512306e-06
2021-09-09,1.0,0.002638635986126792,1.586985470813929e-06
2021-09-10,1.0,-0.001754104371594845,1.98363308512306e-06
2021-09-13,1.0,0.0008783495608934988,2.380241213684187e-06
2021-09-14,1.0,0.002634294974400264,1.586985470813929e-06
2021-09-15,1.0,-0.0008759531760027528,1.586985470813929e-06
2021-09-16,1.0,-0.001752956028471919,1.586985470813929e-06
2021-09-17,1.0,-0.001755936857196438,1.586985470813929e-06
2021-09-20,1.0,0.002638635986126792,1.586985470813929e-06
2021-09-21,1.0,0.0,1.190298363207276e-06
2021-09-22,1.0,0.0008771981908226589,1.190298363207276e-06
2021-09-23,1.0,-0.006135005719839604,1.190298363207276e-06
2021-09-24,1.0,-0.001763483254199172,1.190298363207276e-06
2021-09-27,1.0,-0.001767088744084822,1.586985470813929e-06
2021-09-28,1.0,-0.003539353569863679,1.586985470813929e-06
2021-09-29,1.0,0.000888005908870726,1.586985470813929e-06
2021-09-30,1.0,0.001421360540172056,1.586985470813929e-06
2021-10-01,1.0,0.002662104108367425,1.586985470813929e-06
2021-10-04,1.0,-0.000884685179748379,1.586985470813929e-06
2021-10-05,1.0,-0.002657092640306002,1.586985470813929e-06
2021-10-06,1.0,0.0,1.586985470813929e-06
2021-10-07,1.0,-0.002665057253660175,1.98363308512306e-06
2021-10-08,1.0,-0.002670698714261843,1.98363308512306e-06
2021-10-11,1.0,-0.0008929795738591428,1.98363308512306e-06
2021-10-12,1.0,0.003574021548103268,2.380241213684187e-06
2021-10-13,1.0,0.001781584068596631,1.98363308512306e-06
2021-10-14,1.0,0.001777332232690609,1.98363308512306e-06
2021-10-15,1.0,-0.002661809149276606,1.98363308512306e-06
2021-10-18,1.0,0.0,2.380241213684187e-06
2021-10-19,1.0,-0.002668814704979927,1.98363308512306e-06
2021-10-20,1.0,-0.001784069736971983,1.98363308512306e-06
2021-10-21,1.0,-0.00178765442074369,2.380241213684187e-06
2021-10-22,1.0,0.001790855852124684,2.380241213684187e-06
2021-10-25,1.0,0.0008937776990880497,2.380241213684187e-06
2021-10-26,1.0,0.001785860213574963,2.380241213684187e-06
2021-10-27,1.0,0.004455654549252008,2.380241213684187e-06
2021-10-28,1.0,-0.002661809149276606,2.380241213684187e-06
2021-10-29,1.0,0.002405994817144208,1.98363308512306e-06
2021-11-01,1.0,-0.0008888464910574712,1.98363308512306e-06
2021-11-02,1.0,0.00177927448399684,1.98363308512306e-06
2021-11-03,1.0,-0.002664564466335784,1.98363308512306e-06
2021-11-04,1.0,0.003561817528894951,1.586985470813929e-06
2021-11-05,1.0,0.004436739984693183,1.98363308512306e-06
2021-11-08,1.0,-0.00264985531938533,2.380241213684187e-06
2021-11-09,1.0,0.003542200954687269,1.586985470813929e-06
2021-11-10,1.0,-0.007060274969982183,1.98363308512306e-06
2021-11-11,1.0,-0.001778086364054188,1.98363308512306e-06
2021-11-12,1.0,0.0,1.98363308512306e-06
2021-11-15,1.0,-0.003561620487568917,1.98363308512306e-06
2021-11-16,1.0,-0.0008934147148844662,1.98363308512306e-06
2021-11-17,1.0,0.001788724120650453,1.98363308512306e-06
2021-11-18,1.0,0.0008928145420303846,1.98363308512306e-06
2021-11-19,1.0,0.002676251798618745,1.98363308512306e-06
2021-11-22,1.0,-0.005337921884967844,1.98363308512306e-06
2021-11-23,1.0,-0.004472552510804584,2.380241213684187e-06
2021-11-24,0.0,0.002695388852213654,2.380241213684187e-06
2021-11-26,1.0,0.00806462805971453,2.380241213684187e-06
2021-11-29,1.0,-0.001778086364054188,2.380241213684187e-06
2021-11-30,1.0,0.005083863251349463,1.98363308512306e-06
2021-12-01,1.0,0.0008873961612689829,2.380241213684187e-06
2021-12-02,1.0,-0.001773512581274117,1.98363308512306e-06
2021-12-03,1.0,0.004440628642005784,2.380241213684187e-06
2021-12-06,1.0,-0.003536445677719269,1.98363308512306e-06
2021-12-07,1.0,-0.001774792322538188,2.380241213684187e-06
2021-12-08,1.0,-0.003555502834886815,2.77680986426887e-06
2021-12-09,1.0,0.0008917517447499801,2.380241213684187e-06
2021-12-10,1.0,0.0,2.380241213684187e-06
2021-12-13,1.0,0.0035651088978359,1.98363308512306e-06
2021-12-14,1.0,-0.001776271078686609,1.98363308512306e-06
2021-12-15,1.0,-0.002668705469976218,1.98363308512306e-06
2021-12-16,1.0,0.001783602036493193,1.98363308512306e-06
2021-12-17,1.0,0.001781410179604759,1.98363308512306e-06
2021-12-20,1.0,-0.001778242400490737,2.77680986426887e-06
2021-12-21,1.0,-0.001780426464225715,2.77680986426887e-06
2021-12-22,1.0,0.001518707717796275,3.173339045314805e-06
2021-12-23,1.0,-0.001784439685938666,2.77680986426887e-06
2021-12-27,1.0,0.0008936669413908138,2.380241213684187e-06
2021-12-28,1.0,-0.0008928690138702011,2.380241213684187e-06
2021-12-29,1.0,-0.00268090225071782,1.98363308512306e-06
2021-12-30,1.0,0.001792336107596215,1.98363308512306e-06
2021-12-31,1.0,0.002418689032066323,2.380241213684187e-06
2022-01-03,1.0,-0.00804267959663263,3.173339045314805e-06
2022-01-04,0.0,0.0,3.173339045314805e-06
2022-01-05,0.0,-0.002702894173472581,3.569828763927418e-06
2022-01-06,0.0,-0.001806348784699208,3.966279028766451e-06
2022-01-07,0.0,-0.002715124071332564,3.966279028766451e-06
2022-01-10,0.0,-0.0009073720909175131,5.155393176359269e-06
2022-01-11,0.0,0.001816592390778693,4.362689847159373e-06
2022-01-12,0.0,0.0,4.759061227099792e-06
2022-01-13,0.0,0.0009063496296868312,4.759061227099792e-06
2022-01-14,0.0,-0.004528841649261706,5.155393176359269e-06
2022-01-18,0.0,-0.006369644415301967,6.344152519766055e-06
2022-01-19,0.0,0.002747548945695399,6.740326825349641e-06
2022-01-20,0.0,0.0009129714055988725,6.740326825349641e-06
2022-01-21,0.0,0.002737420837278126,6.740326825349641e-06
2022-01-24,0.0,-0.001819898404372022,7.532557270595319e-06
2022-01-25,0.0,-0.0009117086339438529,7.532557270595319e-06
2022-01-26,0.0,-0.005474439718558655,7.532557270595319e-06
2022-01-27,0.0,0.002752287089036409,7.92861342602258e-06
2022-01-28,0.0,0.0009150452852193514,7.532557270595319e-06
2022-01-31,0.0,0.0006406810306467392,8.720607641343747e-06
2022-02-01,0.0,0.0,7.532557270595319e-06
2022-02-02,0.0,0.0009152331334314479,7.532557270595319e-06
2022-02-03,0.0,-0.003656579828340334,7.92861342602258e-06
2022-02-04,0.0,-0.006421944211932207,9.116545717002822e-06
2022-02-07,0.0,0.0,1.0699904655187e-05
2022-02-08,0.0,-0.002769630263447453,9.908303843175759e-06
2022-02-09,0.0,0.0009253329233414043,1.030412390967683e-05
2022-02-10,0.0,-0.009250369618057142,1.58414797191142e-05
2022-02-11,0.0,0.006535562513944715,1.426016322336743e-05
2022-02-14,0.0,-0.005565361941321623,1.702705534412097e-05
2022-02-15,0.0,-0.001865810582835636,1.58414797191142e-05
2022-02-16,0.0,0.0009345977843224773,1.505089992526187e-05
2022-02-17,0.0,0.001867142229212915,1.426016322336743e-05
2022-02-18,0.0,0.001864072440259212,1.386473601239224e-05
2022-02-22,0.0,-0.0009300463376253898,1.465555119151141e-05
2022-02-23,0.0,-0.004655584525684819,1.346926955103633e-05
2022-02-24,0.0,0.0009354720744512157,1.26782188460961e-05
2022-02-25,0.0,0.0009345977843224773,1.307376383175018e-05
2022-02-28,0.0,0.008976965204416043,1.386473601239224e-05
2022-03-01,1.0,0.005561054060308157,1.26782188460961e-05
2022-03-02,1.0,-0.0119818101632112,1.346926955103633e-05
2022-03-03,0.0,0.002798375895189054,1.505089992526187e-05
2022-03-04,0.0,0.005581235820415253,1.346926955103633e-05
2022-03-07,1.0,-0.005550258518757789,1.505089992526187e-05
2022-03-08,0.0,-0.005581235820415142,1.426016322336743e-05
2022-03-09,0.0,-0.002806845345974529,1.505089992526187e-05
2022-03-10,0.0,-0.004690213146934741,1.544620943172426e-05
2022-03-11,0.0,0.0,1.58414797191142e-05
2022-03-14,0.0,-0.01036761023696731,1.781724314131594e-05
2022-03-15,0.0,0.0009524410065382405,1.821227827725203e-05
2022-03-16,0.0,0.0009513257810227493,1.742216883293679e-05
2022-03-17,0.0,0.0009507347397890165,1.58414797191142e-05
2022-03-18,0.0,0.002849078009451445,1.6631902667541e-05
2022-03-21,0.0,-0.009469668809058751,2.137115009137602e-05
2022-03-22,0.0,-0.002868144200586786,2.018686664317926e-05
2022-03-23,0.0,0.004793639277038908,1.979202725266305e-05
2022-03-24,0.0,-0.003817035027519844,2.058166690788177e-05
2022-03-25,0.0,-0.006704249165636722,2.17658330252668e-05
2022-03-28,0.0,0.00192823178678081,2.334417389215915e-05
2022-03-29,0.0,0.003849992840245564,2.17658330252668e-05
2022-03-30,0.0,0.002876394113682679,2.17658330252668e-05
2022-03-31,1.0,0.002491925307533283,2.058166690788177e-05
2022-04-01,1.0,-0.002868344525527644,2.097642805476418e-05
2022-04-04,1.0,0.000958760185514107,2.610476675579676e-05
2022-04-05,1.0,-0.008620471692521003,2.571051343691622e-05
2022-04-06,1.0,-0.002898617899703804,2.649898106499293e-05
2022-04-07,1.0,-0.001937852654637418,2.689315637249834e-05
2022-04-08,1.0,-0.005825696356007493,2.768139001307901e-05
2022-04-11,1.0,-0.004882963226640502,3.043898033650017e-05
2022-04-12,1.0,0.002944562576872256,2.925738961367941e-05
2022-04-13,1.0,0.0009782462385532487,2.965129212539885e-05
2022-04-14,1.0,-0.007819713510930026,3.122651284970246e-05
2022-04-18,1.0,-0.001970632589031629,3.201388972629005e-05
2022-04-19,1.0,-0.005923354705084871,3.201388972629005e-05
2022-04-20,1.0,0.005958649902017887,3.240751982014345e-05
2022-04-21,1.0,-0.00493576851429478,3.280111102821337e-05
2022-04-22,1.0,-0.001984209124623826,3.280111102821337e-05
2022-04-25,1.0,0.004970004034882569,3.594844171850298e-05
2022-04-26,1.0,0.003956860213436775,3.280111102821337e-05
2022-04-27,1.0,-0.003941265178063147,3.240751982014345e-05
2022-04-28,1.0,-0.0009893233892538378,3.240751982014345e-05
2022-04-29,1.0,-0.004165302541832228,3.358817681675674e-05
2022-05-02,1.0,-0.005976254624165178,3.555516132158765e-05
2022-05-03,1.0,0.002004025140310839,3.594844171850298e-05
2022-05-04,1.0,0.00500020663818046,3.516184210039519e-05
2022-05-05,1.0,-0.007960482829055593,3.358817681675674e-05
2022-05-06,1.0,-0.004011632000150867,3.358817681675674e-05
2022-05-09,1.0,0.004027790011450705,3.634168329846865e-05
2022-05-10,1.0,0.002005816000075544,3.516184210039519e-05
2022-05-11,1.0,0.004004258163239793,3.594844171850298e-05
2022-05-12,1.0,0.001994253019530268,3.79142616035999e-05
2022-05-13,1.0,-0.003980676568152264,4.066478096254045e-05
2022-05-16,1.0,0.0009995013961454635,4.223565419558817e-05
2022-05-17,1.0,-0.004990225556362082,4.184299394793811e-05
2022-05-18,1.0,0.004011741661514412,4.066478096254045e-05
2022-05-19,1.0,0.001998347453161076,4.145029499813546e-05
2022-05-20,1.0,0.002991107015900996,4.066478096254045e-05
2022-05-23,1.0,-0.003976068166882007,4.223565419558817e-05
2022-05-24,1.0,0.006985377397401127,4.184299394793811e-05
2022-05-25,1.0,0.002973646984120837,4.184299394793811e-05
2022-05-26,1.0,0.0009883128868091173,4.223565419558817e-05
2022-05-27,1.0,0.0009871212302730026,4.262827574930128e-05
2022-05-31,1.0,-0.004149454545768205,4.576785610077572e-05
2022-06-01,1.0,-0.002975967487181652,4.537554382633147e-05
2022-06-02,1.0,0.000994950101547376,4.616012974967276e-05
2022-06-03,1.0,-0.001988030806937657,4.77288382416674e-05
2022-06-06,1.0,-0.005976190245842616,4.968885569511805e-05
2022-06-07,1.0,0.003005349088323506,4.968885569511805e-05
2022-06-08,1.0,-0.002996344028528997,5.047259277701777e-05
2022-06-09,1.0,-0.001002147552776278,5.125617572176999e-05
2022-06-10,1.0,-0.008023799812549193,5.478039315431893e-05
2022-06-13,1.0,-0.01617795563600966,6.806604185438658e-05
2022-06-14,1.0,-0.006166592786150948,7.196516950935816e-05
2022-06-15,1.0,0.01034104979741701,6.845612637285114e-05
2022-06-16,1.0,0.003070841372555533,6.260084472953231e-05
2022-06-17,1.0,0.0,6.416309471890536e-05
2022-06-21,1.0,-0.004082105843196793,6.689555910033285e-05
2022-06-22,1.0,0.008196669066740991,6.338204629385835e-05
2022-06-23,1.0,0.003049107816257113,6.494399006440332e-05
2022-06-24,1.0,-0.002025969608686617,6.806604185438658e-05
2022-06-27,1.0,-0.00406071898958138,7.040597630569856e-05
2022-06-28,1.0,0.0,7.040597630569856e-05
2022-06-29,1.0,0.006115635360345317,7.001608264878278e-05
2022-06-30,1.0,0.005989337618956148,6.767591914114135e-05
2022-07-01,1.0,0.006054583250162393,6.806604185438658e-05
2022-07-05,0.0,0.003009127570424042,7.469229028500557e-05
2022-07-06,0.0,-0.007000160451206661,7.469229028500557e-05
2022-07-07,0.0,-0.00201412951178559,7.663909151545134e-05
2022-07-08,0.0,-0.004036278915985236,7.780671582890974e-05
2022-07-11,0.0,0.005065988744086702,8.558214573084477e-05
2022-07-12,0.0,0.001007915081699506,8.713541254601331e-05
2022-07-13,0.0,0.003021249115712665,9.37300495240656e-05
2022-07-14,0.0,-0.004016015942886586,9.411762964850467e-05
2022-07-15,0.0,0.003024074664996546,9.295477615278713e-05
2022-07-18,0.0,-0.002010080948426252,9.79913587377812e-05
2022-07-19,0.0,-0.00201412951178559,9.876565283040151e-05
2022-07-20,0.0,0.0,9.837852459271268e-05
2022-07-21,0.0,0.008072557831970473,9.72169141484347e-05
2022-07-22,0.0,0.008008131561725307,9.760415525894572e-05
2022-07-25,0.0,-0.003972039094729873,0.0001026348678903055
2022-07-26,0.0,0.0,9.992681191595132e-05
2022-07-27,0.0,0.001994048155595118,9.566757324419584e-05
2022-07-28,0.0,0.005969697590454626,9.489267681228597e-05
2022-07-29,0.0,0.00287383040877387,9.450517207554299e-05
2022-08-01,0.0,0.004940903612736358,0.0001003137897594986
2022-08-02,0.0,-0.01081579610186179,0.0001003137897594986
2022-08-03,0.0,0.003975539167301534,9.876565283040151e-05
2022-08-04,0.0,0.002970520423982936,9.79913587377812e-05
2022-08-05,0.0,-0.01184624629704178,0.0001010876327129928
2022-08-08,0.0,0.004995634223646128,0.0001037949001150285
2022-08-09,0.0,-0.001988255921186566,0.0001045680673463778
2022-08-10,0.0,0.0009959460436999024,0.0001037949001150285
2022-08-11,0.0,-0.004975100158130519,0.0001026348678903055
2022-08-12,0.0,0.002999789620060422,0.000103021582825269
2022-08-15,0.0,0.001994203725519839,0.0001065003293032607
2022-08-16,0.0,0.0,0.0001057275369622523
2022-08-17,0.0,-0.00597027164535846,0.0001049545947087172
2022-08-18,0.0,0.001001148616425418,0.0001061139518681031
2022-08-19,0.0,-0.006000231581018811,0.000107272971790362
2022-08-22,0.0,-0.004023754227118648,0.0001103620443601017
2022-08-23,0.0,-0.00100992019258328,0.000109590000707982
2022-08-24,0.0,-0.003033812881782505,0.0001103620443601017
2022-08-25,0.0,0.005070859379832759,0.0001126772781681051
2022-08-26,0.0,0.0,0.000113063019711479
2022-08-29,0.0,-0.005045275497253754,0.0001161476084230451
2022-08-30,0.0,0.0,0.0001161476084230451
2022-08-31,0.0,-0.002032555960346571,0.0001157621653977703
2022-09-01,0.0,-0.006110197466555278,0.0001161476084230451
2022-09-02,0.0,0.004099211752474519,0.0001149911674716009
2022-09-06,1.0,-0.009184548700473028,0.0001188446661026799
2022-09-07,1.0,0.005149366492264829,0.0001199999893457537
2022-09-08,1.0,-0.003073102554000284,0.0001196149188178453
2022-09-09,1.0,0.0,0.0001203850226638714
2022-09-12,1.0,-0.001028491661166253,0.0001238486492622926
2022-09-13,1.0,-0.005143734097111108,0.0001280778859955589
2022-09-14,1.0,0.0,0.0001265405010593135
2022-09-15,1.0,-0.002067952028450004,0.0001257715860927267
2022-09-16,1.0,-0.001036568410985317,0.0001250025227172991
2022-09-19,1.0,-0.00207472522525054,0.0001315348348380763
2022-09-20,1.0,-0.004158077318402231,0.0001307668831311837
2022-09-21,1.0,0.004175439117089397,0.0001292305355513612
2022-09-22,1.0,-0.01143431786429161,0.0001284621395638563
2022-09-23,1.0,-0.002103314200228912,0.0001265405010593135
2022-09-26,1.0,-0.01264465538815029,0.0001323026385655623
2022-09-27,1.0,-0.00426867043937329,0.0001307668831311837
2022-09-28,1.0,0.01393291449423395,0.0001326864849549025
2022-09-29,1.0,-0.005285334181170609,0.0001311508774854975
2022-09-30,1.0,0.0,0.0001299987833880412
2022-10-03,1.0,0.007455226955137784,0.0001349887871000544
2022-10-04,1.0,0.002113370268765902,0.0001346051624440125
2022-10-05,1.0,-0.005273482604577051,0.0001349887871000544
2022-10-06,1.0,-0.003181231206630053,0.0001349887871000544
2022-10-07,1.0,-0.004255677442525307,0.0001346051624440125
2022-10-10,1.0,-0.004273749960525763,0.0001346051624440125
2022-10-11,1.0,0.0,0.0001430363848669014
2022-10-12,1.0,0.00107319758162272,0.0001441847160272847
2022-10-13,1.0,-0.005359306936311592,0.0001476277252221436
2022-10-14,1.0,-0.003232653640302563,0.0001483924345326848
2022-10-17,1.0,0.001080967826136758,0.0001545048314746111
2022-10-18,1.0,0.001080034446048206,0.0001571760595624472
2022-10-19,1.0,-0.00755068302688866,0.0001583203236481534
2022-10-20,1.0,-0.006521876005858518,0.0001590829838611363
2022-10-21,1.0,0.0,0.0001590829838611363
2022-10-24,1.0,-0.001094213733335958,0.0001617511456717402
2022-10-25,1.0,0.009857288061665637,0.0001609889960150213
2022-10-26,1.0,0.004338292645864161,0.0001598454981310837
2022-10-27,1.0,0.00540005530543386,0.000160607866513951
2022-10-28,1.0,-0.003222816873595491,0.0001625131495812671
2022-10-31,1.0,-0.002051924768903257,0.0001640367203810111
2022-11-01,1.0,0.002164521903011529,0.0001644175220760768
2022-11-02,1.0,-0.001079690113188425,0.0001640367203810111
2022-11-03,1.0,-0.004324946637424887,0.0001651790163088585
2022-11-04,1.0,-0.001084965590756104,0.0001636558822910583
2022-11-07,1.0,-0.002174401616839905,0.0001667015683410877
2022-11-08,1.0,0.004357573823396299,0.0001663209848699054
2022-11-09,1.0,0.001084491190149306,0.0001667015683410877
2022-11-10,1.0,0.01950168384531414,0.0001663209848699054
2022-11-11,1.0,-0.002125302743423374,0.0001663209848699054
2022-11-14,1.0,0.0,0.0001686039406427753
2022-11-15,1.0,0.006389948006533697,0.0001674626262520018
2022-11-16,1.0,0.006348689937537344,0.0001678431007052783
2022-11-17,1.0,-0.005257331149613242,0.0001678431007052783
2022-11-18,1.0,-0.001056863480416448,0.0001686039406427753
2022-11-21,1.0,0.0,0.0001712657369763448
2022-11-22,1.0,0.004232612377824907,0.0001708855892015304
2022-11-23,1.0,0.005268409181069744,0.0001708855892015304
2022-11-25,0.0,0.0,0.0001712657369763448
2022-11-28,0.0,0.0,0.0001712657369763448
2022-11-29,0.0,-0.004192570866337397,0.0001701251848353902
2022-11-30,1.0,0.008545188167665696,0.0001697449282302976
2022-12-01,0.0,0.009413793931573933,0.0001682235388331677
2022-12-02,0.0,0.003109002054349608,0.0001686039406427753
2022-12-05,0.0,-0.007231297517990565,0.0001693646353342348
2022-12-06,0.0,0.004162028263926087,0.0001697449282302976
2022-12-07,0.0,0.007254338126815751,0.0001667015683410877
2022-12-08,0.0,-0.002057740490934545,0.0001663209848699054
2022-12-09,0.0,-0.006185728309335725,0.0001674626262520018
2022-12-12,0.0,0.0,0.0001701251848353902
2022-12-13,0.0,0.006224229703214679,0.0001689843061407625
2022-12-14,0.0,0.002061983517910981,0.0001682235388331677
2022-12-15,0.0,0.001028426671315419,0.0001686039406427753
2022-12-16,0.0,-0.002055404870669242,0.0001674626262520018
2022-12-19,0.0,-0.006179358814650149,0.0001697449282302976
2022-12-20,0.0,-0.007253556240835124,0.0001689843061407625
2022-12-21,1.0,0.002087924612836023,0.0001682235388331677
2022-12-22,1.0,-0.001041843273267395,0.0001689843061407625
2022-12-23,1.0,-0.003128227544160422,0.0001686039406427753
2022-12-27,1.0,-0.006276200869546722,0.0001731659320451939
2022-12-28,1.0,-0.002105280117419173,0.0001731659320451939
2022-12-29,1.0,0.003164525658274631,0.0001727859655156205
2022-12-30,1.0,-0.0008433800896786581,0.0001716458484881667
2023-01-03,1.0,0.004219779272386148,0.0001758246837471056
2023-01-04,1.0,0.005251796960188626,0.0001765840013678854
2023-01-05,1.0,-0.001044377503699567,0.0001807576638885866
2023-01-06,1.0,0.01045975567243618,0.0001811368710749051
2023-01-09,1.0,0.003105722821418633,0.0001822742761612428
2023-01-10,1.0,-0.0041285498192698,0.0001834113566834272
2023-01-11,1.0,0.005182388215750233,0.0001830323658940092
2023-01-12,1.0,0.007215764393086355,0.0001807576638885866
2023-01-13,1.0,-0.003070425849738601,0.0001811368710749051
2023-01-17,1.0,-0.001026811483152978,0.0001826533390556495
2023-01-18,1.0,0.009250028515017439,0.0001818951772043498
2023-01-19,1.0,-0.003055010224433774,0.0001826533390556495
2023-01-20,1.0,-0.004086048907801954,0.0001830323658940092
2023-01-23,1.0,-0.003076834160888775,0.0001834113566834272
2023-01-24,1.0,0.005143846933241436,0.0001830323658940092
2023-01-25,1.0,0.001023548663800611,0.0001830323658940092
2023-01-26,1.0,-0.00204456433318323,0.0001826533390556495
2023-01-27,1.0,-0.001024927488198268,0.0001834113566834272
2023-01-30,1.0,-0.003076834160888775,0.0001830323658940092
2023-01-31,1.0,0.006393049516925542,0.0001822742761612428
2023-02-01,1.0,0.006147410774651307,0.0001807576638885866
2023-02-02,1.0,0.001018654499774785,0.0001807576638885866
2023-02-03,1.0,-0.008138541860410298,0.0001822742761612428
2023-02-06,1.0,-0.00717935343010867,0.0001826533390556495
2023-02-07,1.0,-0.001033165144260106,0.0001826533390556495
2023-02-08,1.0,0.002068467356895587,0.0001830323658940092
2023-02-09,1.0,-0.004128616719624389,0.0001849269594886849
2023-02-10,0.0,-0.004144620987775349,0.0001856845447760769
2023-02-13,0.0,0.002081158481781475,0.000186441986059771
2023-02-14,0.0,-0.004153672512782425,0.0001860632834149722
2023-02-15,0.0,-0.002085610618142275,0.0001856845447760769
2023-02-16,0.0,-0.003135010279429862,0.0001875778780984216
2023-02-17,0.0,0.002096767100719932,0.0001875778780984216
2023-02-21,0.0,-0.009414194243514307,0.0001883349596127903
2023-02-22,0.0,0.00211169863823879,0.0001875778780984216
2023-02-23,0.0,0.003161551517585348,0.0001875778780984216
2023-02-24,0.0,-0.005252195195787124,0.0001883349596127903
2023-02-27,0.0,0.001055849319119284,0.0001894703122542474
2023-02-28,0.0,0.003277048695875084,0.0001890918973153077
2023-03-01,0.0,-0.006321844721035697,0.0001898486912605968
2023-03-02,0.0,-0.003181543234656803,0.0001902270343414614
2023-03-03,0.0,0.007446687349378367,0.0001902270343414614
2023-03-06,0.0,-0.001055771505677816,0.0001909836127538256
2023-03-07,0.0,-0.00211434052052184,0.0001951422282697735
2023-03-08,0.0,0.0,0.000195897874124773
2023-03-09,0.0,0.003177947120102997,0.0001955200691088343
2023-03-10,1.0,0.0116160867064361,0.0001940084907445794
2023-03-13,1.0,0.007306432780952443,0.0001887134464371165
2023-03-14,1.0,-0.006217690502681616,0.0001890918973153077
2023-03-15,1.0,0.009384943901103782,0.00018416923014275
2023-03-16,1.0,-0.005165331758429148,0.0001837903114307871
2023-03-17,1.0,0.00830717469346709,0.0001754449706703465
2023-03-20,1.0,-0.004119808067176489,0.000186441986059771
2023-03-21,1.0,-0.004135965406598441,0.0001853057701362015
2023-03-22,1.0,0.009345738287310557,0.0001856845447760769
2023-03-23,1.0,0.003086070969829713,0.0001834113566834272
2023-03-24,1.0,0.001025891489602637,0.0001837903114307871
2023-03-27,1.0,-0.01024576857195003,0.0001902270343414614
2023-03-28,1.0,-0.00103522743418083,0.0001860632834149722
2023-03-29,1.0,0.0,0.0001860632834149722
2023-03-30,1.0,0.001036300240619958,0.0001924963387716083
2023-03-31,1.0,0.00757508086432912,0.0001879564368354458
2023-04-03,1.0,0.004119017247889767,0.0001898486912605968
2023-04-04,1.0,0.004102996876854448,0.0001890918973153077
2023-04-05,1.0,0.002042897353408346,0.0001883349596127903
2023-04-06,1.0,0.0,0.0001902270343414614
2023-04-10,1.0,-0.007135563513112841,0.0001966533767139289
2023-04-11,1.0,0.001026253627086637,0.0001951422282697735
2023-04-12,1.0,0.001025858760992593,0.0001943864390943073
2023-04-13,1.0,-0.002048958329457728,0.0001974087360914201
2023-04-14,1.0,-0.004106988283887669,0.000198919025429678
2023-04-17,1.0,-0.005154521123032496,0.0002015606551915017
2023-04-18,1.0,0.001036378386574555,0.0002011833867092694
2023-04-19,1.0,-0.001035305418415344,0.0001996739554988025
2023-04-20,1.0,0.00414518151563148,0.0001981639523118695
2023-04-21,1.0,-0.002064530948289955,0.000198919025429678
2023-04-24,1.0,0.004137051868162267,0.0002011833867092694
2023-04-25,1.0,0.007208830148724754,0.0001981639523118695
2023-04-26,1.0,-0.004089754885537089,0.0001996739554988025
2023-04-27,1.0,-0.005133461219367863,0.000200428742574088
2023-04-28,1.0,0.007551393109243465,0.0001974087360914201
2023-05-01,1.0,-0.009240505290563972,0.0002038235163144275
2023-05-02,1.0,0.009326688605970856,0.0002026922463773673
2023-05-03,1.0,0.004106757536558092,0.0002034464620184195
2023-05-04,1.0,-0.002044817109309038,0.0002034464620184195
2023-05-05,1.0,-0.0030742200340238,0.0002034464620184195
2023-05-08,1.0,-0.005138477950942688,0.0002053313768257681
2023-05-09,1.0,-0.001033576031074679,0.000204577517891158
2023-05-10,1.0,0.00620500766177523,0.0002026922463773673
2023-05-11,1.0,0.002055325476541636,0.0002011833867092694
2023-05-12,1.0,-0.004102219556718079,0.0002030693720416199
2023-05-15,1.0,-0.003089502407408795,0.0002015606551915017
2023-05-16,1.0,-0.002066271486190985,0.0002023150850187783
2023-05-17,0.0,-0.002069888004786136,0.0002034464620184195
2023-05-18,0.0,-0.005187111249886023,0.0002053313768257681
2023-05-19,0.0,-0.002085885276309818,0.000204577517891158
2023-05-22,0.0,-0.001044343283430837,0.0002087219782871408
2023-05-23,0.0,0.001045435076531209,0.0002064618978925292
2023-05-24,0.0,-0.002089688601995099,0.0002075920983188873
2023-05-25,0.0,-0.005235328717592136,0.0002079687605724967
2023-05-26,0.0,0.001052823073234066,0.0002064618978925292
2023-05-30,0.0,0.007360442063478301,0.0002143665776215276
2023-05-31,1.0,0.005650915181774074,0.0002132382972168667
2023-06-01,1.0,0.002080974412729697,0.0002124859327639061
2023-06-02,0.0,-0.005191742744020567,0.0002124859327639061
2023-06-05,1.0,0.0,0.0002109807775771966
2023-06-06,1.0,0.001043523448158279,0.0002102279867355339
2023-06-07,1.0,-0.005213618957300548,0.0002094750536569823
2023-06-08,0.0,0.004193044250169642,0.0002079687605724967
2023-06-09,1.0,-0.002087601607909217,0.0002075920983188873
2023-06-12,1.0,0.002091968805350897,0.0002087219782871408
2023-06-13,1.0,-0.005219392317887928,0.0002072154004588711
2023-06-14,0.0,0.001049333156529997,0.0002072154004588711
2023-06-15,1.0,0.006289176448988298,0.0002060850931726588
2023-06-16,1.0,-0.003125156379601313,0.0002064618978925292
2023-06-20,1.0,0.002090006085994744,0.0002083453872263608
2023-06-21,1.0,0.001042768122127447,0.0002087219782871408
2023-06-22,0.0,-0.005208298736076422,0.0002087219782871408
2023-06-23,1.0,0.003141629636488341,0.0002090985337617202
2023-06-26,1.0,0.002087379723272109,0.0002124859327639061
2023-06-27,0.0,-0.003125156379601313,0.0002102279867355339
2023-06-28,1.0,0.003134953599843726,0.0002102279867355339
2023-06-29,0.0,-0.00729155180377361,0.0002109807775771966
2023-06-30,0.0,0.004628709036945455,0.0002098515379793664
2023-07-03,1.0,-0.002094325461462598,0.0002102279867355339
2023-07-05,0.0,-0.00419755297557034,0.0002102279867355339
2023-07-06,0.0,-0.006322143914262002,0.0002109807775771966
2023-07-07,0.0,-0.001060600729019701,0.0002109807775771966
2023-07-10,0.0,0.0,0.000211733426235261
2023-07-11,0.0,0.005307958730632167,0.0002121096972624859
2023-07-12,0.0,0.007391727171963458,0.0002113571196757924
2023-07-13,0.0,0.006289563278853993,0.0002113571196757924
2023-07-14,1.0,-0.004166834615913384,0.0002121096972624859
2023-07-17,0.0,0.001046067444014698,0.0002121096972624859
2023-07-18,0.0,0.001044974330387749,0.0002121096972624859
2023-07-19,1.0,0.003131539833844066,0.0002121096972624859
2023-07-20,0.0,-0.006243527811642169,0.0002121096972624859
2023-07-21,0.0,0.001047051720158843,0.0002124859327639061
2023-07-24,0.0,-0.002092134888029284,0.0002128621327464053
2023-07-25,0.0,-0.001048149419522804,0.0002128621327464053
2023-07-26,0.0,0.003147970055460414,0.0002128621327464053
2023-07-27,0.0,-0.008368428657656968,0.0002128621327464053
2023-07-28,0.0,0.003164797609515491,0.0002132382972168667
2023-07-31,0.0,0.003690239698921571,0.0002143665776215276
2023-08-01,0.0,-0.005252055223272101,0.0002139905196476555
2023-08-02,0.0,-0.003168071944508855,0.0002136144261815076
2023-08-03,0.0,-0.006355945017967324,0.0002139905196476555
2023-08-04,0.0,0.0074628707974429,0.0002139905196476555
2023-08-07,0.0,-0.00105837084737137,0.0002147426001102293
2023-08-08,0.0,0.00317814052233345,0.0002151185871201999
2023-08-09,0.0,0.0,0.0002143665776215276
2023-08-10,0.0,-0.00528023156156221,0.0002139905196476555
2023-08-11,0.0,-0.004246069540220554,0.0002139905196476555
2023-08-14,0.0,-0.001066269332261061,0.0002147426001102293
2023-08-15,0.0,-0.00213436356943586,0.0002147426001102293
2023-08-16,0.0,-0.003208506318853055,0.0002147426001102293
2023-08-17,0.0,-0.001072906838967103,0.0002147426001102293
2023-08-18,0.0,0.002148004835935469,0.0002143665776215276
2023-08-21,0.0,-0.004287481578290064,0.0002151185871201999
2023-08-22,0.0,0.0,0.0002151185871201999
2023-08-23,0.0,0.009688258451290066,0.0002151185871201999
2023-08-24,0.0,-0.003198357095278936,0.0002154945386581009
2023-08-25,0.0,0.0,0.000216622180507331
2023-08-28,0.0,0.00213892882118949,0.0002154945386581009
2023-08-29,0.0,0.006403542091107495,0.0002147426001102293
2023-08-30,0.0,-0.001060615778338825,0.0002147426001102293
2023-08-31,0.0,0.004789680484052816,0.0002147426001102293
2023-09-01,1.0,-0.005295915285016717,0.0002136144261815076
2023-09-05,0.0,-0.005325234391959976,0.0002143665776215276
2023-09-06,0.0,-0.001070590796306337,0.0002143665776215276
2023-09-07,0.0,0.00214347637869583,0.0002136144261815076
2023-09-08,0.0,0.001069671431313868,0.0002143665776215276
2023-09-11,0.0,-0.002136831581032284,0.0002143665776215276
2023-09-12,0.0,0.001070590796306448,0.0002147426001102293
2023-09-13,0.0,0.001069671431313868,0.0002143665776215276
2023-09-14,0.0,-0.002136831581032284,0.0002143665776215276
2023-09-15,0.0,-0.00214140740800961,0.0002147426001102293
2023-09-18,0.0,0.001073114587230029,0.0002143665776215276
2023-09-19,0.0,-0.003215553654161596,0.0002139905196476555
2023-09-20,0.0,0.0,0.0002147426001102293
2023-09-21,0.0,-0.006451286623068486,0.0002151185871201999
2023-09-22,0.0,0.003246416786730988,0.0002147426001102293
2023-09-25,0.0,-0.006472164618431475,0.0002154945386581009
2023-09-26,0.0,-0.001085587483626305,0.0002154945386581009
2023-09-27,0.0,-0.004348329942128859,0.0002154945386581009
2023-09-28,0.0,0.002183372430263342,0.0002147426001102293
2023-09-29,0.0,0.00273082269652325,0.0002143665776215276
2023-10-02,0.0,-0.007625181854039931,0.0002169979902246766
2023-10-03,0.0,-0.007684002899005171,0.0002169979902246766
2023-10-04,0.0,0.006637488582982076,0.000216622180507331
2023-10-05,0.0,0.0,0.000216622180507331
2023-10-06,0.0,-0.0043959307852105,0.0002173737645034812
2023-10-09,0.0,0.008830216310699246,0.0002173737645034812
2023-10-10,0.0,0.0,0.000216622180507331
2023-10-11,0.0,0.004376232911830424,0.000216622180507331
2023-10-12,0.0,-0.007625181854039931,0.0002173737645034812
2023-10-13,0.0,0.004390528962229689,0.0002169979902246766
2023-10-16,0.0,-0.005464055665117429,0.000216622180507331
2023-10-17,0.0,-0.00659372282302495,0.0002169979902246766
2023-10-18,0.0,-0.004424643377792248,0.000216622180507331
2023-10-19,0.0,-0.004444892125069266,0.000216246335345005
2023-10-20,0.0,0.003348963865886567,0.0002154945386581009
2023-10-23,0.0,0.003336498918717457,0.0002154945386581009
2023-10-24,0.0,0.003326103282345283,0.0002154945386581009
2023-10-25,0.0,-0.00773494723557655,0.0002158704547308155
2023-10-26,0.0,0.006681603420860993,0.0002158704547308155
2023-10-27,0.0,0.0,0.0002158704547308155
2023-10-30,0.0,-0.002212496194327396,0.000216246335345005
2023-10-31,0.0,0.001779238478935241,0.0002158704547308155
2023-11-01,0.0,0.008878879017518937,0.0002151185871201999
2023-11-02,0.0,0.005500648919908757,0.0002139905196476555
2023-11-03,0.0,0.00656476055168409,0.0002136144261815076
2023-11-06,1.0,-0.004348495619987736,0.0002147426001102293
2023-11-07,1.0,0.0043674876207771,0.0002143665776215276
2023-11-08,1.0,0.004347925699198729,0.0002139905196476555
2023-11-09,1.0,-0.008658773614862891,0.0002139905196476555
2023-11-10,0.0,0.002183858292370777,0.0002136144261815076
2023-11-13,1.0,0.0,0.0002143665776215276
2023-11-14,1.0,0.01089286989202165,0.0002132382972168667
2023-11-15,1.0,-0.005387464415795296,0.0002136144261815076
2023-11-16,1.0,0.005416646405558057,0.0002128621327464053
2023-11-17,1.0,0.002155392572088299,0.0002124859327639061
2023-11-20,1.0,0.001075265664814307,0.0002139905196476555
2023-11-21,1.0,0.001073998072998572,0.0002136144261815076
2023-11-22,1.0,0.0,0.0002139905196476555
2023-11-24,1.0,-0.004291945937571096,0.0002139905196476555
2023-11-27,1.0,0.006465951713059193,0.0002121096972624859
2023-11-28,1.0,0.003211756785826969,0.0002113571196757924
2023-11-29,1.0,0.005336275684485026,0.0002106043999325902
2023-11-30,1.0,-0.0004252505777897486,0.0002106043999325902
2023-12-01,1.0,0.007454294792172744,0.0002098515379793664
2023-12-04,1.0,-0.003171107130491846,0.0002109807775771966
2023-12-05,1.0,0.006362500978667196,0.0002106043999325902
2023-12-06,1.0,0.003161082649319136,0.0002106043999325902
2023-12-07,1.0,-0.001050373897736323,0.0002102279867355339
2023-12-08,1.0,-0.00420580340829857,0.0002102279867355339
2023-12-11,1.0,0.0,0.0002113571196757924
2023-12-12,1.0,0.002111728235826282,0.0002109807775771966
2023-12-13,1.0,0.01159085677285043,0.0002102279867355339
2023-12-14,1.0,0.008333621099000599,0.0002098515379793664
2023-12-15,1.0,-0.001032904171966997,0.0002102279867355339
2023-12-18,1.0,-0.002068268766578618,0.0002109807775771966
2023-12-19,1.0,0.00103622349960264,0.0002098515379793664
2023-12-20,1.0,0.003105452555892674,0.0002102279867355339
2023-12-21,1.0,-0.001031946192024624,0.0002094750536569823
2023-12-22,1.0,0.0,0.0002102279867355339
2023-12-26,1.0,0.0,0.0002106043999325902
2023-12-27,1.0,0.006198505362491558,0.0002102279867355339
2023-12-28,1.0,-0.00308048239381542,0.0002106043999325902
2023-12-29,1.0,0.002788443001752183,0.0002087219782871408
2024-01-02,1.0,-0.005149177838129293,0.0002109807775771966
2024-01-03,1.0,0.0,0.000211733426235261
2024-01-04,1.0,-0.005176368881245175,0.000211733426235261
2024-01-05,1.0,-0.002080496506389307,0.0002113571196757924
2024-01-08,1.0,0.004170755429354855,0.0002121096972624859
2024-01-09,1.0,-0.001038628849646228,0.0002113571196757924
2024-01-10,1.0,-0.001039708721119248,0.0002109807775771966
2024-01-11,1.0,0.004162946326836225,0.0002109807775771966
2024-01-12,1.0,0.002072519822293728,0.0002106043999325902
2024-01-16,1.0,-0.006205347167281716,0.0002106043999325902
2024-01-17,1.0,-0.003121287346822155,0.0002113571196757924
2024-01-18,0.0,-0.002087337238041886,0.0002106043999325902
2024-01-19,0.0,0.0,0.0002106043999325902
2024-01-22,0.0,0.002091703328289896,0.0002109807775771966
2024-01-23,0.0,-0.002087337238041886,0.0002106043999325902
2024-01-24,0.0,-0.002092357837806036,0.0002102279867355339
2024-01-25,0.0,0.004192834075336105,0.0002102279867355339
2024-01-26,0.0,-0.001044049619299048,0.0002102279867355339
2024-01-29,0.0,0.003134659597500367,0.0002094750536569823
2024-01-30,0.0,0.001041548983653273,0.0002094750536569823
2024-01-31,0.0,0.008035499963755077,0.0002094750536569823
2024-02-01,1.0,0.005175712411332078,0.0002094750536569823
2024-02-02,1.0,-0.009268697774951318,0.0002098515379793664
2024-02-05,0.0,-0.007276430190612859,0.0002094750536569823
2024-02-06,0.0,0.004188654762985911,0.0002102279867355339
2024-02-07,0.0,-0.002085699996660084,0.0002098515379793664
2024-02-08,0.0,-0.002089841903546885,0.0002102279867355339
2024-02-09,0.0,-0.002094436273885281,0.0002102279867355339
2024-02-12,0.0,0.001049525192969414,0.0002098515379793664
2024-02-13,0.0,-0.009433861484525075,0.0002106043999325902
2024-02-14,0.0,0.004232868629320929,0.0002098515379793664
2024-02-15,0.0,0.002107239534838046,0.0002098515379793664
2024-02-16,0.0,-0.003154650022367589,0.0002102279867355339
2024-02-20,0.0,0.001055170301568653,0.0002102279867355339
2024-02-21,0.0,-0.003161078463935207,0.0002102279867355339
2024-02-22,0.0,0.0,0.0002106043999325902
2024-02-23,0.0,0.004228063471738874,0.0002109807775771966
2024-02-26,0.0,-0.002105459504440854,0.0002113571196757924
2024-02-27,0.0,-0.002109243638482527,0.0002106043999325902
2024-02-28,0.0,0.003171102567969708,0.0002106043999325902
2024-02-29,0.0,0.00380409882745214,0.0002106043999325902
2024-03-01,0.0,0.003157068066256485,0.0002094750536569823
2024-03-04,0.0,-0.00104893529639527,0.000211733426235261
2024-03-05,0.0,0.004201998784489014,0.0002113571196757924
2024-03-06,0.0,0.002091936735945099,0.0002113571196757924
2024-03-07,0.0,0.001043784836129547,0.0002113571196757924
2024-03-08,0.0,0.001042588344249529,0.0002109807775771966
2024-03-11,0.0,-0.001041502485897183,0.000211733426235261
2024-03-12,0.0,-0.003128089456048144,0.000211733426235261
2024-03-13,0.0,-0.001046076848408961,0.000211733426235261
2024-03-14,0.0,-0.006282925032434328,0.000211733426235261
2024-03-15,0.0,-0.00105390245522996,0.000211733426235261
2024-03-18,0.0,-0.001054576753715231,0.000211733426235261
2024-03-19,0.0,0.002111818165491108,0.000211733426235261
2024-03-20,0.0,0.002107586349187507,0.0002113571196757924
2024-03-21,0.0,0.0,0.000211733426235261
2024-03-22,0.0,0.003154839707316448,0.0002109807775771966
2024-03-25,0.0,-0.001049030717358734,0.0002109807775771966
2024-03-26,0.0,0.001050132338439091,0.0002109807775771966
2024-03-27,0.0,0.002096322109175652,0.0002106043999325902
2024-03-28,0.0,0.001888210476346242,0.0002109807775771966
2024-04-01,0.0,-0.007330176149874745,0.0002102279867355339
2024-04-02,0.0,-0.001054433162277491,0.0002094750536569823
2024-04-03,0.0,0.001055546165158239,0.0002094750536569823
2024-04-04,0.0,0.002110175230932043,0.0002090985337617202
2024-04-05,0.0,-0.005263132115457148,0.0002098515379793664
2024-04-08,0.0,-0.001058436575488764,0.0002098515379793664
2024-04-09,0.0,0.003178126463012632,0.0002098515379793664
2024-04-10,0.0,-0.01055993846887604,0.0002106043999325902
2024-04-11,0.0,-0.001067142698387813,0.0002106043999325902
2024-04-12,0.0,0.002136786364779875,0.0002106043999325902
2024-04-15,0.0,-0.00639658049444769,0.0002106043999325902
2024-04-16,0.0,-0.003219157442816312,0.0002106043999325902
2024-04-17,0.0,0.005382552706620025,0.0002106043999325902
2024-04-18,0.0,-0.003212152996084905,0.0002109807775771966
2024-04-19,0.0,0.001074131035101011,0.0002106043999325902
2024-04-22,0.0,0.0,0.0002094750536569823
2024-04-23,0.0,0.001072978515577416,0.0002106043999325902
2024-04-24,0.0,-0.002143656933320415,0.0002109807775771966
2024-04-25,0.0,-0.00322261523973244,0.0002113571196757924
2024-04-26,0.0,0.002155430327252406,0.0002109807775771966
2024-04-29,0.0,0.003225858099602297,0.0002106043999325902
2024-04-30,0.0,-0.001397444435541129,0.0002109807775771966
2024-05-01,0.0,0.003229196840501158,0.0002109807775771966
2024-05-02,0.0,0.004291773799680598,0.0002109807775771966
2024-05-03,0.0,0.004273433191076537,0.0002106043999325902
2024-05-06,0.0,0.001064168645392938,0.0002106043999325902
2024-05-07,0.0,0.002125526944195988,0.0002106043999325902
2024-05-08,0.0,-0.002121018661880969,0.0002106043999325902
2024-05-09,0.0,0.002125526944195988,0.0002109807775771966
2024-05-10,0.0,-0.002121018661880969,0.0002113571196757924
2024-05-13,0.0,0.0,0.0002106043999325902
2024-05-14,0.0,0.003188016494062751,0.0002102279867355339
2024-05-15,0.0,0.006356098348430095,0.0002106043999325902
2024-05-16,0.0,-0.00210539019612499,0.0002106043999325902
2024-05-17,0.0,-0.003164476424672436,0.0002109807775771966
2024-05-20,0.0,-0.001058319515171879,0.0002106043999325902
2024-05-21,0.0,0.002118663042578461,0.0002106043999325902
2024-05-22,0.0,-0.001056982909966142,0.0002106043999325902
2024-05-23,0.0,-0.003174631230201563,0.0002109807775771966
2024-05-24,0.0,0.0,0.0002109807775771966
2024-05-28,0.0,-0.003184632157801737,0.0002109807775771966
2024-05-29,0.0,-0.004260327533541552,0.0002109807775771966
2024-05-30,0.0,0.004278555581689991,0.0002109807775771966
2024-05-31,0.0,0.006195043284598301,0.0002109807775771966
2024-06-03,0.0,0.005307899068291322,0.0002132382972168667
2024-06-04,0.0,0.003168032967950207,0.0002132382972168667
2024-06-05,0.0,0.003157487194214381,0.0002128621327464053
2024-06-06,0.0,0.0,0.0002128621327464053
2024-06-07,0.0,-0.00839407484176502,0.0002132382972168667
2024-06-10,0.0,-0.001058318241048739,0.0002132382972168667
2024-06-11,0.0,0.003177882815475819,0.0002132382972168667
2024-06-12,0.0,0.004223899223878114,0.0002128621327464053
2024-06-13,0.0,0.005257449990828222,0.0002128621327464053
2024-06-14,0.0,0.001045926237200012,0.0002128621327464053
2024-06-17,0.0,-0.004179763337228248,0.0002132382972168667
2024-06-18,0.0,0.004197307087507651,0.0002124859327639061
2024-06-20,0.0,-0.003134500255542183,0.0002124859327639061
2024-06-21,0.0,0.0,0.0002121096972624859
2024-06-24,0.0,0.001048226500540927,0.0002124859327639061
2024-06-25,0.0,0.0,0.0002121096972624859
2024-06-26,0.0,-0.004188515489229716,0.0002124859327639061
2024-06-27,0.0,0.001051533235552071,0.0002121096972624859
2024-06-28,0.0,-0.001264552858925017,0.000211733426235261
2024-07-01,0.0,-0.006328823788255722,0.0002113571196757924
2024-07-02,0.0,0.003184947272431904,0.0002113571196757924
2024-07-03,0.0,0.005290669582066476,0.0002113571196757924
2024-07-05,1.0,0.004210692124156479,0.0002109807775771966
2024-07-08,1.0,0.0,0.0002109807775771966
2024-07-09,1.0,-0.001048474007803946,0.0002109807775771966
2024-07-10,1.0,0.001049574459343949,0.0002109807775771966
2024-07-11,1.0,0.005241080799539111,0.0002102279867355339
2024-07-12,1.0,0.002085160030421251,0.0002098515379793664
2024-07-15,1.0,-0.003121658394220406,0.0002098515379793664
2024-07-16,1.0,0.004175316205899282,0.0002098515379793664
2024-07-17,1.0,0.0,0.0002098515379793664
2024-07-18,1.0,-0.002078764627184482,0.0002098515379793664
2024-07-19,1.0,-0.003125122779925382,0.0002098515379793664
2024-07-22,1.0,-0.001044437763793593,0.0002098515379793664
2024-07-23,1.0,0.0,0.0002090985337617202
2024-07-24,1.0,-0.002092346051050575,0.0002087219782871408
2024-07-25,0.0,0.00209673314236114,0.0002083453872263608
2024-07-26,1.0,0.003137768593774348,0.0002079687605724967
2024-07-29,1.0,0.00104268689168574,0.0002090985337617202
2024-07-30,1.0,0.001041387297850971,0.0002087219782871408
2024-07-31,1.0,0.009289570745040665,0.0002090985337617202
2024-08-01,1.0,0.003102331281808812,0.0002075920983188873
2024-08-02,1.0,0.01134024484849405,0.000204577517891158
2024-08-05,1.0,-0.00101945665366554,0.0002068386669857869
2024-08-06,1.0,-0.006122564954107901,0.0002064618978925292
2024-08-07,1.0,-0.002052832719259823,0.0002064618978925292
2024-08-08,1.0,-0.002058001669445808,0.0002064618978925292
2024-08-09,1.0,0.003092631242728627,0.0002060850931726588
2024-08-12,1.0,0.001027733794472852,0.0002060850931726588
2024-08-13,1.0,0.004106609655542215,0.0002057082528192922
2024-08-14,1.0,0.001022897652768862,0.0002057082528192922
2024-08-15,1.0,-0.004085948329130562,0.0002064618978925292
2024-08-16,1.0,0.002051251093382334,0.0002060850931726588
2024-08-19,1.0,0.001023316856090917,0.0002053313768257681
2024-08-20,1.0,0.003067857086883619,0.000204577517891158
2024-08-21,1.0,0.002038704978598149,0.0002034464620184195
2024-08-22,1.0,-0.00406911423374956,0.0002042005349363052
2024-08-23,1.0,0.004085739574808844,0.0002030693720416199
2024-08-26,1.0,-0.001017278558437251,0.0002026922463773673
2024-08-27,1.0,0.0,0.0002023150850187783
2024-08-28,1.0,-0.001018314467911452,0.0002015606551915017
2024-08-29,1.0,-0.00101945665366554,0.0002019378879589695
2024-08-30,1.0,-0.0001023937938099406,0.0002015606551915017
2024-09-03,1.0,0.004094294110721375,0.0002008060825058333
2024-09-04,1.0,0.005096635528869298,0.000200428742574088
2024-09-05,1.0,0.00202835795279066,0.0001992965083419396
2024-09-06,1.0,0.001012229142856702,0.0001985415067551344
2024-09-09,1.0,0.001010999539003299,0.0001977863620929998
2024-09-10,1.0,0.003030449913805855,0.000195897874124773
2024-09-11,1.0,0.0,0.0001974087360914201
2024-09-12,1.0,-0.002013956619852486,0.000195897874124773
2024-09-13,1.0,0.002018020826254574,0.0001924963387716083
2024-09-16,1.0,0.003021396634643292,0.0001921182111008779
2024-09-17,1.0,-0.002008094571833041,0.0001917400475455189
2024-09-18,1.0,-0.003018151445275952,0.0001875778780984216
2024-09-19,1.0,0.0,0.0001860632834149722
2024-09-20,1.0,0.0,0.00018416923014275
2024-09-23,1.0,-0.001009370241589647,0.0001830323658940092
2024-09-24,1.0,0.001010390099288383,0.0001818951772043498
2024-09-25,1.0,-0.003027493875976561,0.0001818951772043498
2024-09-26,1.0,-0.001012022902200149,0.000181516042177865
2024-09-27,1.0,0.00303935083991469,0.000181516042177865
2024-09-30,1.0,-0.000202325008678228,0.0001834113566834272
2024-10-01,1.0,0.003039503666107279,0.0001826533390556495
2024-10-02,1.0,-0.002020298007040067,0.0001818951772043498
2024-10-03,1.0,-0.004048570090329995,0.000181516042177865
2024-10-04,0.0,-0.007113695122720531,0.0001834113566834272
2024-10-07,0.0,-0.003070510156195083,0.0001849269594886849
2024-10-08,0.0,0.00102648189783916,0.00018416923014275
2024-10-09,0.0,-0.003076600538754137,0.00018416923014275
2024-10-10,0.0,0.0,0.00018416923014275
2024-10-11,0.0,0.0,0.0001834113566834272
2024-10-14,0.0,-0.002057919420366816,0.0001834113566834272
2024-10-15,0.0,0.005154622438962253,0.0001834113566834272
2024-10-16,0.0,0.001025741912331402,0.0001830323658940092
2024-10-17,0.0,-0.004098138818336983,0.0001837903114307871
2024-10-18,0.0,0.0,0.0001834113566834272
2024-10-21,0.0,-0.007201934061707327,0.0001834113566834272
2024-10-22,0.0,0.0,0.0001830323658940092
2024-10-23,0.0,-0.002072637375525432,0.0001834113566834272
2024-10-24,0.0,0.001038734807079278,0.0001822742761612428
2024-10-25,0.0,-0.002075103135998346,0.0001834113566834272
2024-10-28,0.0,-0.001039392248068816,0.0001822742761612428
2024-10-29,0.0,0.0,0.0001822742761612428
2024-10-30,0.0,0.0,0.0001811368710749051
2024-10-31,0.0,0.001983158534384799,0.0001799991412381186
2024-11-01,0.0,-0.004166635014125508,0.000178861086465476
2024-11-04,0.0,0.004184068500440841,0.0001803784206118042
2024-11-05,0.0,0.001041790639119577,0.0001799991412381186
2024-11-06,0.0,-0.007284207295569112,0.0001799991412381186
2024-11-07,0.0,0.007337656305159479,0.0001796198257604242
2024-11-08,0.0,0.002081096685781159,0.0001796198257604242
2024-11-11,0.0,-0.002076774716801011,0.0001796198257604242
2024-11-12,0.0,-0.006243500854677619,0.0001796198257604242
2024-11-13,0.0,0.0,0.0001784816626344554
2024-11-14,0.0,-0.001047244915415968,0.000178861086465476
2024-11-15,0.0,0.0,0.0001784816626344554
2024-11-18,0.0,0.001048342787069334,0.0001796198257604242
2024-11-19,0.0,0.001047032793699332,0.0001792404741718379
2024-11-20,0.0,-0.001045937662666252,0.0001792404741718379
2024-11-21,0.0,0.0,0.0001796198257604242
2024-11-22,0.0,0.0,0.0001796198257604242
2024-11-25,0.0,0.008376898714743897,0.0001792404741718379
2024-11-26,1.0,-0.001038650307845224,0.000178861086465476
2024-11-27,1.0,0.0020792498696518,0.0001784816626344554
2024-11-29,1.0,0.00717916356182835,0.0001777227065709042
2024-12-02,1.0,0.0,0.0001750652214067561
2024-12-03,1.0,-0.002065883134004021,0.0001743056142915478
2024-12-04,1.0,0.003105187494616413,0.0001735458623464137
2024-12-05,1.0,0.0,0.0001731659320451939
2024-12-06,1.0,0.002064376791439893,0.0001716458484881667
2024-12-09,1.0,-0.00308982188128426,0.0001716458484881667
2024-12-10,1.0,-0.001032993727864917,0.0001712657369763448
2024-12-11,1.0,-0.002068332673860418,0.0001701251848353902
2024-12-12,1.0,-0.004145134435109665,0.0001689843061407625
2024-12-13,0.0,-0.004162177930085442,0.0001686039406427753
2024-12-16,0.0,0.001044761614227951,0.0001697449282302976
2024-12-17,0.0,0.0,0.0001701251848353902
2024-12-18,0.0,-0.007306647282343759,0.0001693646353342348
2024-12-19,0.0,-0.003154802584325878,0.0001689843061407625
2024-12-20,0.0,0.00210989341560297,0.0001686039406427753
2024-12-23,0.0,-0.003157910961324895,0.0001693646353342348
2024-12-24,0.0,0.001055793926428406,0.0001708855892015304
2024-12-26,0.0,0.0,0.0001689843061407625
2024-12-27,0.0,-0.002109573847760893,0.0001674626262520018
2024-12-30,0.0,0.004228387358754082,0.0001697449282302976
2024-12-31,0.0,0.001055755071626585,0.0001697449282302976
2025-01-02,0.0,0.001055172559524475,0.0001693646353342348
2025-01-03,0.0,-0.002107590316434482,0.0001686039406427753
2025-01-06,0.0,-0.001055967668298186,0.0001689843061407625
2025-01-07,0.0,-0.00317103892280024,0.0001689843061407625
2025-01-08,0.0,0.001060233133865385,0.0001689843061407625
2025-01-10,0.0,-0.006355941014427602,0.0001693646353342348
2025-01-13,0.0,-0.001066314204891339,0.0001697449282302976
2025-01-14,0.0,0.0,0.0001693646353342348
2025-01-15,0.0,0.008538008064551628,0.0001689843061407625
2025-01-16,0.0,0.002116511795966058,0.0001686039406427753
2025-01-17,0.0,0.0,0.0001686039406427753
2025-01-21,0.0,0.002112041634932282,0.0001693646353342348
2025-01-22,0.0,-0.001054060343973484,0.0001693646353342348
2025-01-23,0.0,-0.002109495629215474,0.0001693646353342348
2025-01-24,0.0,0.001057083914734802,0.0001689843061407625
2025-01-27,0.0,0.005279944639826617,0.0001678431007052783
2025-01-28,0.0,0.0,0.0001674626262520018
2025-01-29,0.0,-0.001050527240959109,0.0001674626262520018
2025-01-30,0.0,0.001051632009032133,0.0001670821154662328
2025-01-31,0.0,0.002107398883977485,0.0001674626262520018
2025-02-03,0.0,0.0,0.0001686039406427753
2025-02-04,0.0,0.001051378029069294,0.0001682235388331677
2025-02-05,0.0,0.005252001412451746,0.0001682235388331677
2025-02-06,0.0,-0.001044681717577101,0.0001686039406427753
2025-02-07,0.0,-0.003138162382714915,0.0001689843061407625
2025-02-10,0.0,0.0,0.0001689843061407625
2025-02-11,0.0,-0.002098553903668421,0.0001689843061407625
2025-02-12,0.0,-0.00525783980434491,0.0001689843061407625
2025-02-13,0.0,0.006342566029545971,0.0001686039406427753
2025-02-14,0.0,0.00315145382389681,0.0001686039406427753
2025-02-18,0.0,-0.004188527666642683,0.0001686039406427753
2025-02-19,0.0,0.001051378029069294,0.0001686039406427753
2025-02-20,0.0,0.001050484607965751,0.0001682235388331677
2025-02-21,0.0,0.004197107807336398,0.0001678431007052783
2025-02-24,0.0,0.001045101142134852,0.0001674626262520018
2025-02-25,0.0,0.006263012809575086,0.0001670821154662328
2025-02-26,1.0,0.002074711904844984,0.0001674626262520018
2025-02-27,1.0,-0.002070416387318197,0.0001678431007052783
2025-02-28,0.0,0.00707469368826863,0.0001678431007052783
2025-03-03,0.0,0.002065822056293909,0.0001689843061407625
2025-03-04,0.0,-0.003092654301344533,0.0001686039406427753
2025-03-05,1.0,-0.003102351953825577,0.0001689843061407625
2025-03-06,1.0,-0.001037300900294968,0.0001686039406427753
2025-03-07,1.0,-0.00103868971116361,0.0001686039406427753
2025-03-10,0.0,0.004158350779837283,0.0001682235388331677
2025-03-11,1.0,-0.003105666619366065,0.0001686039406427753
2025-03-12,0.0,-0.003115134032221079,0.0001689843061407625
2025-03-13,0.0,0.003124868416170434,0.0001686039406427753
2025-03-14,0.0,-0.002076963821763034,0.0001682235388331677
2025-03-17,0.0,0.0,0.0001686039406427753
2025-03-18,0.0,0.001040435056570699,0.0001686039406427753
2025-03-19,0.0,0.003118581070574722,0.0001682235388331677
2025-03-20,1.0,0.001036537184021524,0.0001682235388331677
2025-03-21,1.0,-0.001035463887199772,0.0001682235388331677
2025-03-24,0.0,-0.005181026962927437,0.0001682235388331677
2025-03-25,0.0,0.001041414355759329,0.0001682235388331677
2025-03-26,0.0,-0.002081078345915421,0.0001682235388331677
2025-03-27,0.0,-0.001042813465867543,0.0001682235388331677
2025-03-28,0.0,0.005219301420114064,0.0001682235388331677
2025-03-31,0.0,0.005312829818010512,0.0001678431007052783
2025-04-01,1.0,0.00310921312641077,0.0001678431007052783
2025-04-02,1.0,-0.001033191961461788,0.0001678431007052783
2025-04-03,1.0,0.005170683932121056,0.0001674626262520018
2025-04-04,1.0,0.001028632406281593,0.0001663209848699054
2025-04-07,1.0,-0.01130537952383026,0.0001667015683410877
2025-04-08,0.0,-0.005197352597224869,0.0001674626262520018
2025-04-09,0.0,-0.00208971910723621,0.0001689843061407625
2025-04-10,0.0,-0.005235864544248958,0.0001686039406427753
2025-04-11,0.0,-0.002105222269814244,0.0001686039406427753
2025-04-14,0.0,0.006329201150472974,0.0001682235388331677
2025-04-15,0.0,0.001048354351297576,0.0001682235388331677
2025-04-16,0.0,0.003141247200145303,0.0001682235388331677
2025-04-17,0.0,-0.002087745918385897,0.0001686039406427753
2025-04-21,0.0,-0.005230284300665411,0.0001686039406427753
2025-04-22,0.0,0.001051766546209976,0.0001682235388331677
2025-04-23,0.0,0.002100799179501456,0.0001682235388331677
2025-04-24,0.0,0.005241039957480487,0.0001678431007052783
2025-04-25,0.0,0.003128145604211374,0.0001678431007052783
2025-04-28,0.0,0.002079169120269286,0.0001678431007052783
2025-04-29,0.0,0.003112127530911835,0.0001674626262520018
2025-04-30,0.0,0.002074709338543812,0.0001674626262520018
2025-05-01,0.0,-0.003105620747448579,0.0001674626262520018
2025-05-02,0.0,-0.005192159457215406,0.0001682235388331677
2025-05-05,0.0,-0.001043955519337558,0.0001682235388331677
2025-05-06,0.0,0.002089885219423104,0.0001682235388331677
2025-05-07,0.0,0.0,0.0001686039406427753
2025-05-08,0.0,-0.004170846065921774,0.0001686039406427753
2025-05-09,0.0,0.001047026666020967,0.0001686039406427753
2025-05-12,0.0,-0.004184038192257766,0.0001716458484881667
2025-05-13,0.0,-0.001050639464503678,0.0001712657369763448
2025-05-14,0.0,-0.002102966201679268,0.0001712657369763448
2025-05-15,0.0,0.004214900744331063,0.0001701251848353902
2025-05-16,0.0,0.001049432889971724,0.0001697449282302976
2025-05-19,0.0,-0.001048332735119839,0.00017050540515684
2025-05-20,0.0,-0.001049119906706197,0.0001701251848353902
2025-05-21,0.0,-0.006302583539153028,0.0001693646353342348
2025-05-22,0.0,0.002114186013686403,0.0001697449282302976
2025-05-23,0.0,0.001054757952609675,0.0001693646353342348
2025-05-27,0.0,0.004214900744331063,0.0001689843061407625
2025-05-28,0.0,-0.002098657124432912,0.0001689843061407625
2025-05-29,0.0,0.003154710670428607,0.0001693646353342348
2025-05-30,0.0,0.005363286530941203,0.0001693646353342348
2025-06-02,0.0,-0.003138068590931686,0.0001724059627510321
2025-06-03,0.0,0.0,0.0001720259237441013
2025-06-04,0.0,0.006295790140744773,0.0001724059627510321
2025-06-05,0.0,-0.002085467050685019,0.0001724059627510321
2025-06-06,0.0,-0.005224511504239304,0.0001720259237441013
2025-06-09,0.0,0.001050348436698156,0.0001724059627510321
2025-06-10,0.0,0.001049454339897116,0.0001727859655156205
2025-06-11,0.0,0.003144439141961941,0.0001727859655156205
2025-06-12,0.0,0.004179547070930933,0.0001731659320451939
2025-06-13,1.0,-0.004162151164223582,0.0001727859655156205
2025-06-16,0.0,-0.002089721758414931,0.0001720259237441013
2025-06-17,0.0,0.003141250531307316,0.0001716458484881667
2025-06-18,0.0,0.001043770176496484,0.0001716458484881667
2025-06-20,0.0,0.0,0.00017050540515684
2025-06-23,0.0,0.002085363712542643,0.0001701251848353902
2025-06-24,1.0,0.0,0.0001701251848353902
2025-06-25,1.0,0.003122154769406915,0.0001701251848353902
2025-06-26,1.0,0.003111923247930415,0.00017050540515684
2025-06-27,1.0,-0.003102269224210308,0.00017050540515684
2025-06-30,1.0,0.007283942050440029,0.0001712657369763448
2025-07-01,1.0,-0.00103303855707737,0.0001708855892015304
2025-07-02,1.0,-0.001034106829303827,0.0001712657369763448
2025-07-03,1.0,-0.003105429669662652,0.0001716458484881667
2025-07-07,1.0,-0.003115308581435494,0.0001716458484881667
2025-07-08,1.0,-0.001041852868023385,0.0001716458484881667
2025-07-09,1.0,0.004171242747249559,0.0001716458484881667
2025-07-10,1.0,0.0,0.0001716458484881667
2025-07-11,1.0,-0.004153915756278548,0.0001712657369763448
2025-07-14,1.0,-0.001042527391325376,0.0001716458484881667
2025-07-15,1.0,-0.002087746398160562,0.0001716458484881667
2025-07-16,1.0,0.00104590209132871,0.0001712657369763448
2025-07-17,0.0,0.0,0.0001712657369763448
2025-07-18,0.0,0.002089825109800048,0.0001708855892015304
2025-07-21,0.0,0.002085569865354575,0.0001712657369763448
2025-07-22,0.0,0.002081332118349266,0.0001712657369763448
2025-07-23,1.0,-0.002077009172448574,0.0001712657369763448
2025-07-24,0.0,-0.001040460454895364,0.0001716458484881667
2025-07-25,0.0,0.001041544140385486,0.0001716458484881667
2025-07-28,0.0,-0.001040460454895364,0.0001708855892015304
2025-07-29,0.0,0.004166485289179622,0.0001708855892015304
2025-07-30,1.0,-0.002074752582295836,0.0001712657369763448
2025-07-31,1.0,0.003232847704426556,0.0001712657369763448
2025-08-01,1.0,0.008316183037713865,0.0001689843061407625
2025-08-04,1.0,0.001031038146583896,0.0001689843061407625
2025-08-05,1.0,0.0,0.0001686039406427753
2025-08-06,1.0,-0.001029976201829763,0.0001678431007052783
2025-08-07,1.0,-0.001031038146584229,0.0001678431007052783
2025-08-08,1.0,-0.002064001317058417,0.0001678431007052783
2025-08-11,1.0,0.00103413511476802,0.0001686039406427753
2025-08-12,1.0,-0.001033066784130732,0.0001682235388331677
2025-08-13,1.0,0.004136744129208392,0.0001667015683410877
2025-08-14,1.0,-0.003089827189951877,0.0001670821154662328
2025-08-15,1.0,-0.002066031838396043,0.0001670821154662328
2025-08-18,1.0,0.0,0.0001682235388331677
2025-08-19,1.0,0.001035103611282118,0.0001670821154662328
2025-08-20,1.0,0.00103413511476802,0.0001670821154662328
2025-08-21,1.0,-0.003099200352392084,0.0001678431007052783
2025-08-22,0.0,0.005181494138980725,0.0001659403650453584
2025-08-25,1.0,-0.001031038146584229,0.0001667015683410877
2025-08-26,1.0,0.001032102283409664,0.0001663209848699054
2025-08-27,1.0,0.0,0.0001655597088607852
2025-08-28,1.0,0.002061873252965807,0.0001655597088607852
2025-08-29,1.0,-0.002057630679303646,0.0001644175220760768
2025-09-02,1.0,-0.002061974773067243,0.0001632750077988909
2025-09-03,0.0,0.003099403812123258,0.0001625131495812671
2025-09-04,1.0,0.003089421527800784,0.0001617511456717402
2025-09-05,1.0,0.00410681147339198,0.0001583203236481534
2025-09-08,1.0,0.004090215934040131,0.00015946425923552
2025-09-09,1.0,-0.002036777108835652,0.00015946425923552
2025-09-10,1.0,0.001020316292021706,0.0001590829838611363
2025-09-11,1.0,0.002038753379100644,0.0001587016720010492
2025-09-12,1.0,-0.002034605320627936,0.0001587016720010492
2025-09-15,1.0,0.002038753379100644,0.0001579389387953434
2025-09-16,1.0,0.001017102305285178,0.0001571760595624472
2025-09-17,1.0,-0.00203213771861166,0.0001564130342466274
2025-09-18,1.0,-0.003055316082516635,0.0001567945651683722
2025-09-19,1.0,0.0,0.0001567945651683722
2025-09-22,1.0,-0.00204251624401941,0.0001556498627912628
2025-09-23,1.0,0.002046696655184199,0.0001556498627912628
2025-09-24,1.0,-0.00204251624401941,0.0001564130342466274
2025-09-25,1.0,-0.00102385229111368,0.0001571760595624472
2025-09-26,1.0,0.0,0.0001564130342466274
2025-09-29,1.0,0.002049197901968336,0.0001571760595624472
2025-09-30,1.0,0.002154154883877046,0.0001564130342466274
2025-10-01,1.0,0.003070562657171649,0.0001560314667898854
2025-10-02,1.0,0.001020487886965071,0.0001564130342466274
2025-10-03,1.0,-0.002038795042611063,0.0001567945651683722
2025-10-06,1.0,-0.002042859951793208,0.0001564130342466274
2025-10-07,1.0,0.002047041771447766,0.0001560314667898854
2025-10-08,1.0,0.0,0.0001560314667898854
2025-10-09,1.0,-0.001021429975896604,0.0001567945651683722
2025-10-10,1.0,0.004089897447437485,0.0001564130342466274
2025-10-13,1.0,0.0,0.0001564130342466274
2025-10-14,1.0,0.002036519198539199,0.0001564130342466274
2025-10-15,1.0,-0.001016239987861378,0.0001567945651683722
2025-10-16,1.0,0.004069294848622285,0.0001564130342466274
2025-10-17,1.0,-0.002026301944251352,0.0001556498627912628
2025-10-20,1.0,0.001015208090252795,0.0001545048314746111
2025-10-21,1.0,0.002028356976093493,0.000154123081238744
2025-10-22,1.0,0.0,0.000154123081238744
2025-10-23,1.0,-0.003036376608464453,0.0001537412944259131
2025-10-24,1.0,0.001015208090252795,0.0001529776110411607
2025-10-27,1.0,0.001014178488046635,0.0001514498050398938
2025-10-28,1.0,0.0,0.0001514498050398938
2025-10-29,1.0,-0.005065854315911777,0.0001529776110411607
2025-10-30,0.0,-0.001018209618432242,0.0001525957144554724
2025-10-31,0.0,0.002147364005616437,0.0001514498050398938
2025-11-03,1.0,-0.001020358442465175,0.0001548865451408421
2025-11-04,0.0,0.001021400637228442,0.000154123081238744
2025-11-05,1.0,-0.004081633468156154,0.000154123081238744
2025-11-06,0.0,0.004098361477527401,0.0001529776110411607
2025-11-07,0.0,-0.001020358442465175,0.0001525957144554724
2025-11-10,0.0,0.0,0.0001537412944259131
2025-11-11,0.0,0.002043001176724735,0.0001537412944259131
2025-11-12,1.0,0.0,0.0001537412944259131
2025-11-13,1.0,-0.003058154001728819,0.000154123081238744
2025-11-14,0.0,-0.002045090032987584,0.0001537412944259131
2025-11-17,0.0,0.001024640498564766,0.0001545048314746111
2025-11-18,0.0,0.0,0.0001533594710290132
2025-11-19,0.0,0.0,0.0001537412944259131
2025-11-20,0.0,0.002047083214398171,0.0001533594710290132
2025-11-21,0.0,0.001021400637228442,0.0001518318114617223
2025-11-24,0.0,0.002040816734077966,0.0001522137812646207
2025-11-25,1.0,0.002036560637900697,0.0001518318114617223
2025-11-26,1.0,0.001016409630682613,0.0001525957144554724
2025-11-28,1.0,0.001120084369423902,0.0001510677619918077
2025-12-01,1.0,-0.004069072419982778,0.0001483924345326848
2025-12-02,0.0,0.001021374536378516,0.0001468628691252416
2025-12-03,0.0,0.001020531464678065,0.0001449500863215381
2025-12-04,1.0,-0.002038783217107265,0.0001445674195510449
2025-12-05,0.0,-0.001021374536378516,0.0001445674195510449
2025-12-08,0.0,-0.002045136833168648,0.0001453327163460916
2025-12-09,0.0,-0.001024614023240056,0.0001453327163460916
2025-12-10,0.0,0.003077094847094175,0.000143801975743596
2025-12-11,0.0,0.0,0.0001426535342601287
2025-12-12,0.0,-0.00306765538053011,0.0001415047616799558
2025-12-15,0.0,0.00102566493391465,0.0001422706468645618
2025-12-16,0.0,0.001024813908925282,0.0001418877226735393
2025-12-17,0.0,0.0,0.0001418877226735393
2025-12-18,0.0,0.002046930438011518,0.0001411217638764839
2025-12-19,0.0,-0.002042749072757255,0.0001411217638764839
2025-12-22,0.0,0.0,0.0001418877226735393
2025-12-23,0.0,0.0,0.0001422706468645618
2025-12-24,0.0,0.002046930438011518,0.000143801975743596
2025-12-26,0.0,0.0,0.0001418877226735393
2025-12-29,0.0,0.001021374536378516,0.0001434191986924294
2025-12-30,0.0,-0.001020332394851775,0.0001422706468645618
2025-12-31,0.0,0.00122991388908944,0.0001430363848669014
2026-01-02,0.0,-0.001023702387315417,0.0001422706468645618
2026-01-05,0.0,0.002049303623278931,0.0001418877226735393
2026-01-06,0.0,-0.001022456870910404,0.0001415047616799558
2026-01-07,0.0,0.001023503358952071,0.0001411217638764839
2026-01-08,0.0,-0.002045112566686047,0.0001411217638764839
2026-01-09,0.0,0.002049303623278931,0.0001411217638764839
2026-01-12,0.0,-0.001022456870910404,0.0001430363848669014
2026-01-13,0.0,0.001023503358952071,0.0001430363848669014
2026-01-14,0.0,0.002044814329387412,0.0001430363848669014
2026-01-15,0.0,-0.001020370402889048,0.0001434191986924294
2026-01-16,0.0,-0.003064337177194898,0.0001430363848669014
2026-01-20,0.0,-0.003073855818759186,0.0001441847160272847
2026-01-21,0.0,0.002055522386568587,0.0001441847160272847
2026-01-22,0.0,0.001025702799871242,0.0001445674195510449
2026-01-23,0.0,0.0,0.0001441847160272847
2026-01-26,0.0,0.001024751427798343,0.0001430363848669014
2026-01-27,0.0,-0.001023702387315417,0.0001430363848669014
2026-01-28,0.0,0.0,0.0001434191986924294
2026-01-29,0.0,0.0,0.0001430363848669014
2026-01-30,0.0,0.003289425186870032,0.0001430363848669014
2026-02-02,0.0,-0.002049038514715606,0.000143801975743596
2026-02-03,0.0,0.001026573100401995,0.000143801975743596
2026-02-04,0.0,-0.00102552032881853,0.000143801975743596
2026-02-05,0.0,0.004106690375285105,0.0001430363848669014
2026-02-06,0.0,0.0,0.0001434191986924294
2026-02-09,0.0,0.0,0.000143801975743596
2026-02-10,0.0,0.003067519920350481,0.000143801975743596
2026-02-11,0.0,-0.002038792273156287,0.0001441847160272847
2026-02-12,0.0,0.004085815892702405,0.0001441847160272847
2026-02-13,0.0,0.002034644257155271,0.0001434191986924294
2026-02-17,0.0,0.0,0.000143801975743596
2026-02-18,0.0,-0.001015305634050945,0.0001441847160272847
2026-02-19,0.0,0.0,0.000143801975743596
2026-02-20,0.0,0.0,0.000143801975743596
2026-02-23,0.0,0.002032576572218669,0.000143801975743596
2026-02-24,0.0,-0.001014177651216253,0.000143801975743596
2026-02-25,0.0,0.0,0.000143801975743596
2026-02-26,0.0,0.001015207251722217,0.0001434191986924294
2026-02-27,0.0,0.004984203045461655,0.0001430363848669014
2026-03-02,0.0,-0.004048522418406808,0.0001449500863215381
2026-03-03,0.0,-0.001016293991169093,0.0001445674195510449
2026-03-04,0.0,-0.001017327895396436,0.0001445674195510449
2026-03-05,0.0,-0.003054993323566735,0.0001441847160272847
2026-03-06,0.0,-0.00102148453383577,0.000143801975743596
2026-03-09,0.0,0.003067587094280455,0.0001445674195510449
2026-03-10,0.0,-0.003058205781692802,0.0001445674195510449
2026-03-11,0.0,-0.005112447566983702,0.0001445674195510449
2026-03-12,0.0,-0.003083251259605846,0.0001449500863215381
2026-03-13,0.0,-0.00103096223640109,0.0001449500863215381
2026-03-16,0.0,0.003096078649371892,0.0001449500863215381
2026-03-17,0.0,0.00102874143937326,0.0001449500863215381
2026-03-18,0.0,-0.003083251259605846,0.0001453327163460916
2026-03-19,0.0,0.00103096223640109,0.0001453327163460916
2026-03-20,0.0,-0.008238905061587531,0.0001457153096315889
2026-03-23,0.0,0.003115268235742263,0.0001457153096315889
2026-03-24,0.0,-0.002070262289569302,0.0001457153096315889
2026-03-25,0.0,0.003111835750559511,0.0001453327163460916
2026-03-26,0.0,-0.005170703457074044,0.0001453327163460916
2026-03-27,0.0,-0.001039435368342723,0.0001453327163460916
2026-03-30,0.0,0.005202986763144901,0.0001445674195510449
2026-03-31,0.0,0.005400906022314578,0.0001441847160272847
2026-04-01,0.0,0.0,0.0001441847160272847
2026-04-02,0.0,0.001032953021977256,0.0001441847160272847
2026-04-06,0.0,-0.001031887131046849,0.0001449500863215381
2026-04-07,0.0,0.001032953021977256,0.0001445674195510449
2026-04-08,0.0,0.002064072409198481,0.000143801975743596
2026-04-09,0.0,0.0,0.0001434191986924294
2026-04-10,0.0,-0.00102986080613976,0.000143801975743596
2026-04-13,0.0,0.00103092251282999,0.0001445674195510449
2026-04-14,0.0,0.00308958241841939,0.0001445674195510449
2026-04-15,0.0,-0.002053278660970048,0.0001445674195510449
2026-04-16,0.0,-0.001028900257705634,0.0001441847160272847
2026-04-17,0.0,0.00308958241841939,0.0001441847160272847
2026-04-20,0.0,0.0,0.0001445674195510449
2026-04-21,0.0,-0.004106755066309642,0.000143801975743596
2026-04-22,0.0,0.00103092251282999,0.000143801975743596
2026-04-23,0.0,-0.00102986080613976,0.000143801975743596
2026-04-24,0.0,0.00103092251282999,0.000143801975743596
2026-04-27,0.0,-0.00205982078993816,0.0001434191986924294
2026-04-28,0.0,0.0,0.0001434191986924294
2026-04-29,0.0,-0.004127846671291957,0.0001434191986924294
2026-04-30,0.0,0.004262414311620777,0.0001434191986924294
2026-05-01,0.0,0.001035244418245984,0.0001434191986924294
2026-05-04,0.0,-0.004136496646430121,0.0001441847160272847
2026-05-05,0.0,0.00207673948113607,0.000143801975743596
2026-05-06,0.0,0.004145070092170577,0.000143801975743596
2026-05-07,0.0,-0.003095920026754961,0.000143801975743596
2026-05-08,0.0,0.002070389465747002,0.000143801975743596
2026-05-11,0.0,-0.002066111809621463,0.0001441847160272847
2026-05-12,0.0,-0.003105534513248465,0.0001441847160272847
2026-05-13,0.0,0.0,0.000143801975743596
2026-05-14,0.0,0.0,0.000143801975743596
2026-05-15,0.0,-0.006230716844934703,0.000143801975743596
2026-05-18,0.0,-0.001044779787282568,0.0001434191986924294
2026-05-19,0.0,-0.003138119532100636,0.0001430363848669014
2026-05-20,0.0,0.005246630303137767,0.0001422706468645618
2026-05-21,0.0,0.001043789248559968,0.0001434191986924294
2026-05-22,0.0,0.0,0.0001434191986924294
2026-05-26,0.0,0.003128202761831123,0.0001434191986924294
2026-05-27,0.0,0.001039648848348396,0.0001434191986924294
2026-05-28,0.0,0.00207673948113607,0.000143801975743596
2026-05-29,0.0,0.004366797023666935,0.000143801975743596
2026-06-01,0.0,-0.001035178950173243,0.0001472453155255682
2026-06-02,0.0,0.0,0.0001468628691252416
2026-06-03,0.0,-0.002072503312148366,0.0001472453155255682
2026-06-04,0.0,0.001038403751288275,0.0001472453155255682
2026-06-05,0.0,-0.004149306349873871,0.0001472453155255682
2026-06-08,0.0,-0.001041748367291429,0.0001480100982222954
2026-06-09,0.0,0.002085469949040464,0.0001476277252221436
2026-06-10,0.0,-0.001040465351139885,0.0001476277252221436
2026-06-11,0.0,0.005208243535314905,0.0001472453155255682
2026-06-12,0.0,-0.001036251656074128,0.0001472453155255682
2026-06-15,0.0,0.001037326587468357,0.0001476277252221436
2026-06-16,0.0,0.001036251656074683,0.0001476277252221436
2026-06-17,0.0,-0.004140814841922968,0.0001491569971134865
2026-06-18,0.0,0.003118549226672762,0.0001491569971134865
2026-06-22,0.0,-0.003108854112085724,0.000149921413020726
2026-06-23,0.0,0.001039582710923082,0.000149921413020726
2026-06-24,0.0,0.004153714354918403,0.000149921413020726
2026-06-25,0.0,0.001034108360546515,0.0001495392233976656
2026-06-26,0.0,0.0,0.0001491569971134865
2026-06-29,0.0,0.0,0.0001506856823105807
2026-06-30,0.0,0.0001035807509799369,0.0001506856823105807
2026-07-01,0.0,-0.002072487552325919,0.000149921413020726
2026-07-02,0.0,0.0,0.0001487747341608614
2026-07-06,0.0,0.001038445354412776,0.0001506856823105807
2026-07-07,0.0,-0.005186741592752786,0.0001503035659893293
2026-07-08,0.0,-0.00104277671769748,0.0001506856823105807
2026-07-09,0.0,0.001043865236062036,0.0001491569971134865
2026-07-10,0.0,-0.00104277671769748,0.000149921413020726
2026-07-13,0.0,-0.003131496159718972,0.0001514498050398938
2026-07-14,0.0,0.002094188868054792,0.0001495392233976656
2026-07-15,0.0,0.00104495602933441,0.0001491569971134865
2026-07-16,0.0,0.0,0.0001495392233976656
2026-07-17,0.0,0.0,0.000149921413020726
2026-07-20,0.0,-0.002087630923656714,0.0001503035659893293
2026-07-21,0.0,-0.002092098000605946,0.0001506856823105807
2026-07-22,0.0,-0.002096384084835035,0.0001514498050398938
2026-07-23,0.0,-0.002100888319533811,0.0001537412944259131
2026-07-24,0.0,0.001052655671772262,0.000154123081238744
2026-07-27,0.0,0.001051548753013165,0.000154123081238744
2026-07-28,0.0,0.00315123230343195,0.0001518318114617223
2026-07-29,0.0,-0.004188477597292017,0.0001491569971134865
2026-07-30,0.0,0.0,0.0001487747341608614
2026-07-31,0.0,-0.002103097506026441,0.0001491569971134865
2026-08-03,0.0,0.002107529846790968,0.0001522137812646207
2026-08-04,0.0,0.003154545977831047,0.0001514498050398938
2026-08-05,0.0,0.001048242025348367,0.0001514498050398938
2026-08-06,0.0,-0.003141333232673293,0.0001518318114617223
2026-08-07,0.0,0.002100788143664989,0.0001506856823105807
